physics,chemistry,maths,biology,total,stream,rank
99,33,65,0,197,PCM,16442
45,36,37,0,118,PCM,93154
99,81,47,0,227,PCM,4645
32,98,0,33,163,PCB,65738
65,76,73,0,214,PCM,8105
77,34,0,75,186,PCB,34288
92,53,0,80,225,PCB,7100
40,41,0,40,121,PCB,136907
54,47,0,79,180,PCB,41229
72,45,0,30,147,PCB,94316
67,51,0,21,139,PCB,110838
73,88,43,0,204,PCM,13474
52,97,0,21,170,PCB,55633
62,53,62,0,177,PCM,31352
29,63,0,23,115,PCB,142734
91,78,0,23,192,PCB,27105
52,98,0,52,202,PCB,18713
96,96,46,0,238,PCM,4476
39,46,0,38,123,PCB,135587
96,22,0,73,191,PCB,29363
50,26,48,0,124,PCM,89454
95,100,0,89,284,PCB,171
77,21,0,21,119,PCB,138267
75,82,0,96,253,PCB,1788
47,84,0,71,202,PCB,20909
31,46,32,0,109,PCM,101704
58,25,0,47,130,PCB,125081
33,53,34,0,120,PCM,93213
81,34,49,0,164,PCM,43436
57,95,57,0,209,PCM,9201
81,27,43,0,151,PCM,59929
94,95,0,33,222,PCB,10503
92,35,48,0,175,PCM,31790
96,82,0,73,251,PCB,2104
98,67,70,0,235,PCM,3639
57,88,0,28,173,PCB,52447
23,85,0,90,198,PCB,22601
85,25,0,89,199,PCB,22815
83,96,58,0,237,PCM,4598
94,79,39,0,212,PCM,8956
44,98,46,0,188,PCM,20689
37,86,0,85,208,PCB,15564
68,87,0,98,253,PCB,3253
54,83,0,90,227,PCB,7703
20,25,93,0,138,PCM,73885
37,52,0,90,179,PCB,42468
76,22,0,95,193,PCB,27972
100,59,26,0,185,PCM,24134
33,69,26,0,128,PCM,84417
55,24,0,71,150,PCB,88728
38,74,41,0,153,PCM,56281
20,29,0,54,103,PCB,157323
60,73,45,0,178,PCM,30416
77,39,0,54,170,PCB,57140
61,97,72,0,230,PCM,5521
66,43,0,70,179,PCB,43723
42,26,0,96,164,PCB,66472
52,96,34,0,182,PCM,26331
47,42,0,74,163,PCB,66285
80,67,28,0,175,PCM,32535
71,29,32,0,132,PCM,80842
51,62,0,80,193,PCB,26850
55,28,0,22,105,PCB,154066
93,41,0,81,215,PCB,11710
52,79,0,48,179,PCB,43047
92,24,0,67,183,PCB,39122
92,73,0,43,208,PCB,15168
49,32,37,0,118,PCM,93266
30,59,0,20,109,PCB,151268
92,24,0,75,191,PCB,28820
36,33,49,0,118,PCM,93690
36,63,53,0,152,PCM,56675
34,63,0,25,122,PCB,136591
39,99,32,0,170,PCM,36178
42,34,49,0,125,PCM,86839
87,53,33,0,173,PCM,33372
71,21,20,0,112,PCM,98940
57,53,33,0,143,PCM,67923
99,87,96,0,282,PCM,1
52,72,32,0,156,PCM,52068
44,31,46,0,121,PCM,90313
73,68,0,60,201,PCB,21119
23,31,0,29,83,PCB,169209
29,88,0,43,160,PCB,71904
94,50,0,37,181,PCB,39009
49,77,0,97,223,PCB,10791
87,80,99,0,266,PCM,502
83,36,0,34,153,PCB,85211
77,30,39,0,146,PCM,64114
56,84,0,58,198,PCB,24141
41,31,0,21,93,PCB,162933
85,92,66,0,243,PCM,3004
47,83,0,78,208,PCB,15218
72,98,0,68,238,PCB,3874
36,90,0,53,179,PCB,44014
52,88,43,0,183,PCM,25712
47,25,0,32,104,PCB,155334
63,27,63,0,153,PCM,55866
40,69,44,0,153,PCM,57246
80,64,49,0,193,PCM,18908
100,49,80,0,229,PCM,5007
65,40,81,0,186,PCM,22256
75,87,0,45,207,PCB,15413
73,82,0,29,184,PCB,38304
66,27,56,0,149,PCM,60218
82,50,53,0,185,PCM,24583
92,59,0,25,176,PCB,48430
92,88,0,92,272,PCB,2407
27,93,0,72,192,PCB,27533
93,57,87,0,237,PCM,3597
42,99,0,59,200,PCB,20425
58,69,65,0,192,PCM,18692
37,55,66,0,158,PCM,50188
27,91,52,0,170,PCM,37485
47,57,0,77,181,PCB,39380
59,23,0,66,148,PCB,92717
34,76,0,43,153,PCB,82937
63,73,0,77,213,PCB,11915
78,20,0,37,135,PCB,116939
63,60,0,81,204,PCB,18036
37,94,47,0,178,PCM,30266
72,99,0,79,250,PCB,2082
97,55,98,0,250,PCM,1796
90,91,85,0,266,PCM,413
88,82,45,0,215,PCM,8719
24,97,25,0,146,PCM,65174
33,90,47,0,170,PCM,37718
62,32,0,43,137,PCB,111689
68,41,99,0,208,PCM,9696
24,24,0,32,80,PCB,169744
51,37,21,0,109,PCM,100853
82,36,0,63,181,PCB,38716
38,97,0,93,228,PCB,5816
44,72,0,55,171,PCB,53811
25,50,70,0,145,PCM,66805
53,62,0,58,173,PCB,50442
64,86,87,0,237,PCM,3996
91,59,0,49,199,PCB,21515
94,69,0,81,244,PCB,5249
49,27,59,0,135,PCM,76669
26,49,25,0,100,PCM,106452
78,83,0,57,218,PCB,9612
96,60,0,57,213,PCB,14064
63,42,36,0,141,PCM,69901
61,35,0,93,189,PCB,30176
94,69,0,33,196,PCB,23582
64,99,63,0,226,PCM,6167
91,58,48,0,197,PCM,15614
81,28,0,55,164,PCB,64634
59,65,25,0,149,PCM,61178
47,59,0,91,197,PCB,23417
57,36,96,0,189,PCM,21577
57,64,0,96,217,PCB,9789
93,70,55,0,218,PCM,7071
43,95,24,0,162,PCM,45638
31,23,44,0,98,PCM,107396
22,51,86,0,159,PCM,49744
44,56,42,0,142,PCM,68460
90,31,0,31,152,PCB,87152
59,58,38,0,155,PCM,53600
74,45,0,63,182,PCB,39167
21,64,55,0,140,PCM,72793
54,60,0,79,193,PCB,28712
82,35,90,0,207,PCM,10884
38,85,57,0,180,PCM,26840
85,40,0,93,218,PCB,12906
43,51,20,0,114,PCM,97560
97,52,0,53,202,PCB,18499
46,24,78,0,148,PCM,62784
74,21,0,91,186,PCB,36201
68,47,31,0,146,PCM,65298
23,70,57,0,150,PCM,59862
49,88,47,0,184,PCM,24618
75,64,0,78,217,PCB,13214
38,89,0,33,160,PCB,72676
73,87,77,0,237,PCM,4416
59,77,63,0,199,PCM,14012
40,69,96,0,205,PCM,12805
35,24,63,0,122,PCM,89968
35,64,0,68,167,PCB,60753
100,46,0,62,208,PCB,17106
34,35,86,0,155,PCM,53698
67,93,25,0,185,PCM,23172
66,35,80,0,181,PCM,26526
25,50,55,0,130,PCM,83113
40,56,0,44,140,PCB,108977
98,99,0,50,247,PCB,3936
94,73,89,0,256,PCM,1948
56,62,90,0,208,PCM,10746
55,67,90,0,212,PCM,9305
45,83,0,31,159,PCB,75485
91,26,62,0,179,PCM,29805
89,92,0,33,214,PCB,12086
64,50,52,0,166,PCM,40232
39,36,87,0,162,PCM,45810
58,25,0,35,118,PCB,142358
24,81,0,41,146,PCB,97602
55,68,62,0,185,PCM,24221
77,35,85,0,197,PCM,14751
93,22,0,92,207,PCB,15603
40,63,0,22,125,PCB,133030
23,74,0,44,141,PCB,106583
53,48,55,0,156,PCM,53897
70,75,0,77,222,PCB,8236
31,22,0,48,101,PCB,156194
70,90,0,24,184,PCB,36645
98,25,0,32,155,PCB,81037
64,55,45,0,164,PCM,43183
62,51,0,92,205,PCB,19482
56,91,31,0,178,PCM,29617
74,23,27,0,124,PCM,88078
52,68,84,0,204,PCM,12488
69,41,25,0,135,PCM,78371
97,20,0,57,174,PCB,50330
41,43,0,34,118,PCB,140098
53,76,72,0,201,PCM,12780
46,94,0,33,173,PCB,52603
67,71,52,0,190,PCM,20934
100,74,59,0,233,PCM,3862
65,47,69,0,181,PCM,27761
26,95,0,38,159,PCB,74358
75,89,0,51,215,PCB,11687
43,96,0,63,202,PCB,19759
26,79,0,29,134,PCB,116496
69,75,88,0,232,PCM,5235
41,49,60,0,150,PCM,58920
88,38,30,0,156,PCM,53840
28,66,0,65,159,PCB,75309
62,76,0,51,189,PCB,30148
60,73,86,0,219,PCM,7728
89,23,96,0,208,PCM,10777
93,98,25,0,216,PCM,6939
51,47,0,75,173,PCB,49850
86,54,0,61,201,PCB,20957
76,23,69,0,168,PCM,38578
29,61,0,82,172,PCB,51957
45,56,26,0,127,PCM,86075
64,52,75,0,191,PCM,19998
60,85,0,85,230,PCB,6107
79,87,0,99,265,PCB,2282
36,26,77,0,139,PCM,73157
93,95,35,0,223,PCM,6939
78,27,41,0,146,PCM,65415
98,30,70,0,198,PCM,14913
71,55,29,0,155,PCM,53612
48,76,0,62,186,PCB,35382
96,23,0,31,150,PCB,89188
27,59,37,0,123,PCM,88586
72,96,100,0,268,PCM,1714
96,42,26,0,164,PCM,44441
66,58,22,0,146,PCM,65030
29,35,0,54,118,PCB,141994
58,89,90,0,237,PCM,3004
26,70,91,0,187,PCM,21610
65,69,0,86,220,PCB,10362
52,50,0,81,183,PCB,39102
87,78,0,28,193,PCB,28286
86,24,29,0,139,PCM,72937
83,87,53,0,223,PCM,6165
93,46,35,0,174,PCM,34222
98,29,83,0,210,PCM,10511
35,57,26,0,118,PCM,92961
70,21,0,82,173,PCB,50565
27,54,67,0,148,PCM,61723
43,60,66,0,169,PCM,38542
27,44,45,0,116,PCM,95481
25,94,0,57,176,PCB,45576
26,38,67,0,131,PCM,80709
86,91,94,0,271,PCM,1
57,28,40,0,125,PCM,87054
48,34,0,38,120,PCB,137163
22,27,75,0,124,PCM,88631
28,25,28,0,81,PCM,113063
72,66,0,52,190,PCB,30638
71,37,0,97,205,PCB,16190
22,71,45,0,138,PCM,74327
71,95,0,21,187,PCB,33556
29,76,0,98,203,PCB,20443
55,69,41,0,165,PCM,42556
25,66,51,0,142,PCM,69209
55,42,27,0,124,PCM,87743
76,70,0,94,240,PCB,3895
25,65,61,0,151,PCM,58286
69,62,62,0,193,PCM,18292
65,49,0,52,166,PCB,60370
76,53,0,48,177,PCB,46596
87,74,89,0,250,PCM,2201
90,35,31,0,156,PCM,52678
52,100,42,0,194,PCM,18006
49,22,40,0,111,PCM,99178
59,91,87,0,237,PCM,3714
91,29,53,0,173,PCM,33895
83,43,76,0,202,PCM,13097
61,28,0,93,182,PCB,37858
68,24,22,0,114,PCM,97662
88,72,0,31,191,PCB,30559
37,75,0,56,168,PCB,60601
39,94,0,55,188,PCB,32269
41,70,0,95,206,PCB,16066
82,64,58,0,204,PCM,11811
30,32,100,0,162,PCM,44755
83,38,64,0,185,PCM,22916
31,90,0,44,165,PCB,63745
66,68,0,57,191,PCB,30976
65,45,0,97,207,PCB,17017
77,80,66,0,223,PCM,5870
42,61,0,37,140,PCB,106795
49,71,64,0,184,PCM,24531
89,29,0,23,141,PCB,105612
27,62,86,0,175,PCM,31079
98,63,61,0,222,PCM,6218
91,89,0,71,251,PCB,2399
22,87,31,0,140,PCM,72206
92,78,0,72,242,PCB,3558
24,57,34,0,115,PCM,96260
97,90,0,27,214,PCB,11542
80,56,20,0,156,PCM,52845
50,88,0,68,206,PCB,18133
39,80,40,0,159,PCM,50476
59,68,0,77,204,PCB,19111
29,29,0,44,102,PCB,155393
56,96,95,0,247,PCM,1937
35,57,22,0,114,PCM,97784
97,89,0,46,232,PCB,7554
81,76,0,45,202,PCB,19091
43,48,20,0,111,PCM,99700
85,39,0,53,177,PCB,44053
35,36,90,0,161,PCM,48169
53,30,0,96,179,PCB,44051
96,34,42,0,172,PCM,34413
82,38,30,0,150,PCM,59545
25,47,94,0,166,PCM,40493
76,72,0,79,227,PCB,8051
48,36,91,0,175,PCM,31211
80,27,80,0,187,PCM,22279
26,51,37,0,114,PCM,96105
47,21,0,37,105,PCB,154295
81,68,50,0,199,PCM,15470
39,84,0,71,194,PCB,26508
100,59,0,63,222,PCB,8321
53,25,0,92,170,PCB,57415
74,52,39,0,165,PCM,41856
75,69,79,0,223,PCM,6902
81,50,0,54,185,PCB,36740
92,89,0,30,211,PCB,13302
21,65,0,51,137,PCB,113164
65,62,0,43,170,PCB,55953
79,88,58,0,225,PCM,4506
60,98,0,74,232,PCB,7626
59,58,96,0,213,PCM,8831
64,56,34,0,154,PCM,54825
57,72,0,89,218,PCB,12810
91,42,21,0,154,PCM,56369
21,53,51,0,125,PCM,87262
96,89,0,67,252,PCB,4704
90,40,22,0,152,PCM,57801
96,71,0,92,259,PCB,3532
59,92,0,33,184,PCB,36256
86,44,38,0,168,PCM,39368
34,27,0,55,116,PCB,144840
55,82,82,0,219,PCM,6393
86,24,82,0,192,PCM,19023
32,23,0,100,155,PCB,80059
40,36,0,80,156,PCB,80811
93,30,0,78,201,PCB,20130
63,44,83,0,190,PCM,20258
93,22,59,0,174,PCM,34250
27,77,0,26,130,PCB,122836
33,44,0,60,137,PCB,111655
41,35,0,99,175,PCB,46983
77,22,26,0,125,PCM,86849
92,77,60,0,229,PCM,5379
82,70,99,0,251,PCM,1417
59,27,59,0,145,PCM,65481
99,41,35,0,175,PCM,31790
90,99,78,0,267,PCM,2140
78,39,73,0,190,PCM,19569
93,71,62,0,226,PCM,5319
88,76,81,0,245,PCM,2618
83,98,66,0,247,PCM,2030
80,92,0,70,242,PCB,4582
31,34,86,0,151,PCM,59524
38,24,0,72,134,PCB,118218
24,91,87,0,202,PCM,13450
50,63,31,0,144,PCM,66976
21,45,39,0,105,PCM,103764
75,100,0,26,201,PCB,20360
35,65,79,0,179,PCM,28926
38,52,62,0,152,PCM,57990
78,94,0,39,211,PCB,14187
63,27,96,0,186,PCM,22202
35,92,50,0,177,PCM,30611
50,88,63,0,201,PCM,14173
92,41,31,0,164,PCM,43971
37,41,0,39,117,PCB,142831
90,21,0,94,205,PCB,18115
84,39,0,38,161,PCB,69913
46,82,0,49,177,PCB,46114
52,44,0,37,133,PCB,117854
87,25,0,80,192,PCB,28001
88,91,0,98,277,PCB,1995
95,57,0,100,252,PCB,2683
66,53,0,59,178,PCB,43357
54,50,0,97,201,PCB,21072
86,55,21,0,162,PCM,44953
43,42,26,0,111,PCM,99549
80,35,0,33,148,PCB,93004
27,96,24,0,147,PCM,63666
64,73,0,79,216,PCB,10453
91,83,41,0,215,PCM,7261
45,73,0,37,155,PCB,82407
73,22,0,38,133,PCB,120413
46,53,0,57,156,PCB,80509
38,20,46,0,104,PCM,104500
98,51,54,0,203,PCM,12605
38,98,91,0,227,PCM,5488
40,70,82,0,192,PCM,18737
86,44,0,99,229,PCB,6865
46,54,81,0,181,PCM,26928
49,59,45,0,153,PCM,56799
85,22,0,48,155,PCB,80016
34,63,0,32,129,PCB,126269
69,32,72,0,173,PCM,34702
68,51,0,52,171,PCB,55412
45,54,0,70,169,PCB,57336
36,49,0,100,185,PCB,37242
83,65,0,59,207,PCB,16338
48,92,40,0,180,PCM,27839
32,56,0,46,134,PCB,118482
94,54,84,0,232,PCM,4973
76,89,0,83,248,PCB,5152
57,36,90,0,183,PCM,25957
54,85,0,28,167,PCB,60666
58,73,66,0,197,PCM,15162
29,79,41,0,149,PCM,60775
83,42,99,0,224,PCM,5231
80,90,0,87,257,PCB,1648
97,66,0,40,203,PCB,19471
83,58,54,0,195,PCM,16518
34,23,0,51,108,PCB,150151
81,80,56,0,217,PCM,8621
89,65,0,98,252,PCB,3591
28,52,0,24,104,PCB,154873
90,22,21,0,133,PCM,80404
43,82,0,74,199,PCB,21537
64,76,44,0,184,PCM,23705
87,29,46,0,162,PCM,45475
54,42,0,66,162,PCB,67161
95,41,50,0,186,PCM,21877
69,71,22,0,162,PCM,45471
23,91,0,99,213,PCB,12332
52,72,65,0,189,PCM,20763
20,91,57,0,168,PCM,39730
51,60,59,0,170,PCM,37614
61,53,41,0,155,PCM,52971
59,97,98,0,254,PCM,1965
87,28,0,64,179,PCB,44228
67,29,37,0,133,PCM,80017
63,65,0,64,192,PCB,28184
90,56,0,34,180,PCB,40734
40,81,92,0,213,PCM,8852
25,95,55,0,175,PCM,31552
79,80,0,32,191,PCB,27483
92,85,0,84,261,PCB,2397
42,76,80,0,198,PCM,15379
71,92,0,91,254,PCB,1667
22,57,63,0,142,PCM,68839
79,64,29,0,172,PCM,34298
100,20,81,0,201,PCM,13624
67,92,0,45,204,PCB,17330
80,50,67,0,197,PCM,15432
62,76,0,67,205,PCB,19386
76,48,48,0,172,PCM,35835
51,43,0,83,177,PCB,44268
92,65,51,0,208,PCM,10997
100,56,0,58,214,PCB,14030
59,24,0,40,123,PCB,134085
77,48,89,0,214,PCM,8244
74,67,71,0,212,PCM,8173
61,65,90,0,216,PCM,8637
55,72,0,22,149,PCB,90727
81,80,0,59,220,PCB,11211
20,50,95,0,165,PCM,41435
49,76,53,0,178,PCM,28825
82,68,0,72,222,PCB,11181
44,37,95,0,176,PCM,30677
22,38,0,78,138,PCB,110098
23,80,83,0,186,PCM,21875
81,62,72,0,215,PCM,7307
38,72,0,41,151,PCB,89256
79,36,79,0,194,PCM,18759
52,83,60,0,195,PCM,17987
30,41,0,36,107,PCB,152859
40,63,0,64,167,PCB,59281
43,30,0,62,135,PCB,117043
64,49,0,56,169,PCB,55762
95,87,84,0,266,PCM,1341
51,67,0,21,139,PCB,110749
76,41,0,26,143,PCB,103323
22,72,68,0,162,PCM,45397
41,70,54,0,165,PCM,43437
88,53,0,47,188,PCB,30706
81,31,0,68,180,PCB,40685
25,51,0,63,139,PCB,108200
50,96,73,0,219,PCM,6743
87,21,61,0,169,PCM,38369
65,23,0,93,181,PCB,41339
69,90,0,76,235,PCB,7605
63,68,29,0,160,PCM,48212
25,38,51,0,114,PCM,95825
25,44,20,0,89,PCM,110937
91,45,0,46,182,PCB,39388
83,99,0,39,221,PCB,8538
71,80,0,100,251,PCB,3133
51,98,0,73,222,PCB,7891
20,37,0,32,89,PCB,165548
84,22,0,90,196,PCB,25216
21,86,65,0,172,PCM,36108
45,33,0,69,147,PCB,95826
88,74,0,92,254,PCB,3990
30,40,0,67,137,PCB,112567
35,75,81,0,191,PCM,19093
37,68,0,28,133,PCB,119509
69,51,0,77,197,PCB,25313
70,41,0,30,141,PCB,105013
94,66,0,82,242,PCB,5031
49,59,0,31,139,PCB,109038
67,29,94,0,190,PCM,19120
31,89,0,95,215,PCB,13626
76,48,44,0,168,PCM,38964
96,47,0,32,175,PCB,47889
50,51,94,0,195,PCM,16627
67,67,49,0,183,PCM,24418
28,54,0,48,130,PCB,123659
63,98,75,0,236,PCM,3977
38,83,0,26,147,PCB,93701
32,53,0,22,107,PCB,153706
23,43,54,0,120,PCM,91481
99,97,30,0,226,PCM,5876
80,99,97,0,276,PCM,1207
82,50,0,80,212,PCB,14508
47,79,25,0,151,PCM,59573
64,65,0,39,168,PCB,59216
78,73,0,32,183,PCB,39565
80,82,0,40,202,PCB,21388
51,54,35,0,140,PCM,72469
46,55,0,75,176,PCB,47273
37,81,20,0,138,PCM,74577
57,20,0,99,176,PCB,47827
97,36,57,0,190,PCM,20378
36,39,28,0,103,PCM,103146
35,79,0,72,186,PCB,33542
90,57,0,23,170,PCB,56785
50,46,96,0,192,PCM,18809
88,72,0,57,217,PCB,11610
24,35,0,35,94,PCB,161742
99,71,0,70,240,PCB,3258
42,46,54,0,142,PCM,70441
98,42,71,0,211,PCM,10192
86,49,100,0,235,PCM,3518
83,68,48,0,199,PCM,15855
26,56,0,36,118,PCB,139349
27,87,0,72,186,PCB,32906
30,28,0,40,98,PCB,161086
61,27,0,78,166,PCB,63251
33,65,0,75,173,PCB,49861
29,51,58,0,138,PCM,73470
61,95,41,0,197,PCM,16846
32,76,0,53,161,PCB,70840
91,69,0,88,248,PCB,4083
94,56,33,0,183,PCM,24349
37,58,0,74,169,PCB,59011
84,30,0,31,145,PCB,100695
26,63,0,86,175,PCB,47829
72,72,0,48,192,PCB,29539
93,72,27,0,192,PCM,18774
42,65,59,0,166,PCM,40953
74,35,0,91,200,PCB,21747
76,20,97,0,193,PCM,17493
73,86,27,0,186,PCM,23946
54,27,63,0,144,PCM,67052
27,21,0,74,122,PCB,136876
86,87,0,79,252,PCB,4354
21,51,0,97,169,PCB,55991
76,98,35,0,209,PCM,9774
55,78,0,84,217,PCB,10071
100,75,92,0,267,PCM,28
29,100,0,61,190,PCB,28788
58,79,0,80,217,PCB,9980
73,48,54,0,175,PCM,32230
31,26,26,0,83,PCM,111198
38,97,0,31,166,PCB,63390
84,74,62,0,220,PCM,7773
67,63,24,0,154,PCM,55295
92,99,58,0,249,PCM,1247
55,56,0,70,181,PCB,41948
31,28,25,0,84,PCM,113122
78,42,22,0,142,PCM,69821
33,38,36,0,107,PCM,101884
37,60,0,52,149,PCB,90869
65,57,0,29,151,PCB,88391
50,62,0,65,177,PCB,47201
85,75,0,95,255,PCB,2066
57,82,0,71,210,PCB,13372
45,51,0,52,148,PCB,93492
61,96,0,28,185,PCB,35029
90,78,28,0,196,PCM,17214
71,57,0,74,202,PCB,19580
49,29,32,0,110,PCM,99296
87,70,0,91,248,PCB,5244
55,86,0,26,167,PCB,60393
43,59,65,0,167,PCM,40733
83,75,33,0,191,PCM,19607
28,62,0,59,149,PCB,91570
70,50,26,0,146,PCM,63870
81,65,38,0,184,PCM,24314
76,48,0,47,171,PCB,53315
98,92,45,0,235,PCM,3320
66,51,37,0,154,PCM,55519
51,56,63,0,170,PCM,36671
36,33,27,0,96,PCM,106915
31,30,0,44,105,PCB,153445
81,81,0,66,228,PCB,8186
64,62,0,62,188,PCB,31006
42,76,0,23,141,PCB,105422
52,81,42,0,175,PCM,31093
62,100,0,69,231,PCB,6465
37,31,24,0,92,PCM,109517
96,58,0,44,198,PCB,21230
66,88,58,0,212,PCM,8576
52,69,62,0,183,PCM,26119
75,99,0,77,251,PCB,3002
82,50,0,54,186,PCB,33949
96,37,0,30,163,PCB,67200
62,56,0,59,177,PCB,45877
95,79,0,66,240,PCB,4281
79,39,63,0,181,PCM,26232
82,26,0,54,162,PCB,67612
58,41,0,69,168,PCB,59406
42,60,0,69,171,PCB,54188
88,62,71,0,221,PCM,6261
36,50,77,0,163,PCM,44239
100,65,22,0,187,PCM,21518
85,28,0,98,211,PCB,14818
76,84,21,0,181,PCM,27821
26,42,23,0,91,PCM,110286
76,59,70,0,205,PCM,11047
73,79,27,0,179,PCM,27851
99,43,0,34,176,PCB,45589
51,28,80,0,159,PCM,48154
46,42,0,25,113,PCB,148415
33,42,0,28,103,PCB,155496
44,33,59,0,136,PCM,77411
74,58,98,0,230,PCM,5103
76,92,80,0,248,PCM,2490
58,60,98,0,216,PCM,9165
95,82,31,0,208,PCM,9816
37,47,0,58,142,PCB,105813
22,25,0,91,138,PCB,109794
64,29,48,0,141,PCM,70440
66,97,0,36,199,PCB,22764
91,50,32,0,173,PCM,34413
23,24,98,0,145,PCM,66472
69,92,66,0,227,PCM,5679
96,71,42,0,209,PCM,10882
22,41,0,74,137,PCB,112665
68,39,0,57,164,PCB,66423
69,45,63,0,177,PCM,29464
88,68,0,80,236,PCB,5663
34,69,88,0,191,PCM,18555
85,76,30,0,191,PCM,19844
95,32,0,35,162,PCB,68592
96,58,92,0,246,PCM,1627
85,33,0,77,195,PCB,27314
41,42,94,0,177,PCM,30051
70,73,45,0,188,PCM,20714
30,87,87,0,204,PCM,13453
28,21,64,0,113,PCM,97939
43,44,59,0,146,PCM,65348
69,92,63,0,224,PCM,6874
68,58,99,0,225,PCM,5927
42,98,0,97,237,PCB,3715
22,72,26,0,120,PCM,91568
67,36,91,0,194,PCM,16445
66,60,36,0,162,PCM,45716
60,53,72,0,185,PCM,23329
68,52,0,74,194,PCB,27434
36,90,37,0,163,PCM,44376
70,47,0,57,174,PCB,50379
32,78,0,38,148,PCB,92998
33,69,0,47,149,PCB,90473
73,59,99,0,231,PCM,3904
27,67,0,41,135,PCB,115640
96,36,42,0,174,PCM,33690
21,58,0,65,144,PCB,99936
55,22,0,49,126,PCB,129530
50,65,92,0,207,PCM,9972
84,85,0,28,197,PCB,24363
76,82,0,77,235,PCB,6155
93,50,0,90,233,PCB,5078
81,98,0,51,230,PCB,7932
29,83,97,0,209,PCM,10915
100,81,27,0,208,PCM,11119
21,24,43,0,88,PCM,110082
44,81,44,0,169,PCM,38187
69,61,77,0,207,PCM,11709
47,28,48,0,123,PCM,88431
86,20,0,27,133,PCB,118686
82,31,53,0,166,PCM,42482
76,88,0,94,258,PCB,606
92,31,0,71,194,PCB,25137
38,21,67,0,126,PCM,86948
94,89,0,87,270,PCB,3213
69,62,93,0,224,PCM,6159
36,79,90,0,205,PCM,12259
67,25,82,0,174,PCM,33269
76,84,84,0,244,PCM,3087
99,32,65,0,196,PCM,16803
86,91,47,0,224,PCM,4972
75,83,90,0,248,PCM,1320
91,80,95,0,266,PCM,1859
41,68,45,0,154,PCM,54087
27,37,0,79,143,PCB,101749
54,44,0,85,183,PCB,36891
60,99,0,38,197,PCB,23569
41,75,73,0,189,PCM,21776
23,26,84,0,133,PCM,79745
34,38,0,62,134,PCB,116335
61,77,100,0,238,PCM,4418
49,49,0,21,119,PCB,138644
93,27,89,0,209,PCM,10814
88,38,49,0,175,PCM,32353
35,49,0,69,153,PCB,83543
50,92,0,31,173,PCB,52766
91,22,0,54,167,PCB,61964
63,68,0,38,169,PCB,58883
30,59,26,0,115,PCM,95544
68,62,87,0,217,PCM,7442
26,50,0,78,154,PCB,83122
68,72,82,0,222,PCM,5754
87,92,91,0,270,PCM,1855
96,99,0,51,246,PCB,5236
34,22,0,83,139,PCB,109605
60,85,37,0,182,PCM,26797
36,82,0,83,201,PCB,20914
46,82,0,28,156,PCB,80117
44,42,0,34,120,PCB,138215
22,62,0,89,173,PCB,52452
90,28,92,0,210,PCM,9972
26,61,0,65,152,PCB,86963
83,85,0,46,214,PCB,13181
73,49,52,0,174,PCM,33748
90,34,0,98,222,PCB,11254
88,34,25,0,147,PCM,63090
94,38,0,61,193,PCB,27584
25,91,0,79,195,PCB,23821
42,66,66,0,174,PCM,33360
72,31,64,0,167,PCM,40102
52,68,0,93,213,PCB,11838
94,82,0,21,197,PCB,23440
52,80,0,38,170,PCB,57559
45,98,24,0,167,PCM,39649
30,28,52,0,110,PCM,100485
96,47,52,0,195,PCM,17082
31,39,46,0,116,PCM,94464
95,42,49,0,186,PCM,22148
100,50,97,0,247,PCM,3152
30,95,0,29,154,PCB,82686
98,83,0,39,220,PCB,10927
44,81,64,0,189,PCM,19892
81,43,0,41,165,PCB,63295
73,69,0,39,181,PCB,39089
54,86,0,81,221,PCB,9867
73,98,0,81,252,PCB,2508
62,81,63,0,206,PCM,11112
99,28,0,91,218,PCB,10232
72,48,99,0,219,PCM,6782
47,98,70,0,215,PCM,7259
83,99,0,37,219,PCB,9658
58,71,0,40,169,PCB,56437
30,39,33,0,102,PCM,104259
80,82,0,36,198,PCB,22135
79,35,30,0,144,PCM,67171
53,88,0,88,229,PCB,8630
79,55,0,40,174,PCB,48161
31,28,0,25,84,PCB,169719
33,52,0,45,130,PCB,122974
81,96,0,77,254,PCB,2537
25,55,0,84,164,PCB,64744
36,87,52,0,175,PCM,31791
25,91,77,0,193,PCM,17361
66,95,69,0,230,PCM,4689
30,49,0,78,157,PCB,76965
65,78,0,68,211,PCB,13235
97,51,0,89,237,PCB,5963
27,37,26,0,90,PCM,110391
69,67,95,0,231,PCM,4420
64,21,93,0,178,PCM,30106
96,70,80,0,246,PCM,2262
47,52,61,0,160,PCM,48081
78,89,95,0,262,PCM,2360
22,80,0,79,181,PCB,41840
73,66,0,44,183,PCB,37200
31,42,82,0,155,PCM,53899
24,98,29,0,151,PCM,59693
96,60,0,42,198,PCB,22863
32,80,0,67,179,PCB,41196
81,27,0,36,144,PCB,101951
23,29,72,0,124,PCM,88633
46,88,28,0,162,PCM,45666
75,66,0,37,178,PCB,45238
86,88,35,0,209,PCM,10145
43,31,0,45,119,PCB,138034
49,77,21,0,147,PCM,63595
72,45,86,0,203,PCM,13801
33,86,0,53,172,PCB,51774
24,76,77,0,177,PCM,30673
75,57,0,99,231,PCB,6891
40,29,0,92,161,PCB,71862
50,44,0,80,174,PCB,49836
89,52,43,0,184,PCM,24895
94,31,0,81,206,PCB,15919
64,87,91,0,242,PCM,2236
36,49,0,73,158,PCB,75347
48,43,0,51,142,PCB,103084
34,50,0,25,109,PCB,151689
85,56,58,0,199,PCM,14198
44,79,64,0,187,PCM,22101
58,87,0,65,210,PCB,14554
25,74,0,25,124,PCB,133198
94,96,0,86,276,PCB,1578
90,60,0,73,223,PCB,7832
99,95,0,51,245,PCB,4247
72,36,0,33,141,PCB,106122
60,80,0,97,237,PCB,4852
41,55,90,0,186,PCM,24014
48,80,56,0,184,PCM,24386
43,63,43,0,149,PCM,61590
61,47,0,62,170,PCB,54375
62,66,30,0,158,PCM,50682
50,58,0,27,135,PCB,117355
31,31,20,0,82,PCM,111951
40,24,36,0,100,PCM,105843
75,22,36,0,133,PCM,80253
87,92,71,0,250,PCM,1965
36,47,0,22,105,PCB,156217
40,76,0,29,145,PCB,98913
62,85,99,0,246,PCM,2406
78,75,95,0,248,PCM,1664
81,89,0,40,210,PCB,14119
97,36,83,0,216,PCM,7379
44,56,0,37,137,PCB,114682
67,29,0,96,192,PCB,26986
46,58,0,98,202,PCB,20150
51,48,42,0,141,PCM,70536
86,54,0,99,239,PCB,3221
85,93,0,34,212,PCB,12541
23,20,0,64,107,PCB,153213
83,60,0,78,221,PCB,8963
58,75,0,75,208,PCB,15598
31,54,79,0,164,PCM,44394
61,42,100,0,203,PCM,13215
79,85,0,91,255,PCB,1450
37,59,0,27,123,PCB,136015
45,54,0,60,159,PCB,73277
86,39,36,0,161,PCM,47877
93,73,0,80,246,PCB,3172
51,27,90,0,168,PCM,38547
98,42,46,0,186,PCM,22420
85,84,34,0,203,PCM,13655
92,51,38,0,181,PCM,26377
73,39,69,0,181,PCM,25945
68,58,91,0,217,PCM,7534
38,62,0,58,158,PCB,74829
55,88,0,35,178,PCB,43859
98,87,0,94,279,PCB,1962
45,25,70,0,140,PCM,72942
26,96,58,0,180,PCM,27772
85,42,0,36,163,PCB,68286
97,61,0,47,205,PCB,16178
49,69,89,0,207,PCM,10201
45,45,0,54,144,PCB,101038
25,81,0,33,139,PCB,110492
43,20,0,22,85,PCB,168583
68,94,22,0,184,PCM,23675
98,33,0,67,198,PCB,22022
58,21,100,0,179,PCM,29096
45,75,99,0,219,PCM,7390
33,95,0,22,150,PCB,90640
63,58,0,26,147,PCB,96604
69,83,0,76,228,PCB,7126
99,47,0,37,183,PCB,38005
23,70,20,0,113,PCM,97923
98,31,0,76,205,PCB,19432
88,45,47,0,180,PCM,27209
79,73,0,45,197,PCB,25106
44,35,0,60,139,PCB,109550
99,32,0,39,170,PCB,55788
62,46,68,0,176,PCM,30446
54,83,63,0,200,PCM,14818
96,38,0,50,184,PCB,36319
55,92,0,96,243,PCB,2965
28,50,83,0,161,PCM,47864
91,83,48,0,222,PCM,6738
37,43,0,64,144,PCB,100282
45,93,0,20,158,PCB,75324
71,69,0,43,183,PCB,36628
100,70,0,31,201,PCB,21958
89,53,27,0,169,PCM,37154
95,46,0,60,201,PCB,21424
63,90,39,0,192,PCM,18746
65,74,74,0,213,PCM,8447
62,61,0,76,199,PCB,22328
25,31,92,0,148,PCM,61864
69,63,64,0,196,PCM,16798
24,93,59,0,176,PCM,30633
86,24,43,0,153,PCM,56323
93,32,78,0,203,PCM,13888
46,86,0,31,163,PCB,66422
43,42,0,54,139,PCB,110030
30,79,49,0,158,PCM,50068
28,36,64,0,128,PCM,85204
68,86,82,0,236,PCM,3757
100,89,0,48,237,PCB,6440
32,58,42,0,132,PCM,80629
82,95,0,91,268,PCB,3281
37,23,87,0,147,PCM,63372
58,90,28,0,176,PCM,30832
38,74,0,76,188,PCB,30812
77,22,26,0,125,PCM,88888
32,29,74,0,135,PCM,78347
64,21,73,0,158,PCM,51378
66,85,78,0,229,PCM,4206
29,69,24,0,122,PCM,89620
63,37,0,49,149,PCB,92972
93,45,0,20,158,PCB,76957
48,38,98,0,184,PCM,24592
97,55,61,0,213,PCM,9893
65,58,0,98,221,PCB,10448
23,89,86,0,198,PCM,16428
21,58,0,100,179,PCB,44720
68,79,0,58,205,PCB,18296
61,46,0,37,144,PCB,99122
43,34,0,98,175,PCB,47230
29,84,0,87,200,PCB,20190
76,46,0,78,200,PCB,20357
41,99,0,85,225,PCB,9937
36,89,90,0,215,PCM,8052
45,79,63,0,187,PCM,21458
41,95,0,44,180,PCB,41396
26,87,22,0,135,PCM,76877
58,21,0,83,162,PCB,70233
69,97,39,0,205,PCM,12427
25,49,0,65,139,PCB,108659
40,21,34,0,95,PCM,108039
38,98,95,0,231,PCM,5448
53,81,34,0,168,PCM,38752
45,93,0,57,195,PCB,26229
68,70,68,0,206,PCM,10616
29,35,81,0,145,PCM,64864
49,76,0,40,165,PCB,63282
38,74,74,0,186,PCM,23457
35,34,42,0,111,PCM,98660
44,93,75,0,212,PCM,9144
30,65,0,59,154,PCB,81742
21,71,82,0,174,PCM,34269
92,87,0,49,228,PCB,8159
63,59,0,38,160,PCB,71951
95,95,51,0,241,PCM,2390
80,29,31,0,140,PCM,72078
62,94,26,0,182,PCM,27121
49,40,0,92,181,PCB,40694
80,86,55,0,221,PCM,6758
85,94,54,0,233,PCM,5057
71,27,66,0,164,PCM,44419
38,36,82,0,156,PCM,52560
48,30,51,0,129,PCM,84153
20,65,0,52,137,PCB,112214
97,96,56,0,249,PCM,2944
56,61,0,23,140,PCB,107042
98,74,55,0,227,PCM,5273
98,66,26,0,190,PCM,20747
90,36,0,30,156,PCB,80736
80,52,0,56,188,PCB,31412
68,27,0,59,154,PCB,82763
68,59,38,0,165,PCM,43170
54,97,87,0,238,PCM,2307
69,30,0,31,130,PCB,125764
88,88,93,0,269,PCM,1
72,87,61,0,220,PCM,7370
39,61,0,40,140,PCB,108462
58,88,0,94,240,PCB,4457
31,93,0,34,158,PCB,74457
55,74,0,51,180,PCB,42150
52,62,0,34,148,PCB,92263
77,40,32,0,149,PCM,60258
64,24,90,0,178,PCM,29080
24,37,32,0,93,PCM,107920
55,59,0,95,209,PCB,15948
63,40,88,0,191,PCM,20134
55,76,26,0,157,PCM,52520
69,25,0,90,184,PCB,35049
64,97,69,0,230,PCM,3536
30,24,65,0,119,PCM,92462
20,24,57,0,101,PCM,105904
53,94,30,0,177,PCM,29942
99,37,23,0,159,PCM,48208
74,91,28,0,193,PCM,18948
46,68,0,72,186,PCB,36244
39,63,0,68,170,PCB,54149
57,84,95,0,236,PCM,4238
99,74,55,0,228,PCM,5277
20,36,0,53,109,PCB,149245
29,99,49,0,177,PCM,30122
27,27,91,0,145,PCM,65568
51,95,0,61,207,PCB,16800
82,93,40,0,215,PCM,7185
93,73,0,43,209,PCB,14563
88,40,0,89,217,PCB,11321
48,85,34,0,167,PCM,40024
76,36,0,53,165,PCB,62554
80,34,0,55,169,PCB,56313
74,60,73,0,207,PCM,10014
61,33,24,0,118,PCM,92853
78,36,24,0,138,PCM,74485
56,93,52,0,201,PCM,14149
66,52,52,0,170,PCM,38077
88,96,60,0,244,PCM,1938
82,61,0,45,188,PCB,33459
22,49,0,88,159,PCB,74208
57,82,59,0,198,PCM,15857
31,99,0,39,169,PCB,58277
65,95,0,41,201,PCB,19179
97,66,21,0,184,PCM,25347
38,41,62,0,141,PCM,69516
62,47,73,0,182,PCM,26229
32,43,38,0,113,PCM,98155
100,48,94,0,242,PCM,3329
49,87,0,82,218,PCB,12082
45,75,89,0,209,PCM,11110
49,97,44,0,190,PCM,19319
69,41,30,0,140,PCM,70858
26,66,54,0,146,PCM,64169
61,56,73,0,190,PCM,19428
38,22,0,73,133,PCB,118076
33,23,71,0,127,PCM,86765
31,55,49,0,135,PCM,77804
64,36,0,86,186,PCB,32906
82,31,58,0,171,PCM,35058
50,38,94,0,182,PCM,25266
96,68,0,63,227,PCB,7994
72,75,60,0,207,PCM,11497
54,100,65,0,219,PCM,6909
59,56,0,48,163,PCB,68846
83,39,0,97,219,PCB,11286
56,38,0,20,114,PCB,146332
34,57,0,77,168,PCB,58237
27,81,0,58,166,PCB,63360
74,85,25,0,184,PCM,25047
50,88,58,0,196,PCM,17125
100,23,0,21,144,PCB,99895
30,94,93,0,217,PCM,6833
55,66,0,45,166,PCB,60921
42,64,55,0,161,PCM,46018
61,56,23,0,140,PCM,72025
53,69,75,0,197,PCM,16998
45,79,53,0,177,PCM,29520
47,68,21,0,136,PCM,77097
98,23,82,0,203,PCM,13892
32,24,0,50,106,PCB,151872
65,93,0,27,185,PCB,34414
71,72,0,66,209,PCB,16779
96,48,0,46,190,PCB,31935
32,34,0,76,142,PCB,103871
99,41,0,81,221,PCB,8936
87,55,73,0,215,PCM,9081
55,85,63,0,203,PCM,11810
91,45,95,0,231,PCM,3724
47,34,0,27,108,PCB,152012
55,26,0,58,139,PCB,110953
77,46,0,59,182,PCB,40943
64,99,99,0,262,PCM,685
59,22,48,0,129,PCM,84152
96,100,0,31,227,PCB,6345
75,96,0,91,262,PCB,274
96,49,55,0,200,PCM,13563
55,89,0,88,232,PCB,4854
36,23,0,57,116,PCB,143894
27,71,0,72,170,PCB,54482
69,65,0,68,202,PCB,20381
85,91,42,0,218,PCM,8067
61,75,0,51,187,PCB,32217
43,60,60,0,163,PCM,43704
31,32,0,58,121,PCB,138180
91,78,76,0,245,PCM,3585
29,34,51,0,114,PCM,97596
48,23,55,0,126,PCM,87816
28,32,0,82,142,PCB,103732
30,51,0,95,176,PCB,46646
98,36,0,95,229,PCB,8253
21,32,98,0,151,PCM,57975
49,68,0,63,180,PCB,41238
75,65,0,65,205,PCB,17692
79,27,98,0,204,PCM,12071
20,61,0,76,157,PCB,78511
92,76,0,55,223,PCB,8057
59,35,89,0,183,PCM,24506
49,65,52,0,166,PCM,42534
54,25,53,0,132,PCM,80638
87,78,0,24,189,PCB,29905
53,84,0,38,175,PCB,46890
51,65,62,0,178,PCM,29543
63,79,100,0,242,PCM,3702
66,30,77,0,173,PCM,33760
54,62,76,0,192,PCM,19403
79,65,35,0,179,PCM,28010
27,93,0,28,148,PCB,94468
31,58,78,0,167,PCM,39853
75,57,39,0,171,PCM,35751
23,60,0,94,177,PCB,45428
43,51,0,20,114,PCB,145963
41,60,0,91,192,PCB,27766
81,46,72,0,199,PCM,15301
36,60,94,0,190,PCM,19216
57,81,0,57,195,PCB,26783
68,94,0,91,253,PCB,1387
45,40,55,0,140,PCM,71816
56,61,0,63,180,PCB,40752
61,36,59,0,156,PCM,52983
98,48,62,0,208,PCM,10179
64,76,0,36,176,PCB,47744
51,64,80,0,195,PCM,17307
23,32,0,38,93,PCB,162450
36,37,0,45,118,PCB,142117
95,26,99,0,220,PCM,5752
58,96,0,80,234,PCB,6639
24,80,0,74,178,PCB,44460
60,29,0,88,177,PCB,44035
28,43,0,68,139,PCB,108685
55,28,0,75,158,PCB,76931
97,89,57,0,243,PCM,3078
48,58,0,100,206,PCB,19108
85,36,20,0,141,PCM,70115
83,71,0,77,231,PCB,8297
84,40,61,0,185,PCM,24626
54,89,0,45,188,PCB,31256
62,50,95,0,207,PCM,12161
44,62,69,0,175,PCM,31192
27,65,85,0,177,PCM,31505
64,81,0,89,234,PCB,4285
97,55,0,92,244,PCB,2924
91,36,0,49,176,PCB,47736
79,72,21,0,172,PCM,35768
23,87,0,93,203,PCB,18680
84,21,90,0,195,PCM,18211
29,86,0,69,184,PCB,35013
95,50,0,44,189,PCB,32163
29,48,43,0,120,PCM,92766
89,21,0,93,203,PCB,17921
41,45,20,0,106,PCM,102009
89,49,0,57,195,PCB,24785
29,66,48,0,143,PCM,68460
89,21,0,81,191,PCB,30579
52,30,0,33,115,PCB,143298
94,55,27,0,176,PCM,31396
48,37,0,80,165,PCB,63118
43,73,64,0,180,PCM,27186
94,98,0,76,268,PCB,1593
36,63,0,29,128,PCB,127567
95,91,0,45,231,PCB,6873
92,89,0,65,246,PCB,5199
28,40,55,0,123,PCM,88507
46,37,56,0,139,PCM,74038
55,28,0,95,178,PCB,44256
98,26,0,70,194,PCB,25697
30,65,0,97,192,PCB,28951
76,62,0,97,235,PCB,5846
57,42,21,0,120,PCM,91181
56,65,46,0,167,PCM,41305
42,72,35,0,149,PCM,61038
73,43,0,22,138,PCB,112880
99,97,0,31,227,PCB,9176
34,88,0,70,192,PCB,29684
49,88,0,73,210,PCB,13256
41,29,48,0,118,PCM,94523
67,27,44,0,138,PCM,74546
68,43,0,55,166,PCB,62808
68,52,62,0,182,PCM,26873
21,23,44,0,88,PCM,110602
31,55,0,99,185,PCB,35111
83,72,0,35,190,PCB,31379
22,86,87,0,195,PCM,17459
85,60,67,0,212,PCM,8443
27,74,0,30,131,PCB,122689
54,80,65,0,199,PCM,14668
29,21,0,69,119,PCB,140260
97,100,0,32,229,PCB,5867
38,28,0,38,104,PCB,153687
91,59,0,32,182,PCB,37440
71,52,0,29,152,PCB,84965
21,96,83,0,200,PCM,14237
90,81,0,85,256,PCB,2070
24,84,94,0,202,PCM,13077
85,86,90,0,261,PCM,741
93,61,78,0,232,PCM,5509
46,21,44,0,111,PCM,98298
84,72,53,0,209,PCM,9200
21,59,0,81,161,PCB,69436
81,30,87,0,198,PCM,15939
44,65,89,0,198,PCM,14227
87,48,26,0,161,PCM,47263
23,74,54,0,151,PCM,57616
51,76,28,0,155,PCM,53077
46,56,0,33,135,PCB,114656
94,41,86,0,221,PCM,6466
64,98,0,58,220,PCB,9083
98,55,49,0,202,PCM,13819
88,46,0,99,233,PCB,5848
78,49,39,0,166,PCM,40597
47,30,25,0,102,PCM,105328
74,69,63,0,206,PCM,12517
64,91,95,0,250,PCM,2322
46,98,0,87,231,PCB,7324
29,61,59,0,149,PCM,61793
68,51,72,0,191,PCM,19517
38,68,67,0,173,PCM,33575
97,56,64,0,217,PCM,6639
69,78,0,87,234,PCB,6957
64,83,0,88,235,PCB,5388
83,92,50,0,225,PCM,4985
98,24,0,74,196,PCB,26206
51,69,62,0,182,PCM,26805
32,58,0,51,141,PCB,107036
22,66,0,55,143,PCB,103691
60,27,93,0,180,PCM,26721
40,25,0,27,92,PCB,163334
60,40,0,62,162,PCB,67042
64,84,72,0,220,PCM,6625
31,72,0,52,155,PCB,81152
66,51,85,0,202,PCM,12819
81,97,0,31,209,PCB,15362
28,25,0,79,132,PCB,119955
64,35,58,0,157,PCM,50578
91,57,76,0,224,PCM,4823
60,88,0,49,197,PCB,24033
95,50,0,20,165,PCB,64393
24,34,88,0,146,PCM,63610
97,53,0,43,193,PCB,26177
23,46,83,0,152,PCM,58020
89,90,0,71,250,PCB,5033
42,39,0,66,147,PCB,97022
24,29,0,34,87,PCB,166623
39,99,32,0,170,PCM,37017
22,51,0,38,111,PCB,149987
82,38,50,0,170,PCM,38403
98,60,0,38,196,PCB,23182
54,48,0,21,123,PCB,134832
22,30,81,0,133,PCM,80292
82,79,60,0,221,PCM,7241
73,57,0,56,186,PCB,33416
35,70,99,0,204,PCM,11328
71,79,76,0,226,PCM,6224
35,61,100,0,196,PCM,15304
38,76,31,0,145,PCM,64813
72,36,0,23,131,PCB,122181
27,85,64,0,176,PCM,32331
98,67,0,61,226,PCB,6934
53,38,0,85,176,PCB,47605
94,52,87,0,233,PCM,3833
53,87,45,0,185,PCM,24773
66,97,0,98,261,PCB,804
81,30,75,0,186,PCM,22892
42,43,26,0,111,PCM,98352
45,58,70,0,173,PCM,33402
35,92,38,0,165,PCM,42294
75,62,87,0,224,PCM,6595
96,96,40,0,232,PCM,4735
45,69,87,0,201,PCM,14223
89,81,0,35,205,PCB,16386
48,100,0,49,197,PCB,25173
24,44,0,31,99,PCB,158778
42,23,38,0,103,PCM,103563
60,70,27,0,157,PCM,51847
94,36,63,0,193,PCM,18306
68,41,76,0,185,PCM,23129
44,66,0,24,134,PCB,118192
35,77,25,0,137,PCM,74928
92,23,51,0,166,PCM,41416
45,31,0,45,121,PCB,136074
92,80,0,21,193,PCB,27138
24,23,31,0,78,PCM,112483
75,81,86,0,242,PCM,3577
43,20,41,0,104,PCM,103987
28,42,85,0,155,PCM,53892
95,52,73,0,220,PCM,7392
64,37,0,31,132,PCB,121371
83,67,33,0,183,PCM,25970
26,31,0,63,120,PCB,138492
35,76,0,55,166,PCB,60847
64,49,70,0,183,PCM,26297
68,52,64,0,184,PCM,25677
95,98,62,0,255,PCM,911
86,74,83,0,243,PCM,2769
21,93,85,0,199,PCM,14847
93,73,0,41,207,PCB,16947
92,32,57,0,181,PCM,26685
35,81,37,0,153,PCM,56661
77,57,0,84,218,PCB,11440
93,38,46,0,177,PCM,31611
63,92,0,97,252,PCB,4592
35,31,0,58,124,PCB,134634
26,99,41,0,166,PCM,40454
33,24,37,0,94,PCM,108467
46,21,92,0,159,PCM,48578
23,41,0,85,149,PCB,93580
21,65,83,0,169,PCM,37688
94,38,0,75,207,PCB,15957
72,74,0,57,203,PCB,18272
39,86,0,100,225,PCB,9239
88,40,0,47,175,PCB,47611
100,22,69,0,191,PCM,20621
97,64,0,75,236,PCB,5589
23,81,0,83,187,PCB,32203
23,69,0,20,112,PCB,149397
80,40,82,0,202,PCM,14046
79,27,0,33,139,PCB,108749
42,84,0,31,157,PCB,78027
33,71,0,68,172,PCB,51210
26,97,96,0,219,PCM,6496
20,22,0,39,81,PCB,170766
40,30,0,80,150,PCB,90986
68,43,55,0,166,PCM,42578
98,98,0,36,232,PCB,7379
53,88,30,0,171,PCM,35469
90,41,0,95,226,PCB,7130
68,100,27,0,195,PCM,16595
33,25,0,32,90,PCB,165245
64,55,0,90,209,PCB,16598
71,80,33,0,184,PCM,24769
70,87,80,0,237,PCM,3297
73,22,66,0,161,PCM,47870
71,99,95,0,265,PCM,2385
40,84,0,80,204,PCB,18906
86,36,65,0,187,PCM,21365
30,82,52,0,164,PCM,43673
80,37,79,0,196,PCM,17449
90,37,0,50,177,PCB,45793
21,59,0,24,104,PCB,156920
63,48,0,26,137,PCB,114111
82,20,0,89,191,PCB,28524
35,94,0,33,162,PCB,67359
36,53,81,0,170,PCM,38104
91,93,60,0,244,PCM,2230
79,30,0,98,207,PCB,17439
56,53,57,0,166,PCM,41209
30,73,98,0,201,PCM,13531
75,97,70,0,242,PCM,1889
36,90,0,100,226,PCB,7040
74,94,0,31,199,PCB,22629
65,42,85,0,192,PCM,19647
37,31,0,55,123,PCB,134203
26,100,29,0,155,PCM,54340
32,56,34,0,122,PCM,91081
76,75,63,0,214,PCM,8465
27,28,78,0,133,PCM,79694
24,44,0,87,155,PCB,80009
63,81,0,96,240,PCB,4156
31,65,0,73,169,PCB,57910
74,31,52,0,157,PCM,50680
21,76,0,96,193,PCB,28904
92,63,0,23,178,PCB,43317
20,87,40,0,147,PCM,62450
72,82,0,73,227,PCB,7803
66,81,89,0,236,PCM,2857
99,55,0,32,186,PCB,33554
34,97,0,100,231,PCB,7366
91,63,0,61,215,PCB,12461
89,94,0,91,274,PCB,2863
40,40,0,60,140,PCB,107736
33,97,96,0,226,PCM,4486
46,33,0,89,168,PCB,60602
23,52,62,0,137,PCM,74749
45,70,31,0,146,PCM,64595
79,58,48,0,185,PCM,22678
91,42,20,0,153,PCM,56460
83,87,0,44,214,PCB,14431
80,47,0,85,212,PCB,13082
34,43,0,96,173,PCB,52969
88,74,77,0,239,PCM,2984
88,92,0,79,259,PCB,1117
20,25,0,63,108,PCB,152900
60,72,0,36,168,PCB,59148
45,96,0,37,178,PCB,44523
78,74,0,24,176,PCB,46884
44,44,0,71,159,PCB,75312
70,82,0,67,219,PCB,10146
54,74,0,21,149,PCB,91748
80,54,0,63,197,PCB,24368
74,100,69,0,243,PCM,3636
83,32,0,33,148,PCB,92370
22,48,0,46,116,PCB,141737
25,65,0,37,127,PCB,130220
80,26,99,0,205,PCM,12140
20,66,0,42,128,PCB,127958
83,42,0,56,181,PCB,39779
61,72,0,26,159,PCB,74793
85,98,60,0,243,PCM,2224
67,93,0,26,186,PCB,36092
68,54,78,0,200,PCM,13848
83,95,94,0,272,PCM,1723
36,70,64,0,170,PCM,36574
60,80,0,33,173,PCB,51750
34,78,0,56,168,PCB,58059
64,85,49,0,198,PCM,16524
86,98,0,34,218,PCB,12583
95,29,0,60,184,PCB,37310
80,78,0,28,186,PCB,34310
23,37,0,79,139,PCB,108183
98,51,0,33,182,PCB,39887
23,93,37,0,153,PCM,56860
48,48,0,75,171,PCB,54339
88,82,0,61,231,PCB,7442
29,89,0,98,216,PCB,12418
41,42,0,92,175,PCB,47842
48,97,97,0,242,PCM,3882
64,33,0,73,170,PCB,56317
56,62,0,77,195,PCB,24323
35,63,41,0,139,PCM,72005
65,87,0,98,250,PCB,4512
64,50,0,87,201,PCB,20195
99,32,0,46,177,PCB,46048
64,99,58,0,221,PCM,5612
49,65,39,0,153,PCM,57410
94,22,50,0,166,PCM,42017
78,26,75,0,179,PCM,28810
46,56,0,85,187,PCB,32759
84,79,89,0,252,PCM,1966
73,68,0,32,173,PCB,50655
94,43,0,92,229,PCB,5834
67,56,52,0,175,PCM,31430
66,34,52,0,152,PCM,56713
86,52,79,0,217,PCM,7998
66,82,75,0,223,PCM,6851
69,66,53,0,188,PCM,20908
49,91,22,0,162,PCM,44735
58,78,20,0,156,PCM,53186
52,36,0,23,111,PCB,149584
48,50,0,72,170,PCB,55648
46,26,48,0,120,PCM,91296
85,68,0,57,210,PCB,14549
45,26,0,99,170,PCB,56965
28,52,0,84,164,PCB,65374
21,36,0,60,117,PCB,143462
98,83,95,0,276,PCM,339
48,35,58,0,141,PCM,71315
30,35,0,51,116,PCB,142572
94,24,45,0,163,PCM,45865
51,81,0,31,163,PCB,68744
35,88,0,29,152,PCB,85466
85,68,0,41,194,PCB,26069
52,33,0,71,156,PCB,77548
82,85,0,88,255,PCB,2290
82,74,0,37,193,PCB,26082
32,41,0,54,127,PCB,129063
99,44,0,53,196,PCB,25603
43,73,0,44,160,PCB,73643
60,59,79,0,198,PCM,16048
38,77,29,0,144,PCM,66540
58,82,0,63,203,PCB,18741
70,70,0,56,196,PCB,26264
53,86,59,0,198,PCM,14591
69,87,0,36,192,PCB,29461
37,95,92,0,224,PCM,5818
89,78,27,0,194,PCM,17728
69,75,70,0,214,PCM,8793
88,61,57,0,206,PCM,12188
58,53,0,93,204,PCB,19069
39,60,89,0,188,PCM,21040
65,71,35,0,171,PCM,36384
68,70,0,58,196,PCB,23000
62,39,0,47,148,PCB,93888
95,92,62,0,249,PCM,2628
64,52,0,65,181,PCB,39681
77,97,63,0,237,PCM,2692
21,23,64,0,108,PCM,101856
81,54,0,99,234,PCB,4488
68,32,0,58,158,PCB,77176
61,33,0,45,139,PCB,110362
91,72,45,0,208,PCM,11170
46,88,0,23,157,PCB,75704
23,55,21,0,99,PCM,105909
76,89,0,90,255,PCB,3854
98,72,0,62,232,PCB,5111
20,70,0,100,190,PCB,29781
79,85,0,89,253,PCB,1472
70,37,56,0,163,PCM,43594
91,25,0,56,172,PCB,53593
43,56,0,34,133,PCB,120933
98,84,0,93,275,PCB,1776
99,32,46,0,177,PCM,29256
87,31,0,47,165,PCB,63615
81,47,20,0,148,PCM,62643
57,70,0,63,190,PCB,30275
57,98,0,63,218,PCB,10231
24,35,0,37,96,PCB,160970
61,41,22,0,124,PCM,89215
35,54,0,89,178,PCB,43212
70,70,0,25,165,PCB,64417
55,61,0,39,155,PCB,82149
22,46,0,72,140,PCB,106537
53,74,0,82,209,PCB,15931
46,35,0,75,156,PCB,77546
97,63,83,0,243,PCM,2240
63,58,60,0,181,PCM,26431
25,41,63,0,129,PCM,82897
40,79,0,62,181,PCB,39805
45,51,35,0,131,PCM,80733
63,74,94,0,231,PCM,4697
99,22,95,0,216,PCM,6829
81,60,61,0,202,PCM,13355
53,26,44,0,123,PCM,90632
43,20,82,0,145,PCM,66505
67,35,43,0,145,PCM,66449
39,77,53,0,169,PCM,37521
72,61,37,0,170,PCM,36357
83,95,0,33,211,PCB,13806
80,74,92,0,246,PCM,1475
61,82,0,50,193,PCB,27296
94,82,0,98,274,PCB,1
98,92,0,88,278,PCB,1151
47,43,0,92,182,PCB,40863
81,83,83,0,247,PCM,2425
23,45,41,0,109,PCM,100296
51,23,0,69,143,PCB,101536
50,47,22,0,119,PCM,93349
100,52,70,0,222,PCM,6552
51,84,87,0,222,PCM,6057
25,40,0,93,158,PCB,75510
86,75,61,0,222,PCM,5474
49,37,0,62,148,PCB,95179
28,49,66,0,143,PCM,67466
71,81,0,39,191,PCB,29552
30,32,0,38,100,PCB,156753
70,20,0,34,124,PCB,134352
29,81,23,0,133,PCM,80007
31,38,0,48,117,PCB,140660
81,38,25,0,144,PCM,68347
46,98,0,31,175,PCB,50179
26,84,51,0,161,PCM,47769
40,66,69,0,175,PCM,31394
56,96,27,0,179,PCM,29753
50,70,0,55,175,PCB,49707
90,69,53,0,212,PCM,9753
44,79,0,45,168,PCB,60490
24,45,0,92,161,PCB,71335
65,88,0,58,211,PCB,13413
71,84,0,61,216,PCB,12914
90,69,24,0,183,PCM,26133
83,85,0,93,261,PCB,3563
34,96,0,42,172,PCB,53792
73,98,0,34,205,PCB,18763
53,22,0,39,114,PCB,146265
97,72,21,0,190,PCM,19051
20,25,95,0,140,PCM,72261
59,94,71,0,224,PCM,6384
32,30,49,0,111,PCM,99715
48,25,75,0,148,PCM,63238
66,46,0,62,174,PCB,51562
74,75,49,0,198,PCM,14803
80,61,68,0,209,PCM,9992
24,23,0,79,126,PCB,130487
88,86,45,0,219,PCM,7507
35,65,0,98,198,PCB,22267
94,98,0,79,271,PCB,921
73,94,0,49,216,PCB,13444
75,56,0,64,195,PCB,24602
21,29,0,55,105,PCB,155000
68,57,36,0,161,PCM,45977
72,52,0,20,144,PCB,102454
33,72,0,47,152,PCB,87896
94,46,29,0,169,PCM,37407
59,36,41,0,136,PCM,75318
74,55,0,27,156,PCB,77639
56,31,0,74,161,PCB,72028
34,39,0,47,120,PCB,139444
49,34,55,0,138,PCM,72948
32,23,74,0,129,PCM,84175
88,61,0,34,183,PCB,39020
49,81,0,49,179,PCB,41483
54,56,97,0,207,PCM,10583
71,66,58,0,195,PCM,17332
33,38,0,66,137,PCB,111648
21,71,34,0,126,PCM,87213
49,25,84,0,158,PCM,49759
31,48,59,0,138,PCM,75304
22,24,0,56,102,PCB,156995
75,36,0,98,209,PCB,16191
94,65,0,49,208,PCB,14694
24,57,0,62,143,PCB,101281
40,91,0,92,223,PCB,10781
80,29,36,0,145,PCM,67163
40,44,0,55,139,PCB,109332
70,20,0,61,151,PCB,86892
99,34,0,92,225,PCB,9332
59,55,0,49,163,PCB,66152
90,96,33,0,219,PCM,6654
81,60,0,73,214,PCB,12581
21,27,0,59,107,PCB,152435
66,59,0,43,168,PCB,59146
51,43,0,21,115,PCB,144714
23,41,31,0,95,PCM,108554
64,93,0,88,245,PCB,5423
25,74,23,0,122,PCM,89319
72,40,0,73,185,PCB,36539
20,50,0,86,156,PCB,77751
55,91,0,92,238,PCB,3726
31,66,40,0,137,PCM,75821
83,43,91,0,217,PCM,7143
69,90,0,39,198,PCB,21968
29,98,91,0,218,PCM,8104
67,33,0,95,195,PCB,26620
38,75,87,0,200,PCM,14122
31,30,45,0,106,PCM,102898
85,66,56,0,207,PCM,10118
33,47,48,0,128,PCM,85408
91,64,0,92,247,PCB,5427
54,27,20,0,101,PCM,104445
75,40,0,73,188,PCB,31036
70,41,24,0,135,PCM,77539
78,46,0,47,171,PCB,52875
63,40,69,0,172,PCM,35219
26,35,0,49,110,PCB,149722
61,56,0,53,170,PCB,57104
20,20,0,41,81,PCB,169609
21,97,51,0,169,PCM,38195
20,75,44,0,139,PCM,72103
71,52,0,93,216,PCB,10662
63,83,91,0,237,PCM,2912
32,43,0,97,172,PCB,51992
59,97,0,50,206,PCB,18067
87,50,72,0,209,PCM,10368
87,62,0,92,241,PCB,2976
69,31,98,0,198,PCM,15465
31,36,0,66,133,PCB,119263
94,26,44,0,164,PCM,43589
74,51,0,73,198,PCB,23719
99,89,92,0,280,PCM,1
32,35,0,41,108,PCB,150122
35,46,0,85,166,PCB,63154
35,100,0,52,187,PCB,34995
79,75,0,34,188,PCB,30803
51,40,26,0,117,PCM,94424
87,95,61,0,243,PCM,1827
45,34,77,0,156,PCM,53433
48,43,38,0,129,PCM,83573
62,32,0,66,160,PCB,71452
61,38,59,0,158,PCM,51345
87,68,84,0,239,PCM,2126
85,58,31,0,174,PCM,32073
73,32,42,0,147,PCM,64716
41,38,85,0,164,PCM,43043
77,33,74,0,184,PCM,24285
45,92,0,47,184,PCB,35383
42,52,0,52,146,PCB,96029
55,28,84,0,167,PCM,40518
48,90,0,90,228,PCB,7669
46,63,100,0,209,PCM,10243
59,36,0,59,154,PCB,84609
75,57,0,80,212,PCB,13809
38,27,0,83,148,PCB,94820
79,31,0,38,148,PCB,93867
79,71,88,0,238,PCM,2747
54,49,24,0,127,PCM,84979
39,82,57,0,178,PCM,29894
68,79,34,0,181,PCM,27320
22,54,0,37,113,PCB,146280
29,52,0,27,108,PCB,150533
44,85,0,39,168,PCB,58252
45,26,24,0,95,PCM,107323
74,90,0,83,247,PCB,3769
26,100,82,0,208,PCM,10192
23,88,0,25,136,PCB,113919
92,50,48,0,190,PCM,19413
82,20,0,33,135,PCB,116221
51,21,0,47,119,PCB,138495
79,85,0,76,240,PCB,5139
51,70,0,22,143,PCB,101038
63,35,0,69,167,PCB,61220
100,73,67,0,240,PCM,3945
22,41,0,37,100,PCB,158016
31,81,0,78,190,PCB,30483
30,33,93,0,156,PCM,53428
78,48,56,0,182,PCM,25114
34,98,0,35,167,PCB,61422
66,79,0,31,176,PCB,48468
61,39,97,0,197,PCM,16555
70,79,0,27,176,PCB,47936
63,45,86,0,194,PCM,16596
58,39,61,0,158,PCM,50955
24,40,0,61,125,PCB,132503
85,70,83,0,238,PCM,2277
21,90,94,0,205,PCM,11484
47,89,90,0,226,PCM,4733
39,84,42,0,165,PCM,43551
25,66,0,50,141,PCB,106205
51,53,62,0,166,PCM,42216
53,56,0,50,159,PCB,75341
99,96,93,0,288,PCM,340
86,81,98,0,265,PCM,1933
88,84,53,0,225,PCM,5464
78,20,0,35,133,PCB,119654
97,72,97,0,266,PCM,1731
100,89,93,0,282,PCM,1
96,28,84,0,208,PCM,11783
84,66,0,92,242,PCB,5658
36,51,0,65,152,PCB,86056
66,72,0,94,232,PCB,6864
80,76,0,25,181,PCB,39880
25,75,0,89,189,PCB,32403
99,66,73,0,238,PCM,3226
55,40,0,29,124,PCB,132533
38,36,0,32,106,PCB,153588
44,98,0,36,178,PCB,44827
23,28,0,37,88,PCB,164651
61,20,0,97,178,PCB,45867
90,81,0,79,250,PCB,4516
30,55,0,39,124,PCB,134441
33,20,31,0,84,PCM,112198
65,71,0,50,186,PCB,34971
86,91,0,64,241,PCB,3579
87,96,0,82,265,PCB,1510
29,44,91,0,164,PCM,44322
70,27,0,82,179,PCB,42767
51,96,82,0,229,PCM,4082
48,64,99,0,211,PCM,8990
89,68,25,0,182,PCM,26022
94,36,80,0,210,PCM,10860
22,61,82,0,165,PCM,43494
34,65,0,75,174,PCB,48120
32,97,42,0,171,PCM,36079
72,90,97,0,259,PCM,2369
96,65,0,73,234,PCB,6829
45,32,0,96,173,PCB,52253
81,62,47,0,190,PCM,20417
74,24,28,0,126,PCM,86222
44,82,0,31,157,PCB,77689
66,49,45,0,160,PCM,47135
23,85,0,48,156,PCB,80964
93,44,0,67,204,PCB,20049
70,34,92,0,196,PCM,16806
31,62,51,0,144,PCM,67708
80,38,77,0,195,PCM,16345
94,79,0,57,230,PCB,6101
31,75,38,0,144,PCM,66429
20,28,35,0,83,PCM,112300
29,30,0,99,158,PCB,74926
53,44,0,93,190,PCB,29380
100,64,89,0,253,PCM,1140
63,71,0,57,191,PCB,29235
56,59,0,38,153,PCB,85355
71,97,0,50,218,PCB,12466
29,20,0,54,103,PCB,155038
98,85,54,0,237,PCM,2755
94,99,0,87,280,PCB,2649
20,40,68,0,128,PCM,85126
28,97,88,0,213,PCM,9524
45,27,0,92,164,PCB,65171
26,72,0,24,122,PCB,137276
97,24,74,0,195,PCM,16889
55,60,91,0,206,PCM,10787
96,48,0,49,193,PCB,27005
58,53,0,43,154,PCB,81843
50,83,0,82,215,PCB,12539
20,28,42,0,90,PCM,109337
90,43,0,36,169,PCB,57302
67,85,69,0,221,PCM,7368
83,66,38,0,187,PCM,22442
57,21,0,30,108,PCB,151034
59,78,0,94,231,PCB,6673
44,28,0,96,168,PCB,60480
47,31,0,96,174,PCB,49035
39,52,0,95,186,PCB,35360
55,100,0,95,250,PCB,4725
80,64,0,70,214,PCB,11936
63,78,0,50,191,PCB,28279
72,49,0,26,147,PCB,97162
24,71,0,61,156,PCB,80552
99,26,29,0,154,PCM,54932
51,23,0,68,142,PCB,103584
42,89,0,42,173,PCB,51037
92,66,0,85,243,PCB,5302
36,82,78,0,196,PCM,16664
93,40,0,37,170,PCB,54502
62,81,54,0,197,PCM,16341
47,50,0,77,174,PCB,50996
55,98,0,95,248,PCB,3236
92,88,72,0,252,PCM,1148
74,54,0,93,221,PCB,11517
69,90,37,0,196,PCM,17037
42,66,87,0,195,PCM,17548
91,70,0,64,225,PCB,10011
80,21,59,0,160,PCM,49112
71,61,84,0,216,PCM,6803
62,82,0,88,232,PCB,7021
80,61,42,0,183,PCM,24715
45,83,0,68,196,PCB,24670
22,66,0,77,165,PCB,63235
91,61,52,0,204,PCM,12879
43,25,95,0,163,PCM,44664
35,60,0,79,174,PCB,48286
91,52,0,70,213,PCB,11812
27,31,30,0,88,PCM,111393
57,57,92,0,206,PCM,12696
46,30,50,0,126,PCM,87973
80,57,20,0,157,PCM,51422
75,31,0,34,140,PCB,109495
35,91,94,0,220,PCM,7622
100,88,0,44,232,PCB,7578
49,67,0,89,205,PCB,18915
67,68,0,50,185,PCB,35317
34,44,79,0,157,PCM,52170
25,95,0,33,153,PCB,82957
43,73,0,75,191,PCB,30258
33,89,0,41,163,PCB,67535
29,100,26,0,155,PCM,53749
76,76,75,0,227,PCM,5870
37,29,47,0,113,PCM,97158
75,22,0,31,128,PCB,126824
90,70,98,0,258,PCM,1022
34,97,70,0,201,PCM,13333
37,48,25,0,110,PCM,98784
42,97,83,0,222,PCM,6908
90,98,81,0,269,PCM,2062
27,68,0,94,189,PCB,30556
98,85,0,48,231,PCB,6772
31,83,0,56,170,PCB,56463
59,45,0,59,163,PCB,67655
76,61,20,0,157,PCM,51364
21,60,55,0,136,PCM,76471
76,85,34,0,195,PCM,16278
97,68,0,44,209,PCB,15728
48,39,24,0,111,PCM,97992
95,80,0,43,218,PCB,9680
66,55,73,0,194,PCM,17970
86,96,0,38,220,PCB,10254
71,93,78,0,242,PCM,2794
88,79,92,0,259,PCM,2232
32,33,100,0,165,PCM,42226
64,90,31,0,185,PCM,22909
29,45,100,0,174,PCM,33358
77,56,0,42,175,PCB,50172
92,75,69,0,236,PCM,4664
70,76,53,0,199,PCM,15789
28,20,0,50,98,PCB,158429
84,61,0,62,207,PCB,17088
41,64,95,0,200,PCM,15167
46,44,0,30,120,PCB,138698
100,43,0,59,202,PCB,20826
85,79,0,29,193,PCB,26961
93,34,75,0,202,PCM,13051
80,32,37,0,149,PCM,60600
49,51,0,96,196,PCB,22995
71,35,39,0,145,PCM,65326
32,50,0,33,115,PCB,145594
58,84,57,0,199,PCM,14277
82,41,0,42,165,PCB,63964
86,26,0,28,140,PCB,108724
46,69,26,0,141,PCM,70218
35,49,100,0,184,PCM,25372
28,21,0,71,120,PCB,137341
65,33,0,96,194,PCB,27362
76,91,0,82,249,PCB,4471
70,41,0,56,167,PCB,61158
52,70,0,29,151,PCB,88127
71,45,0,97,213,PCB,14112
65,94,0,91,250,PCB,3755
39,54,60,0,153,PCM,55855
66,35,61,0,162,PCM,46857
87,47,21,0,155,PCM,53866
40,61,67,0,168,PCM,38168
65,41,97,0,203,PCM,12424
91,60,0,36,187,PCB,33535
68,30,0,37,135,PCB,116627
55,20,0,30,105,PCB,154377
80,67,0,91,238,PCB,3870
83,20,98,0,201,PCM,13525
89,42,25,0,156,PCM,53456
93,79,0,33,205,PCB,17791
76,20,74,0,170,PCM,36159
97,90,89,0,276,PCM,109
96,21,97,0,214,PCM,8175
47,90,57,0,194,PCM,17720
30,74,27,0,131,PCM,81234
40,29,0,36,105,PCB,153081
53,69,74,0,196,PCM,16070
23,24,84,0,131,PCM,80881
48,26,46,0,120,PCM,92466
95,33,41,0,169,PCM,38749
59,46,0,26,131,PCB,121575
47,49,72,0,168,PCM,39836
86,57,0,82,225,PCB,10219
38,49,48,0,135,PCM,77250
85,47,0,37,169,PCB,58486
95,82,100,0,277,PCM,1335
23,30,99,0,152,PCM,56556
80,93,98,0,271,PCM,194
92,94,0,33,219,PCB,10808
54,88,26,0,168,PCM,39066
64,20,0,82,166,PCB,60464
84,42,0,85,211,PCB,14061
61,92,0,100,253,PCB,1910
60,45,0,21,126,PCB,128483
21,76,0,53,150,PCB,90401
64,72,61,0,197,PCM,15186
58,51,65,0,174,PCM,32518
53,100,21,0,174,PCM,33941
77,53,20,0,150,PCM,60673
44,91,0,77,212,PCB,14438
69,91,0,38,198,PCB,23264
66,67,0,61,194,PCB,27568
65,69,0,34,168,PCB,57636
94,46,0,79,219,PCB,12446
74,51,70,0,195,PCM,16176
63,93,0,29,185,PCB,34624
42,33,89,0,164,PCM,42939
58,75,0,69,202,PCB,19373
93,89,0,57,239,PCB,5263
67,61,33,0,161,PCM,45972
51,81,0,100,232,PCB,8251
31,22,0,25,78,PCB,169208
45,36,0,85,166,PCB,63074
27,25,56,0,108,PCM,101252
82,37,0,50,169,PCB,58903
74,38,0,83,195,PCB,24583
89,42,0,81,212,PCB,14018
45,64,57,0,166,PCM,41724
81,40,0,80,201,PCB,19690
28,48,0,41,117,PCB,141870
91,37,0,21,149,PCB,91474
25,66,0,41,132,PCB,119778
57,53,0,48,158,PCB,74867
25,40,21,0,86,PCM,111983
56,76,88,0,220,PCM,6416
36,59,0,66,161,PCB,71173
44,94,61,0,199,PCM,15580
51,44,24,0,119,PCM,92102
34,60,85,0,179,PCM,28522
48,42,0,45,135,PCB,117600
29,78,0,88,195,PCB,24125
90,87,76,0,253,PCM,2760
70,73,0,90,233,PCB,5158
66,48,0,98,212,PCB,13914
28,80,0,50,158,PCB,77173
47,54,86,0,187,PCM,21740
44,75,98,0,217,PCM,8713
30,96,0,53,179,PCB,42504
59,34,94,0,187,PCM,21336
95,29,0,29,153,PCB,83889
92,84,0,76,252,PCB,2852
63,90,0,46,199,PCB,22749
74,50,0,62,186,PCB,35500
93,82,0,21,196,PCB,26439
21,54,91,0,166,PCM,40706
78,23,0,83,184,PCB,38103
20,29,88,0,137,PCM,74860
31,34,0,92,157,PCB,77347
97,68,87,0,252,PCM,2405
82,48,0,83,213,PCB,14108
61,28,65,0,154,PCM,55554
89,23,98,0,210,PCM,10827
50,63,56,0,169,PCM,37895
33,45,0,87,165,PCB,62786
34,88,36,0,158,PCM,49774
80,32,98,0,210,PCM,8780
64,85,63,0,212,PCM,8187
77,44,74,0,195,PCM,17542
83,65,98,0,246,PCM,2488
81,34,0,44,159,PCB,72281
40,45,0,85,170,PCB,56534
63,76,0,49,188,PCB,32766
75,33,0,25,133,PCB,121009
97,92,0,96,285,PCB,1
26,22,0,47,95,PCB,160726
28,67,0,54,149,PCB,91007
24,56,0,22,102,PCB,156650
22,58,0,58,138,PCB,110919
38,31,0,95,164,PCB,65290
28,89,90,0,207,PCM,11408
24,45,97,0,166,PCM,41903
84,37,0,83,204,PCB,20274
29,84,0,82,195,PCB,25983
63,38,0,78,179,PCB,44698
81,80,45,0,206,PCM,11708
40,81,60,0,181,PCM,27237
33,84,0,49,166,PCB,60767
41,64,73,0,178,PCM,29942
83,100,0,35,218,PCB,12308
99,42,51,0,192,PCM,17796
44,43,0,31,118,PCB,141994
82,26,0,29,137,PCB,112721
86,46,0,57,189,PCB,31755
94,47,0,80,221,PCB,10396
83,83,46,0,212,PCM,10459
77,23,0,75,175,PCB,48376
47,42,64,0,153,PCM,55308
52,90,46,0,188,PCM,21982
58,65,0,61,184,PCB,38193
67,100,96,0,263,PCM,1050
39,64,0,69,172,PCB,52699
65,59,0,25,149,PCB,90270
52,50,73,0,175,PCM,33034
72,92,0,91,255,PCB,959
92,41,0,45,178,PCB,45358
38,72,87,0,197,PCM,15482
39,89,0,51,179,PCB,43673
41,47,0,25,113,PCB,144961
93,56,95,0,244,PCM,2858
94,80,0,32,206,PCB,16101
46,82,59,0,187,PCM,23016
45,64,0,76,185,PCB,37012
77,97,0,50,224,PCB,9124
71,68,71,0,210,PCM,11072
64,47,0,73,184,PCB,36429
69,42,0,49,160,PCB,70674
91,25,20,0,136,PCM,76098
85,43,0,25,153,PCB,84760
63,50,32,0,145,PCM,66838
55,37,68,0,160,PCM,47292
76,90,0,60,226,PCB,7752
38,55,74,0,167,PCM,39534
96,50,67,0,213,PCM,9489
57,92,0,42,191,PCB,30964
73,97,59,0,229,PCM,4851
31,84,99,0,214,PCM,9249
90,78,0,52,220,PCB,11351
33,43,0,63,139,PCB,110275
37,52,50,0,139,PCM,72418
76,46,0,94,216,PCB,13335
90,85,0,45,220,PCB,9499
49,71,0,96,216,PCB,11577
63,58,74,0,195,PCM,16048
62,99,0,56,217,PCB,10472
26,88,0,56,170,PCB,54162
96,54,91,0,241,PCM,2306
23,30,43,0,96,PCM,108649
75,68,30,0,173,PCM,33589
66,48,0,28,142,PCB,106004
73,74,0,46,193,PCB,28903
81,66,53,0,200,PCM,14715
62,65,86,0,213,PCM,9321
42,20,0,41,103,PCB,156245
24,67,0,33,124,PCB,133528
85,81,69,0,235,PCM,3638
32,92,0,63,187,PCB,31925
97,29,0,71,197,PCB,25166
85,28,0,92,205,PCB,16393
55,69,28,0,152,PCM,57011
52,66,0,65,183,PCB,36413
91,39,0,45,175,PCB,49666
41,65,55,0,161,PCM,46099
89,49,27,0,165,PCM,41377
47,53,67,0,167,PCM,39783
100,28,51,0,179,PCM,29623
62,42,0,84,188,PCB,32782
79,28,0,95,202,PCB,20318
54,30,23,0,107,PCM,102139
59,28,0,81,168,PCB,57198
63,28,0,79,170,PCB,55469
24,64,23,0,111,PCM,98553
72,97,0,76,245,PCB,5079
37,51,0,77,165,PCB,62529
51,72,60,0,183,PCM,24850
38,96,0,45,179,PCB,41603
92,27,88,0,207,PCM,12212
64,69,0,95,228,PCB,6076
32,87,31,0,150,PCM,59728
42,95,0,49,186,PCB,34351
26,85,57,0,168,PCM,39914
74,91,0,100,265,PCB,2760
34,68,0,76,178,PCB,44014
47,33,0,84,164,PCB,66064
63,45,0,78,186,PCB,35779
64,41,0,24,129,PCB,126363
83,62,65,0,210,PCM,9434
54,65,94,0,213,PCM,9023
64,43,59,0,166,PCM,40808
49,30,36,0,115,PCM,96878
42,49,72,0,163,PCM,45545
20,78,52,0,150,PCM,59392
62,45,0,31,138,PCB,111146
86,34,0,22,142,PCB,102746
75,70,0,29,174,PCB,51527
31,99,76,0,206,PCM,11581
38,58,97,0,193,PCM,18480
34,27,69,0,130,PCM,82570
51,29,0,77,157,PCB,76174
22,32,98,0,152,PCM,56849
83,72,0,27,182,PCB,39992
68,51,0,50,169,PCB,57531
85,86,0,50,221,PCB,9832
42,47,85,0,174,PCM,34191
80,69,0,90,239,PCB,6426
62,29,24,0,115,PCM,95124
38,68,51,0,157,PCM,51336
23,65,63,0,151,PCM,59301
100,50,0,73,223,PCB,8725
70,64,0,95,229,PCB,6739
75,62,0,29,166,PCB,63364
98,29,0,49,176,PCB,45466
54,25,96,0,175,PCM,33033
37,35,68,0,140,PCM,72405
62,74,31,0,167,PCM,40774
91,54,0,68,213,PCB,14343
71,88,0,78,237,PCB,5020
66,50,0,48,164,PCB,66250
52,47,74,0,173,PCM,34092
44,65,0,70,179,PCB,44497
54,95,0,96,245,PCB,2206
35,74,0,92,201,PCB,19099
27,78,92,0,197,PCM,16707
92,23,92,0,207,PCM,10875
56,60,0,47,163,PCB,65864
22,42,0,78,142,PCB,105760
54,59,0,43,156,PCB,77755
23,48,39,0,110,PCM,99390
21,68,0,79,168,PCB,58405
49,21,100,0,170,PCM,37908
80,36,0,100,216,PCB,10983
78,100,0,77,255,PCB,1640
61,70,0,94,225,PCB,7069
89,88,36,0,213,PCM,9255
22,100,43,0,165,PCM,41767
97,94,71,0,262,PCM,477
51,68,53,0,172,PCM,34783
84,62,98,0,244,PCM,3338
50,55,0,53,158,PCB,74652
90,81,0,47,218,PCB,11035
64,68,76,0,208,PCM,11223
93,73,51,0,217,PCM,6796
83,20,0,34,137,PCB,111559
40,71,63,0,174,PCM,34179
87,91,67,0,245,PCM,1530
30,69,0,63,162,PCB,68678
89,41,72,0,202,PCM,12543
39,77,61,0,177,PCM,30807
90,44,0,100,234,PCB,4725
30,29,0,89,148,PCB,93272
20,52,0,52,124,PCB,132338
91,97,0,34,222,PCB,10751
26,72,0,88,186,PCB,35094
69,73,29,0,171,PCM,35140
44,71,77,0,192,PCM,19576
78,51,60,0,189,PCM,19926
78,64,28,0,170,PCM,37596
100,71,63,0,234,PCM,4276
28,28,0,48,104,PCB,153711
48,65,82,0,195,PCM,17102
22,41,53,0,116,PCM,95812
41,59,0,20,120,PCB,138059
90,61,0,52,203,PCB,20911
36,54,0,21,111,PCB,150375
44,77,73,0,194,PCM,18780
83,99,0,40,222,PCB,9425
100,24,0,95,219,PCB,11697
92,66,22,0,180,PCM,28198
47,77,62,0,186,PCM,23062
69,68,96,0,233,PCM,3280
79,20,70,0,169,PCM,37429
28,70,28,0,126,PCM,87086
37,23,0,75,135,PCB,117079
83,83,0,91,257,PCB,3873
42,61,82,0,185,PCM,22921
42,60,0,77,179,PCB,41316
29,21,43,0,93,PCM,108774
23,100,56,0,179,PCM,28553
30,35,40,0,105,PCM,102198
37,22,0,92,151,PCB,88331
79,52,78,0,209,PCM,10808
74,85,0,46,205,PCB,18855
46,38,0,85,169,PCB,56840
42,28,63,0,133,PCM,78995
45,48,0,51,144,PCB,101226
80,82,0,99,261,PCB,1402
96,56,0,36,188,PCB,31804
71,55,24,0,150,PCM,60955
48,87,0,87,222,PCB,9638
63,36,50,0,149,PCM,61792
91,91,31,0,213,PCM,8265
35,99,67,0,201,PCM,14980
20,83,0,48,151,PCB,89197
33,79,56,0,168,PCM,38730
28,45,97,0,170,PCM,36231
22,74,0,73,169,PCB,55643
85,92,43,0,220,PCM,6195
57,100,0,87,244,PCB,5536
96,82,91,0,269,PCM,1789
29,88,57,0,174,PCM,32641
90,89,81,0,260,PCM,1330
28,45,0,85,158,PCB,76120
30,88,27,0,145,PCM,66995
43,49,46,0,138,PCM,74697
71,83,0,66,220,PCB,11935
89,54,0,53,196,PCB,24612
77,59,0,58,194,PCB,26276
41,31,0,80,152,PCB,86258
23,25,43,0,91,PCM,109521
62,76,0,83,221,PCB,9137
61,56,0,70,187,PCB,35115
25,27,37,0,89,PCM,110375
90,38,0,59,187,PCB,35004
21,30,38,0,89,PCM,111407
72,94,0,49,215,PCB,13313
88,79,0,87,254,PCB,2551
52,86,34,0,172,PCM,35852
53,93,46,0,192,PCM,19219
94,34,34,0,162,PCM,45677
87,57,0,96,240,PCB,3100
91,79,74,0,244,PCM,3443
34,91,65,0,190,PCM,20457
99,78,0,48,225,PCB,9806
79,78,0,41,198,PCB,22919
51,50,0,58,159,PCB,75732
99,99,0,78,276,PCB,1724
79,37,97,0,213,PCM,8046
78,58,50,0,186,PCM,23889
52,86,36,0,174,PCM,32930
91,52,59,0,202,PCM,12828
57,29,50,0,136,PCM,77439
88,89,31,0,208,PCM,11536
65,99,45,0,209,PCM,9330
66,47,28,0,141,PCM,69808
59,40,57,0,156,PCM,52895
90,97,48,0,235,PCM,4042
49,23,0,61,133,PCB,120920
63,58,0,35,156,PCB,79359
31,60,42,0,133,PCM,78586
87,96,43,0,226,PCM,4770
94,85,0,96,275,PCB,2359
77,44,50,0,171,PCM,35048
27,35,22,0,84,PCM,113017
39,80,0,28,147,PCB,94225
100,23,35,0,158,PCM,50780
26,43,0,44,113,PCB,145550
29,97,0,43,169,PCB,55737
59,30,0,79,168,PCB,60053
61,27,0,87,175,PCB,46952
55,99,0,64,218,PCB,11682
66,32,0,44,142,PCB,102826
90,63,31,0,184,PCM,24537
83,99,66,0,248,PCM,3440
79,98,0,73,250,PCB,1475
39,33,0,45,117,PCB,141192
36,62,55,0,153,PCM,57197
80,40,0,38,158,PCB,75445
27,23,58,0,108,PCM,101232
84,45,0,55,184,PCB,38349
78,94,69,0,241,PCM,2518
58,66,36,0,160,PCM,47015
68,98,0,48,214,PCB,12206
41,31,49,0,121,PCM,91459
44,85,0,83,212,PCB,12821
68,43,22,0,133,PCM,80575
73,69,30,0,172,PCM,34270
38,35,0,93,166,PCB,63296
70,82,0,86,238,PCB,4144
24,83,0,27,134,PCB,119606
39,63,63,0,165,PCM,41682
27,32,0,59,118,PCB,142102
83,23,42,0,148,PCM,63487
49,62,0,86,197,PCB,24633
34,26,0,61,121,PCB,137712
29,32,0,87,148,PCB,93670
60,69,0,33,162,PCB,68278
52,98,0,77,227,PCB,8534
20,25,41,0,86,PCM,111594
44,27,0,30,101,PCB,158537
46,53,0,38,137,PCB,113576
56,21,0,23,100,PCB,157976
97,44,68,0,209,PCM,9387
60,71,40,0,171,PCM,35727
78,54,59,0,191,PCM,20253
74,74,0,94,242,PCB,5776
91,46,0,38,175,PCB,46812
60,71,31,0,162,PCM,45615
52,90,0,53,195,PCB,24574
80,96,28,0,204,PCM,13368
51,51,45,0,147,PCM,64447
99,37,33,0,169,PCM,37431
88,25,51,0,164,PCM,44341
77,71,0,34,182,PCB,37569
97,63,0,25,185,PCB,34022
46,65,0,37,148,PCB,92120
35,78,0,82,195,PCB,24345
53,74,71,0,198,PCM,14606
28,78,61,0,167,PCM,39610
39,53,83,0,175,PCM,32752
73,31,0,52,156,PCB,80698
78,50,0,95,223,PCB,9860
51,23,25,0,99,PCM,106889
79,60,71,0,210,PCM,10767
73,24,0,62,159,PCB,73377
37,94,0,56,187,PCB,33835
40,70,93,0,203,PCM,11681
71,39,53,0,163,PCM,45527
99,35,0,96,230,PCB,7875
66,49,41,0,156,PCM,53901
24,74,74,0,172,PCM,34575
93,71,45,0,209,PCM,11196
41,44,69,0,154,PCM,55625
28,75,72,0,175,PCM,31531
43,91,78,0,212,PCM,8838
71,77,0,73,221,PCB,9621
80,84,83,0,247,PCM,2933
98,53,45,0,196,PCM,16316
31,50,31,0,112,PCM,98573
38,22,74,0,134,PCM,79003
51,71,0,78,200,PCB,20914
44,91,0,33,168,PCB,60272
63,57,57,0,177,PCM,29449
74,94,0,83,251,PCB,3538
89,74,67,0,230,PCM,4935
86,74,0,35,195,PCB,25969
45,83,25,0,153,PCM,57411
66,99,75,0,240,PCM,2269
86,75,21,0,182,PCM,25586
68,97,0,77,242,PCB,5265
63,30,53,0,146,PCM,65935
43,68,96,0,207,PCM,11992
54,74,29,0,157,PCM,51837
48,54,0,44,146,PCB,98200
64,90,0,78,232,PCB,5153
56,43,45,0,144,PCM,68115
51,89,0,38,178,PCB,45278
77,74,0,64,215,PCB,13736
31,53,91,0,175,PCM,33299
63,21,71,0,155,PCM,54027
87,77,0,20,184,PCB,37503
89,38,0,65,192,PCB,29574
32,77,81,0,190,PCM,20025
76,42,55,0,173,PCM,33297
79,31,26,0,136,PCM,75382
90,51,66,0,207,PCM,12271
35,86,0,76,197,PCB,22033
85,79,0,62,226,PCB,8971
53,100,99,0,252,PCM,2627
91,66,83,0,240,PCM,3803
77,62,0,35,174,PCB,48770
79,46,71,0,196,PCM,16573
51,85,0,44,180,PCB,40373
78,88,28,0,194,PCM,18013
77,27,24,0,128,PCM,85291
81,41,29,0,151,PCM,59511
80,88,35,0,203,PCM,12296
27,53,0,45,125,PCB,130298
85,74,0,84,243,PCB,4517
96,23,0,75,194,PCB,26862
97,79,0,79,255,PCB,3514
36,48,43,0,127,PCM,86085
20,78,100,0,198,PCM,15821
25,49,0,62,136,PCB,113426
44,22,0,91,157,PCB,77807
94,74,48,0,216,PCM,8750
69,90,33,0,192,PCM,18567
75,97,0,57,229,PCB,7839
71,27,0,50,148,PCB,95224
59,86,0,96,241,PCB,3573
38,65,60,0,163,PCM,45016
24,68,0,43,135,PCB,116107
24,67,0,59,150,PCB,88461
90,91,0,87,268,PCB,3195
59,52,42,0,153,PCM,55587
93,43,61,0,197,PCM,15986
89,60,66,0,215,PCM,7740
98,98,0,84,280,PCB,256
67,68,0,70,205,PCB,16591
26,83,0,80,189,PCB,32646
96,89,24,0,209,PCM,10409
36,98,68,0,202,PCM,12604
72,45,82,0,199,PCM,13721
47,47,58,0,152,PCM,57182
37,33,0,84,154,PCB,81319
42,52,0,78,172,PCB,52140
70,49,29,0,148,PCM,62432
44,34,0,20,98,PCB,158808
39,92,40,0,171,PCM,35998
52,29,0,66,147,PCB,95788
76,57,0,89,222,PCB,9600
85,82,0,52,219,PCB,12405
36,83,72,0,191,PCM,19750
35,47,0,68,150,PCB,90026
54,58,0,57,169,PCB,55959
78,83,82,0,243,PCM,3698
33,96,0,53,182,PCB,39111
79,90,48,0,217,PCM,7061
32,55,75,0,162,PCM,46631
94,80,0,78,252,PCB,2010
74,23,74,0,171,PCM,36542
98,68,40,0,206,PCM,12148
24,69,0,72,165,PCB,64064
75,85,51,0,211,PCM,10243
26,46,58,0,130,PCM,82704
80,21,0,70,171,PCB,55980
45,30,0,42,117,PCB,143806
53,78,0,23,154,PCB,81066
99,53,0,63,215,PCB,11138
55,86,27,0,168,PCM,39338
89,46,0,30,165,PCB,65399
91,71,0,38,200,PCB,19954
70,83,32,0,185,PCM,24273
62,77,0,91,230,PCB,7675
46,84,20,0,150,PCM,61144
80,75,0,89,244,PCB,3843
89,75,37,0,201,PCM,13786
92,87,0,90,269,PCB,1
81,88,35,0,204,PCM,13465
52,56,0,26,134,PCB,118074
88,56,0,24,168,PCB,60473
24,61,21,0,106,PCM,102762
35,77,0,69,181,PCB,40627
67,83,49,0,199,PCM,15682
88,33,73,0,194,PCM,16515
35,99,0,50,184,PCB,36351
57,56,49,0,162,PCM,45739
93,75,85,0,253,PCM,1666
82,57,0,91,230,PCB,5278
96,32,64,0,192,PCM,18037
96,43,75,0,214,PCM,8448
96,51,50,0,197,PCM,16357
29,87,67,0,183,PCM,24500
20,87,0,89,196,PCB,26166
95,62,0,24,181,PCB,39545
67,43,93,0,203,PCM,12896
38,24,0,91,153,PCB,83956
99,89,39,0,227,PCM,6343
24,66,0,96,186,PCB,34999
51,40,43,0,134,PCM,78147
24,100,0,41,165,PCB,63851
89,89,0,38,216,PCB,12315
20,77,53,0,150,PCM,60440
64,26,0,89,179,PCB,44160
42,57,0,81,180,PCB,41916
84,97,65,0,246,PCM,2892
85,38,0,76,199,PCB,24001
85,26,48,0,159,PCM,48781
83,79,0,53,215,PCB,10761
81,64,63,0,208,PCM,11750
60,80,59,0,199,PCM,15875
28,99,0,90,217,PCB,10655
65,34,60,0,159,PCM,49523
27,79,0,95,201,PCB,22128
48,64,91,0,203,PCM,13539
67,85,0,23,175,PCB,49889
65,21,29,0,115,PCM,95813
86,96,62,0,244,PCM,3722
24,33,0,32,89,PCB,167115
54,21,0,68,143,PCB,103875
25,89,0,88,202,PCB,21765
77,43,0,35,155,PCB,80203
35,78,22,0,135,PCM,78322
50,97,0,84,231,PCB,7067
41,22,48,0,111,PCM,98733
56,91,0,77,224,PCB,9364
23,93,56,0,172,PCM,35562
34,36,0,20,90,PCB,166737
57,86,0,20,163,PCB,66790
23,65,62,0,150,PCM,59599
96,30,0,20,146,PCB,97627
81,95,0,33,209,PCB,15249
28,75,42,0,145,PCM,65618
77,71,20,0,168,PCM,40305
41,30,0,84,155,PCB,79278
75,47,0,52,174,PCB,49126
20,56,31,0,107,PCM,101054
70,61,77,0,208,PCM,11533
63,81,0,32,176,PCB,46603
66,55,0,75,196,PCB,25193
94,54,27,0,175,PCM,32268
22,73,0,57,152,PCB,85940
74,54,20,0,148,PCM,61562
65,53,0,38,156,PCB,78849
82,42,0,100,224,PCB,9438
45,52,0,29,126,PCB,130312
52,44,0,25,121,PCB,138224
98,25,71,0,194,PCM,17742
41,74,0,42,157,PCB,76956
49,67,0,92,208,PCB,15662
83,64,88,0,235,PCM,4487
20,23,48,0,91,PCM,108811
33,73,32,0,138,PCM,73648
38,62,59,0,159,PCM,50234
81,65,0,63,209,PCB,16600
48,67,0,63,178,PCB,42925
21,74,55,0,150,PCM,59562
42,40,91,0,173,PCM,35318
36,94,0,29,159,PCB,73607
42,29,44,0,115,PCM,96643
84,62,0,38,184,PCB,37942
54,62,0,96,212,PCB,13874
35,80,33,0,148,PCM,62833
97,97,50,0,244,PCM,2714
67,72,61,0,200,PCM,14833
20,85,0,96,201,PCB,22125
69,32,0,34,135,PCB,116088
67,54,0,77,198,PCB,24446
63,61,62,0,186,PCM,22392
73,41,59,0,173,PCM,34563
36,56,0,35,127,PCB,127763
33,25,90,0,148,PCM,62894
51,37,99,0,187,PCM,23308
25,54,39,0,118,PCM,94704
45,87,0,98,230,PCB,5973
34,30,0,37,101,PCB,159147
82,52,0,100,234,PCB,7080
58,25,0,33,116,PCB,143027
97,80,0,87,264,PCB,1225
93,40,69,0,202,PCM,13146
25,59,85,0,169,PCM,38798
91,79,85,0,255,PCM,1578
25,89,0,69,183,PCB,37665
84,41,52,0,177,PCM,30308
90,59,77,0,226,PCM,5451
46,35,91,0,172,PCM,35592
51,26,0,30,107,PCB,150979
51,48,0,27,126,PCB,130464
60,75,24,0,159,PCM,50344
41,66,89,0,196,PCM,16999
40,72,0,55,167,PCB,58909
55,56,100,0,211,PCM,10490
73,43,0,28,144,PCB,101883
68,72,0,49,189,PCB,31128
23,57,0,55,135,PCB,116181
43,53,0,77,173,PCB,49805
65,22,0,76,163,PCB,65872
100,32,0,62,194,PCB,25725
34,71,0,35,140,PCB,107974
87,60,53,0,200,PCM,15247
65,70,91,0,226,PCM,6191
40,29,81,0,150,PCM,59975
72,52,46,0,170,PCM,36061
43,88,50,0,181,PCM,27828
46,48,74,0,168,PCM,39011
21,84,0,78,183,PCB,36222
43,52,0,73,168,PCB,58251
26,49,0,25,100,PCB,157837
95,79,0,77,251,PCB,3034
73,22,0,76,171,PCB,54731
22,32,0,82,136,PCB,114109
25,75,0,32,132,PCB,121652
56,52,0,73,181,PCB,40452
43,28,0,33,104,PCB,154209
99,35,91,0,225,PCM,5058
37,38,66,0,141,PCM,69928
33,82,0,36,151,PCB,89336
70,23,21,0,114,PCM,97887
53,72,68,0,193,PCM,17902
87,33,0,52,172,PCB,54323
29,98,0,82,209,PCB,17028
95,65,37,0,197,PCM,14956
43,75,30,0,148,PCM,62857
51,45,0,82,178,PCB,46045
33,66,91,0,190,PCM,20971
53,86,0,56,195,PCB,27010
61,78,0,75,214,PCB,12039
26,78,0,35,139,PCB,108218
51,28,0,22,101,PCB,158880
72,89,62,0,223,PCM,6066
30,59,0,21,110,PCB,151371
94,89,0,44,227,PCB,8322
57,31,20,0,108,PCM,101004
70,38,0,100,208,PCB,17489
98,40,0,77,215,PCB,11030
33,92,42,0,167,PCM,39937
26,58,0,37,121,PCB,137189
39,72,81,0,192,PCM,18358
53,38,78,0,169,PCM,39420
39,40,60,0,139,PCM,73159
54,57,0,94,205,PCB,19691
91,83,0,81,255,PCB,4231
92,100,0,21,213,PCB,15052
81,59,0,20,160,PCB,73442
31,24,84,0,139,PCM,72784
65,46,0,92,203,PCB,20689
28,58,0,65,151,PCB,88742
39,31,0,56,126,PCB,128422
43,67,0,40,150,PCB,91399
48,90,100,0,238,PCM,2960
40,100,0,53,193,PCB,27433
24,41,0,23,88,PCB,165237
43,20,88,0,151,PCM,58747
91,62,62,0,215,PCM,8275
51,98,0,96,245,PCB,3952
40,94,0,26,160,PCB,70697
67,64,65,0,196,PCM,16006
95,46,47,0,188,PCM,20844
73,50,0,91,214,PCB,14475
48,88,0,34,170,PCB,54394
62,69,0,31,162,PCB,67433
80,90,0,29,199,PCB,21136
36,42,87,0,165,PCM,43462
87,82,0,45,214,PCB,12706
82,44,0,54,180,PCB,42431
74,64,0,88,226,PCB,8024
97,21,36,0,154,PCM,56170
75,66,24,0,165,PCM,42626
66,74,94,0,234,PCM,3429
82,84,0,30,196,PCB,25332
96,33,0,34,163,PCB,66664
90,82,74,0,246,PCM,2469
91,39,76,0,206,PCM,11512
75,25,21,0,121,PCM,91274
89,26,0,43,158,PCB,74728
26,75,77,0,178,PCM,29729
36,78,0,22,136,PCB,113930
53,89,0,55,197,PCB,22700
62,30,87,0,179,PCM,28343
95,94,41,0,230,PCM,5294
87,82,39,0,208,PCM,11382
60,20,51,0,131,PCM,81081
68,73,38,0,179,PCM,29647
90,89,25,0,204,PCM,12087
45,32,86,0,163,PCM,45738
52,85,89,0,226,PCM,5620
69,69,0,58,196,PCB,24895
51,91,43,0,185,PCM,24214
52,23,0,82,157,PCB,75998
85,92,87,0,264,PCM,339
84,74,0,73,231,PCB,6658
67,82,72,0,221,PCM,6631
29,72,95,0,196,PCM,15700
88,98,26,0,212,PCM,9767
72,98,53,0,223,PCM,7038
91,68,0,30,189,PCB,31478
94,61,0,41,196,PCB,23799
44,67,29,0,140,PCM,72022
100,58,98,0,256,PCM,719
95,70,0,59,224,PCB,9055
48,72,0,97,217,PCB,12819
68,69,0,77,214,PCB,11781
35,80,64,0,179,PCM,28435
77,65,21,0,163,PCM,43822
49,32,45,0,126,PCM,87599
32,25,54,0,111,PCM,99187
30,80,45,0,155,PCM,52921
90,78,50,0,218,PCM,7640
97,35,69,0,201,PCM,13410
37,100,0,91,228,PCB,7571
84,94,46,0,224,PCM,4949
52,64,78,0,194,PCM,18672
38,85,0,75,198,PCB,22081
44,63,84,0,191,PCM,20517
27,36,69,0,132,PCM,80212
42,20,77,0,139,PCM,73905
98,26,33,0,157,PCM,52481
38,64,0,68,170,PCB,56482
65,47,73,0,185,PCM,23270
50,43,0,76,169,PCB,58184
31,27,28,0,86,PCM,111359
70,37,0,76,183,PCB,37128
83,42,64,0,189,PCM,19677
23,41,0,82,146,PCB,96607
67,82,62,0,211,PCM,8920
94,59,0,62,215,PCB,13893
61,26,0,58,145,PCB,99795
62,41,85,0,188,PCM,21894
31,57,0,41,129,PCB,125869
93,22,86,0,201,PCM,13440
75,47,0,46,168,PCB,57877
51,64,88,0,203,PCM,14000
61,66,0,69,196,PCB,23401
35,89,0,41,165,PCB,64686
66,97,0,72,235,PCB,6259
27,64,100,0,191,PCM,20453
84,84,0,30,198,PCB,23399
29,79,0,95,203,PCB,17507
83,73,53,0,209,PCM,11059
72,32,33,0,137,PCM,76149
24,62,89,0,175,PCM,33326
62,82,0,24,168,PCB,57430
58,93,47,0,198,PCM,15601
87,45,0,97,229,PCB,7566
71,89,20,0,180,PCM,27743
94,31,0,67,192,PCB,27179
23,68,87,0,178,PCM,28826
97,77,0,63,237,PCB,4753
45,26,0,85,156,PCB,78111
84,21,52,0,157,PCM,50948
28,98,0,45,171,PCB,55747
86,58,0,68,212,PCB,12424
55,23,83,0,161,PCM,47591
81,40,51,0,172,PCM,35111
80,58,60,0,198,PCM,14691
72,72,81,0,225,PCM,6018
80,82,0,95,257,PCB,2237
51,85,0,30,166,PCB,61084
92,52,0,92,236,PCB,7149
95,20,27,0,142,PCM,69702
24,46,51,0,121,PCM,92259
30,79,0,54,163,PCB,67861
46,94,34,0,174,PCM,32053
46,21,79,0,146,PCM,65452
97,30,0,20,147,PCB,94083
24,37,0,61,122,PCB,135144
83,80,0,22,185,PCB,35053
54,50,74,0,178,PCM,29935
42,47,51,0,140,PCM,71662
42,59,80,0,181,PCM,27534
97,29,20,0,146,PCM,65811
68,46,0,34,148,PCB,94101
88,46,0,26,160,PCB,72626
89,52,34,0,175,PCM,32928
82,84,56,0,222,PCM,6010
37,56,0,78,171,PCB,54727
94,31,63,0,188,PCM,21500
89,91,54,0,234,PCM,2897
81,45,59,0,185,PCM,23898
69,69,41,0,179,PCM,28724
64,89,73,0,226,PCM,5456
35,35,55,0,125,PCM,86570
60,28,0,96,184,PCB,37911
67,74,68,0,209,PCM,9665
82,74,70,0,226,PCM,4747
24,81,0,67,172,PCB,54506
22,61,0,59,142,PCB,104711
23,51,0,72,146,PCB,96876
44,57,0,43,144,PCB,99428
71,52,0,25,148,PCB,94561
35,62,28,0,125,PCM,86624
63,51,38,0,152,PCM,57941
59,30,69,0,158,PCM,50996
89,72,0,30,191,PCB,28047
50,63,99,0,212,PCM,9821
94,62,0,96,252,PCB,4681
23,31,89,0,143,PCM,68976
23,43,33,0,99,PCM,106928
92,30,74,0,196,PCM,16939
78,92,0,39,209,PCB,17298
25,83,0,98,206,PCB,16450
43,58,59,0,160,PCM,47557
43,86,22,0,151,PCM,58654
84,66,0,31,181,PCB,41969
48,32,72,0,152,PCM,56635
31,58,71,0,160,PCM,47415
99,28,96,0,223,PCM,5768
74,34,0,60,168,PCB,60170
90,28,64,0,182,PCM,26896
31,35,79,0,145,PCM,66795
21,85,0,53,159,PCB,74973
43,78,0,45,166,PCB,60787
30,34,75,0,139,PCM,72030
38,86,56,0,180,PCM,27566
65,29,0,91,185,PCB,33882
90,42,0,65,197,PCB,23283
42,41,0,52,135,PCB,114856
94,75,28,0,197,PCM,16542
99,35,0,46,180,PCB,43207
74,94,0,32,200,PCB,20147
29,50,0,78,157,PCB,77250
37,92,0,33,162,PCB,69684
23,87,75,0,185,PCM,23020
55,28,61,0,144,PCM,67817
28,99,69,0,196,PCM,16018
85,42,94,0,221,PCM,7809
88,87,0,88,263,PCB,2175
67,68,99,0,234,PCM,4673
87,49,95,0,231,PCM,3825
38,81,65,0,184,PCM,25270
48,58,91,0,197,PCM,14800
80,65,67,0,212,PCM,10151
49,53,93,0,195,PCM,16717
97,98,95,0,290,PCM,1539
72,20,74,0,166,PCM,42220
91,68,0,27,186,PCB,35404
56,88,86,0,230,PCM,5639
26,50,40,0,116,PCM,94591
93,92,66,0,251,PCM,1415
74,71,0,72,217,PCB,12275
49,70,47,0,166,PCM,40344
41,57,0,99,197,PCB,24427
98,46,0,77,221,PCB,10110
89,66,0,85,240,PCB,4157
64,54,0,54,172,PCB,52460
23,85,0,70,178,PCB,45375
74,30,55,0,159,PCM,48668
73,50,0,31,154,PCB,81161
62,82,76,0,220,PCM,6751
41,96,0,44,181,PCB,40522
77,89,0,89,255,PCB,3092
30,33,0,23,86,PCB,167169
26,79,76,0,181,PCM,27637
32,47,51,0,130,PCM,83288
65,98,29,0,192,PCM,19499
50,41,73,0,164,PCM,42860
44,24,87,0,155,PCM,54002
44,30,0,50,124,PCB,131794
22,41,84,0,147,PCM,64427
38,83,21,0,142,PCM,68730
95,34,0,47,176,PCB,47948
59,80,0,49,188,PCB,33225
54,20,66,0,140,PCM,70851
55,89,0,81,225,PCB,7234
78,83,0,77,238,PCB,6366
99,57,100,0,256,PCM,911
78,75,0,93,246,PCB,3624
56,56,23,0,135,PCM,78011
100,95,69,0,264,PCM,102
78,76,0,38,192,PCB,26874
39,55,0,100,194,PCB,27632
41,86,41,0,168,PCM,38571
55,32,0,62,149,PCB,90543
67,29,0,85,181,PCB,38688
70,63,0,37,170,PCB,57366
54,58,0,94,206,PCB,15936
69,20,0,63,152,PCB,85314
91,88,61,0,240,PCM,2403
98,82,52,0,232,PCM,3326
97,78,70,0,245,PCM,3233
57,55,0,69,181,PCB,38625
62,32,68,0,162,PCM,45052
30,94,29,0,153,PCM,56161
89,54,77,0,220,PCM,7501
57,82,0,38,177,PCB,45993
64,72,29,0,165,PCM,42172
57,36,0,88,181,PCB,39472
33,40,0,25,98,PCB,160861
43,30,52,0,125,PCM,87771
32,80,28,0,140,PCM,71499
78,40,0,39,157,PCB,78115
97,34,100,0,231,PCM,5384
32,89,73,0,194,PCM,16659
58,54,0,72,184,PCB,36504
93,84,0,21,198,PCB,21704
48,45,0,69,162,PCB,70137
55,29,36,0,120,PCM,91645
63,63,71,0,197,PCM,15006
33,64,38,0,135,PCM,77553
71,99,69,0,239,PCM,2477
76,71,75,0,222,PCM,7191
97,71,0,67,235,PCB,5372
92,77,33,0,202,PCM,13399
79,53,75,0,207,PCM,12307
100,63,0,70,233,PCB,7577
28,51,0,37,116,PCB,143832
100,21,50,0,171,PCM,35358
78,46,0,58,182,PCB,37769
55,62,0,82,199,PCB,20920
74,87,0,21,182,PCB,38894
78,92,0,22,192,PCB,27402
86,36,93,0,215,PCM,7936
68,28,62,0,158,PCM,50724
56,32,0,87,175,PCB,47872
65,80,0,78,223,PCB,8387
76,96,98,0,270,PCM,215
84,54,33,0,171,PCM,36317
71,77,0,20,168,PCB,57716
35,57,78,0,170,PCM,36116
73,90,0,79,242,PCB,5629
24,81,23,0,128,PCM,85028
32,94,43,0,169,PCM,37129
80,53,92,0,225,PCM,6513
46,58,0,81,185,PCB,35378
78,50,0,55,183,PCB,38371
39,100,0,36,175,PCB,49240
25,94,45,0,164,PCM,44802
60,36,91,0,187,PCM,21779
47,36,0,50,133,PCB,120200
67,45,25,0,137,PCM,76175
43,35,0,35,113,PCB,147672
20,41,0,96,157,PCB,78156
22,35,0,36,93,PCB,164085
78,71,41,0,190,PCM,21297
33,60,80,0,173,PCM,33944
23,27,29,0,79,PCM,113109
25,56,0,22,103,PCB,154654
55,35,0,65,155,PCB,79394
81,79,0,22,182,PCB,38471
70,97,0,30,197,PCB,24116
98,81,45,0,224,PCM,6741
36,96,27,0,159,PCM,48937
70,49,29,0,148,PCM,63310
94,28,55,0,177,PCM,30543
43,94,27,0,164,PCM,43134
49,52,0,40,141,PCB,107549
21,66,0,61,148,PCB,92605
38,34,0,84,156,PCB,79775
77,56,0,60,193,PCB,25834
86,74,65,0,225,PCM,5755
72,39,0,98,209,PCB,14532
44,66,56,0,166,PCM,40407
33,46,23,0,102,PCM,104154
100,93,0,54,247,PCB,2618
39,58,0,63,160,PCB,72623
63,81,22,0,166,PCM,42343
63,30,0,74,167,PCB,60313
56,70,21,0,147,PCM,63248
65,92,0,81,238,PCB,4959
33,74,0,38,145,PCB,100000
74,97,31,0,202,PCM,12571
31,75,97,0,203,PCM,11888
35,60,99,0,194,PCM,18582
20,38,73,0,131,PCM,81141
39,100,71,0,210,PCM,9713
75,52,20,0,147,PCM,64674
78,74,85,0,237,PCM,3839
35,45,0,37,117,PCB,141540
41,73,0,89,203,PCB,19606
93,86,0,78,257,PCB,4181
59,38,83,0,180,PCM,28907
82,31,96,0,209,PCM,9843
99,73,97,0,269,PCM,469
80,85,74,0,239,PCM,2891
83,40,30,0,153,PCM,57121
29,48,100,0,177,PCM,30726
62,86,38,0,186,PCM,23037
65,21,51,0,137,PCM,76207
86,34,0,55,175,PCB,48494
92,53,31,0,176,PCM,31719
35,72,26,0,133,PCM,78469
81,45,0,55,181,PCB,42165
59,32,72,0,163,PCM,43585
63,89,0,36,188,PCB,31291
44,22,0,32,98,PCB,161499
24,58,82,0,164,PCM,43293
79,94,20,0,193,PCM,18131
65,39,0,42,146,PCB,98977
28,25,0,47,100,PCB,157429
88,78,0,31,197,PCB,22571
63,23,41,0,127,PCM,86660
47,54,0,73,174,PCB,49416
87,90,0,60,237,PCB,4860
62,25,84,0,171,PCM,35927
44,32,37,0,113,PCM,98245
81,62,0,36,179,PCB,44575
57,82,0,88,227,PCB,7774
41,94,48,0,183,PCM,24589
100,28,65,0,193,PCM,19142
36,37,0,23,96,PCB,160771
23,82,31,0,136,PCM,75839
48,88,0,65,201,PCB,20540
39,23,0,74,136,PCB,114406
100,88,0,30,218,PCB,10444
24,57,0,55,136,PCB,115925
78,84,0,50,212,PCB,13207
25,71,0,59,155,PCB,80348
25,28,0,98,151,PCB,86961
74,22,82,0,178,PCM,29386
81,85,0,62,228,PCB,6347
69,83,0,44,196,PCB,24977
24,28,37,0,89,PCM,110417
40,91,36,0,167,PCM,40327
38,27,35,0,100,PCM,106445
22,69,0,77,168,PCB,60020
75,68,84,0,227,PCM,5554
87,41,78,0,206,PCM,10464
43,30,55,0,128,PCM,83850
59,47,23,0,129,PCM,84297
57,45,0,96,198,PCB,22707
65,41,38,0,144,PCM,68188
40,74,0,66,180,PCB,43106
32,83,78,0,193,PCM,17829
80,41,0,76,197,PCB,22114
99,94,0,94,287,PCB,486
43,99,0,66,208,PCB,16649
45,69,0,74,188,PCB,32981
71,78,0,48,197,PCB,23906
90,45,0,85,220,PCB,10530
41,44,0,84,169,PCB,59113
61,99,0,74,234,PCB,6515
23,53,0,73,149,PCB,92336
73,92,20,0,185,PCM,24403
28,42,0,87,157,PCB,77122
70,72,0,85,227,PCB,7403
43,40,0,88,171,PCB,54203
27,70,0,45,142,PCB,103480
47,36,31,0,114,PCM,96597
65,97,100,0,262,PCM,2524
55,63,53,0,171,PCM,35549
56,64,0,85,205,PCB,19070
46,90,0,25,161,PCB,72256
64,30,45,0,139,PCM,72167
66,62,73,0,201,PCM,14933
73,47,25,0,145,PCM,65466
91,58,80,0,229,PCM,5696
73,77,0,82,232,PCB,7940
26,61,0,97,184,PCB,36711
20,37,0,65,122,PCB,137058
36,29,83,0,148,PCM,62374
28,27,0,93,148,PCB,92552
71,96,0,24,191,PCB,28308
71,31,94,0,196,PCM,15355
66,81,89,0,236,PCM,3509
51,78,0,70,199,PCB,21254
67,61,69,0,197,PCM,16794
61,61,83,0,205,PCM,12054
32,51,0,22,105,PCB,153017
68,85,0,29,182,PCB,40600
44,81,0,58,183,PCB,36975
50,69,0,91,210,PCB,14507
82,64,62,0,208,PCM,11315
31,37,0,57,125,PCB,131737
24,89,39,0,152,PCM,57427
65,84,0,32,181,PCB,38713
35,61,42,0,138,PCM,74606
28,93,97,0,218,PCM,8154
77,72,0,38,187,PCB,32715
35,93,0,64,192,PCB,28280
40,28,27,0,95,PCM,108746
26,38,49,0,113,PCM,97568
43,59,0,68,170,PCB,57151
79,22,36,0,137,PCM,76415
55,26,0,97,178,PCB,42845
53,33,0,95,181,PCB,39014
90,36,0,58,184,PCB,35586
35,69,42,0,146,PCM,64970
38,40,23,0,101,PCM,105416
40,70,96,0,206,PCM,10814
83,55,0,57,195,PCB,26132
31,35,54,0,120,PCM,92235
33,82,0,40,155,PCB,80755
65,88,0,80,233,PCB,6034
90,48,0,75,213,PCB,13110
55,48,0,94,197,PCB,23767
28,61,24,0,113,PCM,97821
62,54,0,93,209,PCB,16331
69,70,0,98,237,PCB,6186
24,96,0,83,203,PCB,19842
83,78,0,78,239,PCB,4321
57,98,34,0,189,PCM,20073
29,53,0,32,114,PCB,145934
85,58,0,33,176,PCB,48370
24,89,77,0,190,PCM,20429
46,59,58,0,163,PCM,45651
78,41,35,0,154,PCM,54141
60,83,0,94,237,PCB,5000
57,72,96,0,225,PCM,5692
84,59,29,0,172,PCM,35443
46,55,26,0,127,PCM,85236
77,24,0,49,150,PCB,89258
47,22,0,31,100,PCB,158990
60,99,0,57,216,PCB,12620
46,35,79,0,160,PCM,47678
96,71,27,0,194,PCM,17271
27,67,68,0,162,PCM,46164
21,47,42,0,110,PCM,98925
25,95,0,79,199,PCB,20666
89,23,70,0,182,PCM,27215
62,53,62,0,177,PCM,31151
78,25,85,0,188,PCM,20744
82,20,0,74,176,PCB,48522
88,88,0,26,202,PCB,20002
43,93,100,0,236,PCM,2664
58,89,0,28,175,PCB,47983
57,61,87,0,205,PCM,13081
71,33,35,0,139,PCM,73414
88,95,47,0,230,PCM,5187
72,95,24,0,191,PCM,19091
35,68,87,0,190,PCM,19253
29,95,73,0,197,PCM,14860
80,50,0,85,215,PCB,12766
88,66,0,68,222,PCB,7852
59,71,0,41,171,PCB,54743
29,74,29,0,132,PCM,81899
75,47,0,72,194,PCB,27112
78,23,0,60,161,PCB,71039
51,42,33,0,126,PCM,85839
37,29,88,0,154,PCM,56016
73,54,0,57,184,PCB,37673
26,49,63,0,138,PCM,73978
77,97,26,0,200,PCM,13192
66,52,0,99,217,PCB,12248
62,94,0,59,215,PCB,13768
84,36,0,54,174,PCB,48263
95,83,0,74,252,PCB,1381
31,79,0,42,152,PCB,85969
48,37,72,0,157,PCM,52354
50,98,0,53,201,PCB,20759
84,35,37,0,156,PCM,51971
28,21,0,91,140,PCB,106574
95,59,39,0,193,PCM,18265
34,49,65,0,148,PCM,61961
40,55,100,0,195,PCM,17088
27,93,0,30,150,PCB,89477
62,72,51,0,185,PCM,23932
85,36,0,99,220,PCB,9069
90,68,51,0,209,PCM,9651
86,50,59,0,195,PCM,17895
79,45,75,0,199,PCM,15429
96,70,0,81,247,PCB,2595
71,61,49,0,181,PCM,26633
89,89,23,0,201,PCM,13486
57,38,52,0,147,PCM,63927
82,66,0,57,205,PCB,17901
62,46,89,0,197,PCM,15939
38,79,0,92,209,PCB,16255
48,46,0,59,153,PCB,84299
29,25,72,0,126,PCM,86818
75,54,0,96,225,PCB,8550
86,52,0,84,222,PCB,8545
76,22,42,0,140,PCM,72889
84,52,0,20,156,PCB,77904
20,97,0,54,171,PCB,55624
29,63,0,80,172,PCB,53800
68,63,0,41,172,PCB,54167
52,80,67,0,199,PCM,15896
24,30,47,0,101,PCM,106207
72,76,0,70,218,PCB,12202
38,44,0,49,131,PCB,121457
45,64,0,24,133,PCB,118560
28,66,91,0,185,PCM,22735
68,45,29,0,142,PCM,70697
56,99,0,61,216,PCB,10790
67,81,0,26,174,PCB,51127
60,54,0,65,179,PCB,41422
49,20,0,77,146,PCB,97365
51,55,42,0,148,PCM,61843
98,84,69,0,251,PCM,1503
99,44,44,0,187,PCM,21726
52,48,0,44,144,PCB,102046
29,54,0,90,173,PCB,51133
35,29,0,73,137,PCB,111198
48,75,0,56,179,PCB,43772
100,93,24,0,217,PCM,6912
40,66,0,69,175,PCB,47147
43,33,57,0,133,PCM,80714
87,42,0,61,190,PCB,31943
90,43,0,79,212,PCB,13914
35,58,32,0,125,PCM,88893
35,37,0,69,141,PCB,106594
43,99,77,0,219,PCM,6709
55,98,30,0,183,PCM,25117
43,98,92,0,233,PCM,4990
72,53,0,60,185,PCB,35535
70,28,68,0,166,PCM,42530
81,86,0,25,192,PCB,29206
28,45,0,92,165,PCB,63895
88,79,0,22,189,PCB,32966
56,58,0,20,134,PCB,116096
79,61,0,91,231,PCB,5943
57,76,0,62,195,PCB,25784
37,40,0,62,139,PCB,108052
38,73,0,24,135,PCB,117957
63,45,74,0,182,PCM,25738
32,36,0,32,100,PCB,157333
98,47,0,64,209,PCB,15995
76,42,0,88,206,PCB,18024
46,45,36,0,127,PCM,85824
91,90,95,0,276,PCM,587
62,66,0,28,156,PCB,78715
59,22,75,0,156,PCM,53323
53,69,0,78,200,PCB,21022
78,51,26,0,155,PCM,54278
67,33,85,0,185,PCM,23177
44,67,92,0,203,PCM,13180
49,24,0,23,96,PCB,161790
43,25,59,0,127,PCM,85324
59,76,0,39,174,PCB,50638
26,64,0,42,132,PCB,122531
93,71,56,0,220,PCM,7548
73,25,33,0,131,PCM,82663
84,70,0,56,210,PCB,16718
96,79,0,52,227,PCB,9248
98,87,0,62,247,PCB,4639
97,74,63,0,234,PCM,4261
77,92,0,56,225,PCB,8863
83,63,62,0,208,PCM,11167
62,24,0,50,136,PCB,116226
23,63,41,0,127,PCM,85267
88,94,0,51,233,PCB,7217
44,44,31,0,119,PCM,94077
89,36,85,0,210,PCM,9617
67,70,35,0,172,PCM,35717
36,44,65,0,145,PCM,66326
77,59,46,0,182,PCM,25895
92,60,0,83,235,PCB,5191
80,22,0,31,133,PCB,119859
56,94,90,0,240,PCM,4036
32,39,0,57,128,PCB,126863
41,59,0,32,132,PCB,120787
51,98,0,66,215,PCB,11177
28,58,0,62,148,PCB,93708
81,28,72,0,181,PCM,27201
97,78,0,26,201,PCB,22358
73,24,0,22,119,PCB,141141
84,50,0,41,175,PCB,47855
41,25,92,0,158,PCM,49909
51,45,89,0,185,PCM,24608
43,82,0,59,184,PCB,38063
61,60,0,57,178,PCB,43907
90,37,68,0,195,PCM,18043
85,81,23,0,189,PCM,22030
97,33,0,65,195,PCB,26033
98,90,0,33,221,PCB,9218
46,49,0,24,119,PCB,137882
76,85,0,34,195,PCB,26877
41,93,0,78,212,PCB,14999
22,94,0,65,181,PCB,39766
61,34,0,52,147,PCB,94329
35,30,0,50,115,PCB,143712
98,97,88,0,283,PCM,1
55,94,93,0,242,PCM,2378
91,37,85,0,213,PCM,9102
50,91,0,41,182,PCB,40619
32,50,89,0,171,PCM,36380
96,83,0,97,276,PCB,568
25,34,0,33,92,PCB,163788
72,95,100,0,267,PCM,1978
77,89,0,45,211,PCB,13034
44,90,0,54,188,PCB,33494
33,40,73,0,146,PCM,65250
24,34,98,0,156,PCM,53871
61,36,34,0,131,PCM,81950
66,93,0,26,185,PCB,36215
38,29,0,81,148,PCB,94407
38,23,65,0,126,PCM,87311
99,27,0,76,202,PCB,19755
59,75,0,22,156,PCB,79460
60,50,0,55,165,PCB,64490
65,83,22,0,170,PCM,37611
65,44,89,0,198,PCM,15104
33,36,39,0,108,PCM,102316
57,90,0,80,227,PCB,7875
70,81,0,87,238,PCB,4618
92,81,39,0,212,PCM,8427
52,70,62,0,184,PCM,24957
88,22,97,0,207,PCM,10126
91,100,26,0,217,PCM,8379
42,76,27,0,145,PCM,65296
83,30,0,21,134,PCB,118132
26,42,28,0,96,PCM,107360
22,40,34,0,96,PCM,106549
59,35,59,0,153,PCM,55961
87,46,64,0,197,PCM,15929
34,25,77,0,136,PCM,76535
30,48,61,0,139,PCM,73604
69,67,0,100,236,PCB,5476
46,25,92,0,163,PCM,43904
23,48,96,0,167,PCM,39889
77,78,0,35,190,PCB,28472
35,77,25,0,137,PCM,74636
46,92,38,0,176,PCM,31829
87,32,0,58,177,PCB,45971
82,26,38,0,146,PCM,65819
39,88,89,0,216,PCM,8725
86,80,0,74,240,PCB,4201
67,28,0,86,181,PCB,40545
60,77,0,95,232,PCB,7712
77,64,37,0,178,PCM,30341
48,36,0,57,141,PCB,106646
54,23,0,69,146,PCB,96263
90,75,0,55,220,PCB,9509
29,76,100,0,205,PCM,11715
96,38,51,0,185,PCM,24384
87,91,0,61,239,PCB,6739
99,73,35,0,207,PCM,10987
96,38,0,45,179,PCB,42878
33,42,53,0,128,PCM,84873
89,95,50,0,234,PCM,4797
52,30,0,98,180,PCB,41128
26,100,38,0,164,PCM,42704
85,40,24,0,149,PCM,61396
20,63,0,89,172,PCB,53382
77,20,0,57,154,PCB,82898
89,50,51,0,190,PCM,20450
49,86,88,0,223,PCM,5065
52,78,0,78,208,PCB,14635
39,77,98,0,214,PCM,7753
31,81,100,0,212,PCM,10443
46,82,37,0,165,PCM,41981
92,74,51,0,217,PCM,8213
22,70,72,0,164,PCM,42536
88,100,0,64,252,PCB,2491
89,75,0,78,242,PCB,6175
20,79,0,97,196,PCB,24067
43,90,40,0,173,PCM,35216
100,66,58,0,224,PCM,5452
84,37,96,0,217,PCM,8777
70,73,0,35,178,PCB,43776
22,77,0,48,147,PCB,94355
73,41,0,81,195,PCB,26394
31,58,43,0,132,PCM,81077
72,60,20,0,152,PCM,58274
54,97,0,24,175,PCB,47689
38,88,84,0,210,PCM,10683
31,85,55,0,171,PCM,35227
74,87,85,0,246,PCM,3706
93,76,0,44,213,PCB,14371
77,72,0,83,232,PCB,8284
56,62,30,0,148,PCM,63533
23,45,52,0,120,PCM,91067
84,58,52,0,194,PCM,16555
57,80,0,65,202,PCB,21401
44,26,39,0,109,PCM,100192
90,80,69,0,239,PCM,4072
43,88,0,88,219,PCB,9679
46,52,0,94,192,PCB,28993
63,46,0,37,146,PCB,97024
72,39,52,0,163,PCM,44226
37,45,93,0,175,PCM,32511
47,92,0,87,226,PCB,8904
42,29,0,73,144,PCB,99873
31,42,0,64,137,PCB,113004
33,32,53,0,118,PCM,92863
49,57,30,0,136,PCM,76271
66,86,0,76,228,PCB,6960
29,38,44,0,111,PCM,100003
43,60,66,0,169,PCM,37220
97,46,99,0,242,PCM,2490
83,48,0,51,182,PCB,38709
86,86,55,0,227,PCM,5543
34,81,0,36,151,PCB,87284
68,33,0,70,171,PCB,54962
87,81,0,87,255,PCB,4150
73,58,26,0,157,PCM,52701
57,60,0,39,156,PCB,78361
20,45,0,60,125,PCB,131314
47,45,0,96,188,PCB,30839
34,43,0,99,176,PCB,48515
22,86,0,51,159,PCB,72260
56,23,44,0,123,PCM,89461
66,32,24,0,122,PCM,90077
49,70,0,32,151,PCB,87106
56,83,69,0,208,PCM,11423
84,79,28,0,191,PCM,19319
94,20,82,0,196,PCM,16794
60,99,0,82,241,PCB,3241
31,23,0,42,96,PCB,161084
27,90,0,55,172,PCB,52943
79,23,0,53,155,PCB,81758
36,30,82,0,148,PCM,62426
99,20,0,69,188,PCB,31334
94,97,66,0,257,PCM,1532
75,47,92,0,214,PCM,9358
48,100,36,0,184,PCM,23889
55,34,28,0,117,PCM,95482
30,55,0,67,152,PCB,87096
96,32,0,62,190,PCB,31742
64,54,0,35,153,PCB,85084
84,77,0,70,231,PCB,7987
84,69,55,0,208,PCM,9683
42,76,0,76,194,PCB,27601
65,54,53,0,172,PCM,35515
43,82,0,61,186,PCB,33249
59,99,82,0,240,PCM,3123
62,31,44,0,137,PCM,75017
90,31,0,48,169,PCB,57083
76,40,0,73,189,PCB,32588
78,74,0,41,193,PCB,27317
64,40,60,0,164,PCM,42980
65,48,30,0,143,PCM,69386
39,95,0,72,206,PCB,17318
24,91,81,0,196,PCM,17375
76,89,0,53,218,PCB,11569
71,39,0,49,159,PCB,75709
58,44,77,0,179,PCM,28751
100,34,0,97,231,PCB,6196
72,79,0,62,213,PCB,13492
30,58,60,0,148,PCM,61374
21,62,0,59,142,PCB,105376
86,73,0,61,220,PCB,10033
88,62,0,99,249,PCB,3828
93,60,30,0,183,PCM,25624
78,56,0,68,202,PCB,20643
78,25,0,82,185,PCB,35764
36,38,0,52,126,PCB,130216
72,85,70,0,227,PCM,4243
97,29,67,0,193,PCM,18825
74,45,0,48,167,PCB,62310
33,43,88,0,164,PCM,42934
41,70,0,61,172,PCB,53010
90,98,0,85,273,PCB,1179
58,24,34,0,116,PCM,94315
43,96,68,0,207,PCM,12227
98,45,63,0,206,PCM,12743
43,46,0,65,154,PCB,82954
45,62,85,0,192,PCM,18258
78,24,0,89,191,PCB,30627
22,63,45,0,130,PCM,81979
28,71,0,87,186,PCB,33675
84,84,0,48,216,PCB,10664
64,20,38,0,122,PCM,91257
23,79,55,0,157,PCM,51447
28,24,0,61,113,PCB,147267
75,82,0,95,252,PCB,3399
92,34,47,0,173,PCM,33913
82,83,76,0,241,PCM,3828
30,28,67,0,125,PCM,87476
33,81,0,32,146,PCB,96579
56,30,0,57,143,PCB,102586
47,99,0,26,172,PCB,54005
85,31,0,87,203,PCB,20463
21,54,45,0,120,PCM,91115
54,89,90,0,233,PCM,3886
63,91,0,39,193,PCB,28926
42,93,56,0,191,PCM,18930
71,68,0,50,189,PCB,31241
84,95,99,0,278,PCM,945
77,39,0,40,156,PCB,79236
76,61,21,0,158,PCM,50041
68,59,92,0,219,PCM,8174
52,21,32,0,105,PCM,102087
36,65,91,0,192,PCM,19777
73,52,0,47,172,PCB,53572
68,60,27,0,155,PCM,54187
87,73,0,98,258,PCB,3654
57,45,95,0,197,PCM,15335
66,57,87,0,210,PCM,9877
43,79,0,92,214,PCB,14556
40,68,0,94,202,PCB,21452
26,97,56,0,179,PCM,28765
35,80,0,46,161,PCB,70378
32,60,24,0,116,PCM,94469
48,44,40,0,132,PCM,79516
31,46,81,0,158,PCM,50297
60,57,27,0,144,PCM,67590
27,40,0,88,155,PCB,80255
37,56,67,0,160,PCM,49307
46,39,80,0,165,PCM,43601
39,29,0,52,120,PCB,137000
29,25,75,0,129,PCM,83455
52,57,0,28,137,PCB,112787
23,46,0,68,137,PCB,114184
72,90,21,0,183,PCM,24951
32,81,0,83,196,PCB,23698
90,82,26,0,198,PCM,15481
23,57,31,0,111,PCM,98507
54,39,79,0,172,PCM,34563
75,65,0,94,234,PCB,7543
33,73,79,0,185,PCM,23585
72,50,47,0,169,PCM,37092
62,96,84,0,242,PCM,4003
63,22,0,26,111,PCB,147666
43,38,0,94,175,PCB,46860
71,82,0,37,190,PCB,31878
33,44,0,36,113,PCB,146040
41,97,40,0,178,PCM,28707
24,52,0,32,108,PCB,151693
90,38,44,0,172,PCM,35385
26,21,0,50,97,PCB,160747
53,32,34,0,119,PCM,92788
42,42,53,0,137,PCM,74824
67,77,79,0,223,PCM,6845
76,40,0,20,136,PCB,113227
46,51,0,53,150,PCB,91362
53,23,0,57,133,PCB,117938
39,51,0,98,188,PCB,32354
88,51,81,0,220,PCM,5994
96,95,90,0,281,PCM,1
98,84,30,0,212,PCM,8555
33,27,57,0,117,PCM,95691
66,37,0,100,203,PCB,18132
66,83,0,76,225,PCB,9007
99,99,42,0,240,PCM,2936
90,98,39,0,227,PCM,4205
94,99,0,81,274,PCB,766
61,49,27,0,137,PCM,75256
76,41,57,0,174,PCM,33804
33,74,0,52,159,PCB,72685
58,22,0,61,141,PCB,104287
34,38,0,33,105,PCB,154296
29,86,0,45,160,PCB,70611
70,87,24,0,181,PCM,26299
93,50,35,0,178,PCM,28896
75,23,91,0,189,PCM,20420
22,48,0,49,119,PCB,140698
69,43,47,0,159,PCM,48261
93,65,0,23,181,PCB,41998
47,47,35,0,129,PCM,83707
52,24,0,98,174,PCB,48443
92,45,41,0,178,PCM,28895
74,65,0,94,233,PCB,7309
81,78,79,0,238,PCM,3964
79,27,81,0,187,PCM,22235
96,82,0,55,233,PCB,5821
44,60,71,0,175,PCM,31519
79,72,85,0,236,PCM,4488
27,71,29,0,127,PCM,86750
45,75,58,0,178,PCM,30559
100,30,0,86,216,PCB,13157
62,58,0,42,162,PCB,68685
24,88,0,56,168,PCB,57958
23,89,0,66,178,PCB,44787
79,53,0,29,161,PCB,68761
77,51,0,93,221,PCB,11634
92,87,65,0,244,PCM,1970
87,86,64,0,237,PCM,2475
84,48,100,0,232,PCM,3735
95,84,84,0,263,PCM,1692
79,30,23,0,132,PCM,80371
71,37,46,0,154,PCM,55948
53,63,63,0,179,PCM,28450
23,42,80,0,145,PCM,65560
56,82,0,43,181,PCB,40873
57,89,0,44,190,PCB,28632
88,53,0,92,233,PCB,7924
87,22,59,0,168,PCM,39984
92,26,0,34,152,PCB,88078
39,27,0,76,142,PCB,102948
42,71,0,78,191,PCB,29136
90,75,88,0,253,PCM,1338
21,54,68,0,143,PCM,69228
41,92,76,0,209,PCM,9211
59,26,0,91,176,PCB,46202
69,30,0,65,164,PCB,66124
54,41,48,0,143,PCM,68495
80,84,0,41,205,PCB,16255
96,83,0,89,268,PCB,1382
71,28,92,0,191,PCM,20221
54,22,47,0,123,PCM,90320
63,24,0,79,166,PCB,63941
88,86,0,54,228,PCB,7872
33,30,48,0,111,PCM,98440
20,77,0,39,136,PCB,113839
86,70,52,0,208,PCM,11693
65,70,0,21,156,PCB,78410
74,78,0,40,192,PCB,29281
74,28,0,26,128,PCB,127414
48,44,0,97,189,PCB,32076
78,63,55,0,196,PCM,17293
24,86,42,0,152,PCM,58318
100,78,39,0,217,PCM,7628
56,85,83,0,224,PCM,6966
84,97,0,95,276,PCB,1152
43,76,0,95,214,PCB,11310
57,35,0,86,178,PCB,43282
51,34,74,0,159,PCM,49987
38,41,42,0,121,PCM,91261
85,34,72,0,191,PCM,20193
96,40,56,0,192,PCM,19725
60,28,0,74,162,PCB,69146
29,85,0,72,186,PCB,33252
98,58,51,0,207,PCM,10790
45,28,63,0,136,PCM,75751
90,52,0,39,181,PCB,39374
30,97,0,25,152,PCB,84889
37,83,56,0,176,PCM,30906
78,47,0,53,178,PCB,45128
92,66,85,0,243,PCM,1863
81,64,0,93,238,PCB,6917
22,32,0,61,115,PCB,144075
94,87,80,0,261,PCM,989
47,30,0,47,124,PCB,131351
89,26,0,27,142,PCB,105670
45,39,0,20,104,PCB,156373
57,44,74,0,175,PCM,31303
96,92,0,77,265,PCB,848
31,79,0,96,206,PCB,17069
94,37,0,79,210,PCB,16185
61,74,47,0,182,PCM,25484
67,32,0,28,127,PCB,130210
39,100,0,99,238,PCB,6242
38,21,22,0,81,PCM,113978
98,32,0,74,204,PCB,18348
73,47,0,64,184,PCB,35560
37,52,0,24,113,PCB,148341
56,80,0,56,192,PCB,30040
69,78,26,0,173,PCM,35168
52,93,37,0,182,PCM,26470
64,41,0,77,182,PCB,40475
96,43,0,94,233,PCB,6829
49,85,0,72,206,PCB,16745
35,27,0,96,158,PCB,74106
46,70,53,0,169,PCM,38912
38,55,44,0,137,PCM,75016
74,70,96,0,240,PCM,2327
76,95,0,37,208,PCB,14326
59,68,21,0,148,PCM,61443
52,39,75,0,166,PCM,41329
50,96,97,0,243,PCM,2031
56,21,0,33,110,PCB,148740
50,27,0,68,145,PCB,97660
81,31,65,0,177,PCM,31011
98,30,0,39,167,PCB,61433
84,100,0,53,237,PCB,5630
31,41,26,0,98,PCM,107652
20,60,72,0,152,PCM,58338
38,64,31,0,133,PCM,80096
87,47,48,0,182,PCM,26055
94,86,87,0,267,PCM,770
69,47,83,0,199,PCM,13972
54,74,25,0,153,PCM,56783
35,88,77,0,200,PCM,13479
30,62,0,59,151,PCB,89402
72,42,86,0,200,PCM,14109
85,34,51,0,170,PCM,36039
34,97,69,0,200,PCM,13504
71,33,0,89,193,PCB,26874
59,25,0,97,181,PCB,39827
23,99,41,0,163,PCM,45685
36,25,27,0,88,PCM,111240
73,29,0,62,164,PCB,66163
88,23,45,0,156,PCM,51949
69,88,23,0,180,PCM,27988
64,78,0,45,187,PCB,34162
24,92,0,81,197,PCB,25273
58,99,28,0,185,PCM,23813
86,58,93,0,237,PCM,3011
100,58,34,0,192,PCM,19268
100,46,54,0,200,PCM,14931
97,58,0,81,236,PCB,5141
51,77,52,0,180,PCM,27762
21,60,62,0,143,PCM,68881
26,68,0,100,194,PCB,26997
45,26,58,0,129,PCM,83279
100,29,0,84,213,PCB,14593
43,82,80,0,205,PCM,12672
50,44,0,87,181,PCB,40024
23,100,75,0,198,PCM,16411
86,38,45,0,169,PCM,37097
50,46,0,80,176,PCB,46254
35,83,0,56,174,PCB,50746
90,50,77,0,217,PCM,7569
88,72,0,23,183,PCB,38625
44,86,0,48,178,PCB,43577
31,30,0,29,90,PCB,166027
98,88,0,22,208,PCB,17258
43,30,86,0,159,PCM,50263
29,20,58,0,107,PCM,101376
81,60,69,0,210,PCM,9065
21,25,53,0,99,PCM,106328
45,72,0,73,190,PCB,29573
75,44,0,65,184,PCB,35465
74,79,0,35,188,PCB,32172
45,21,0,90,156,PCB,78179
70,72,98,0,240,PCM,3459
42,65,0,23,130,PCB,124117
61,61,0,93,215,PCB,12957
81,96,0,30,207,PCB,15053
99,99,22,0,220,PCM,6262
58,47,34,0,139,PCM,71930
89,40,0,20,149,PCB,92432
51,50,83,0,184,PCM,24164
42,46,0,24,112,PCB,146788
20,74,25,0,119,PCM,92660
42,22,0,60,124,PCB,132635
26,22,88,0,136,PCM,75687
69,84,0,46,199,PCB,22583
31,53,0,98,182,PCB,37426
71,30,0,44,145,PCB,99117
61,76,0,92,229,PCB,8781
43,92,21,0,156,PCM,51756
55,87,0,61,203,PCB,18491
83,82,0,37,202,PCB,18555
58,77,36,0,171,PCM,35869
45,41,0,22,108,PCB,151947
49,41,0,31,121,PCB,136512
63,35,24,0,122,PCM,89740
68,37,36,0,141,PCM,70679
59,43,62,0,164,PCM,43650
71,36,0,35,142,PCB,104796
38,97,0,68,203,PCB,19640
100,23,61,0,184,PCM,23798
23,50,0,87,160,PCB,72996
72,21,43,0,136,PCM,77192
87,67,45,0,199,PCM,14810
24,63,0,82,169,PCB,55772
30,29,0,92,151,PCB,86774
92,52,0,54,198,PCB,22826
65,22,0,83,170,PCB,54005
74,29,26,0,129,PCM,82856
58,61,0,20,139,PCB,109406
81,90,0,65,236,PCB,4121
39,85,41,0,165,PCM,41557
99,69,59,0,227,PCM,6413
87,93,0,87,267,PCB,3128
38,82,78,0,198,PCM,15318
95,85,43,0,223,PCM,6572
94,68,0,93,255,PCB,1709
67,31,56,0,154,PCM,54078
93,32,98,0,223,PCM,6635
25,21,0,60,106,PCB,154084
80,87,0,93,260,PCB,2364
49,49,0,50,148,PCB,92569
29,47,0,70,146,PCB,95715
98,94,36,0,228,PCM,5214
28,54,0,52,134,PCB,117075
72,81,0,73,226,PCB,8166
55,95,89,0,239,PCM,3211
38,81,24,0,143,PCM,67568
32,100,0,41,173,PCB,49722
97,93,21,0,211,PCM,9980
78,68,58,0,204,PCM,12971
33,29,23,0,85,PCM,111835
92,91,0,92,275,PCB,1665
93,86,73,0,252,PCM,3018
68,44,60,0,172,PCM,36142
24,20,85,0,129,PCM,84467
30,39,0,92,161,PCB,68832
82,75,75,0,232,PCM,3585
87,47,34,0,168,PCM,39179
100,76,0,69,245,PCB,4000
72,66,0,23,161,PCB,68777
24,23,54,0,101,PCM,104780
44,38,0,39,121,PCB,137185
61,59,0,35,155,PCB,82785
44,63,64,0,171,PCM,35339
63,27,0,41,131,PCB,121309
70,99,20,0,189,PCM,20869
78,31,0,83,192,PCB,28522
38,82,0,52,172,PCB,54183
68,71,75,0,214,PCM,7558
43,45,83,0,171,PCM,35844
92,45,0,96,233,PCB,5238
47,55,0,63,165,PCB,64914
91,99,0,50,240,PCB,5896
81,89,93,0,263,PCM,1894
55,29,0,45,129,PCB,126903
85,34,55,0,174,PCM,32028
94,48,0,50,192,PCB,29881
94,32,35,0,161,PCM,46105
23,45,25,0,93,PCM,107813
66,66,21,0,153,PCM,56826
89,92,0,74,255,PCB,3043
28,98,0,20,146,PCB,97390
60,31,33,0,124,PCM,87675
63,48,38,0,149,PCM,61402
73,25,0,39,137,PCB,114675
49,53,0,86,188,PCB,33860
64,42,0,98,204,PCB,20360
36,69,0,85,190,PCB,30675
26,57,0,70,153,PCB,84402
80,86,0,53,219,PCB,10418
88,32,41,0,161,PCM,47031
74,29,24,0,127,PCM,85406
42,66,0,36,144,PCB,99172
26,49,100,0,175,PCM,32414
21,39,68,0,128,PCM,84182
25,52,72,0,149,PCM,61911
57,82,70,0,209,PCM,11364
69,46,0,68,183,PCB,37735
51,39,0,37,127,PCB,127561
66,88,0,25,179,PCB,43918
30,56,0,29,115,PCB,144975
74,27,24,0,125,PCM,88538
20,87,63,0,170,PCM,38261
72,60,0,76,208,PCB,15427
58,97,49,0,204,PCM,12014
37,93,37,0,167,PCM,39551
20,83,0,25,128,PCB,128774
65,67,33,0,165,PCM,43416
20,68,0,85,173,PCB,49676
36,57,0,40,133,PCB,118837
61,93,69,0,223,PCM,6539
51,76,0,25,152,PCB,87408
77,98,0,81,256,PCB,4039
95,25,40,0,160,PCM,48929
44,97,0,45,186,PCB,36268
85,46,0,48,179,PCB,42048
73,26,80,0,179,PCM,28929
88,27,67,0,182,PCM,25588
97,61,0,30,188,PCB,30984
68,83,98,0,249,PCM,1141
51,50,0,42,143,PCB,103521
71,52,44,0,167,PCM,40815
29,88,42,0,159,PCM,48815
36,25,70,0,131,PCM,82228
77,54,0,94,225,PCB,8711
42,30,45,0,117,PCM,95429
26,89,76,0,191,PCM,19654
97,53,66,0,216,PCM,7428
83,76,0,50,209,PCB,15962
27,46,0,22,95,PCB,163152
46,65,29,0,140,PCM,72235
61,84,0,61,206,PCB,17343
89,92,0,22,203,PCB,18780
73,25,33,0,131,PCM,81638
55,72,0,35,162,PCB,69125
75,43,0,56,174,PCB,49890
59,56,0,94,209,PCB,15227
99,43,0,30,172,PCB,53245
66,55,0,77,198,PCB,21991
74,99,66,0,239,PCM,4415
83,98,0,53,234,PCB,5757
35,88,0,27,150,PCB,89468
28,60,0,76,164,PCB,64273
68,35,35,0,138,PCM,74212
25,24,74,0,123,PCM,89202
70,35,0,24,129,PCB,124636
32,54,0,55,141,PCB,105051
85,47,0,59,191,PCB,30290
37,34,0,38,109,PCB,150955
24,56,0,100,180,PCB,41669
30,57,0,94,181,PCB,39002
28,88,100,0,216,PCM,8147
51,30,0,83,164,PCB,65690
75,32,0,89,196,PCB,24999
23,76,87,0,186,PCM,23532
25,81,0,77,183,PCB,39387
55,67,0,78,200,PCB,23093
58,22,74,0,154,PCM,55584
56,35,93,0,184,PCM,24068
91,80,0,45,216,PCB,13689
40,83,61,0,184,PCM,24347
59,52,49,0,160,PCM,47470
86,55,84,0,225,PCM,6720
99,96,0,65,260,PCB,3363
70,78,27,0,175,PCM,32510
54,70,24,0,148,PCM,62567
64,29,0,82,175,PCB,46914
84,98,0,67,249,PCB,2131
89,67,77,0,233,PCM,3646
21,52,0,83,156,PCB,78673
74,30,25,0,129,PCM,83953
78,99,52,0,229,PCM,5767
24,79,0,44,147,PCB,94758
38,44,72,0,154,PCM,55084
92,96,39,0,227,PCM,5258
90,22,35,0,147,PCM,64312
84,71,41,0,196,PCM,16888
35,54,0,23,112,PCB,146961
56,82,0,37,175,PCB,47078
60,70,0,45,175,PCB,49040
76,98,56,0,230,PCM,4211
23,79,0,93,195,PCB,25847
80,45,77,0,202,PCM,12848
33,65,87,0,185,PCM,23987
90,88,55,0,233,PCM,5084
57,99,29,0,185,PCM,23073
48,24,23,0,95,PCM,107437
84,75,0,52,211,PCB,12673
87,83,0,34,204,PCB,19377
72,62,34,0,168,PCM,38579
62,95,42,0,199,PCM,14750
85,47,0,84,216,PCB,13255
97,92,39,0,228,PCM,4446
94,81,0,60,235,PCB,4291
51,49,0,98,198,PCB,21226
91,38,21,0,150,PCM,60395
49,44,0,39,132,PCB,120393
67,62,56,0,185,PCM,24795
88,62,0,76,226,PCB,8033
64,84,83,0,231,PCM,5645
27,59,50,0,136,PCM,76243
100,37,0,27,164,PCB,64466
46,87,0,62,195,PCB,24161
33,85,71,0,189,PCM,20934
79,58,46,0,183,PCM,24922
88,78,0,35,201,PCB,21726
76,73,0,26,175,PCB,48394
41,68,97,0,206,PCM,11220
97,42,0,93,232,PCB,7859
37,74,71,0,182,PCM,26693
80,41,86,0,207,PCM,11263
90,75,46,0,211,PCM,10030
87,85,58,0,230,PCM,4824
30,87,30,0,147,PCM,63396
51,32,55,0,138,PCM,75274
27,54,28,0,109,PCM,100538
79,27,0,81,187,PCB,32037
75,73,0,53,201,PCB,19032
30,96,43,0,169,PCM,38040
99,37,0,58,194,PCB,26009
99,72,0,62,233,PCB,6734
39,78,0,94,211,PCB,14544
32,41,0,65,138,PCB,109992
99,79,74,0,252,PCM,2591
80,46,82,0,208,PCM,11255
61,76,0,72,209,PCB,15947
76,72,56,0,204,PCM,12682
91,51,65,0,207,PCM,11347
48,46,0,94,188,PCB,32364
65,63,0,97,225,PCB,7309
57,99,0,69,225,PCB,7973
32,22,85,0,139,PCM,73472
51,44,0,44,139,PCB,110426
91,38,0,66,195,PCB,23785
89,31,0,39,159,PCB,74787
45,46,0,83,174,PCB,50091
68,38,86,0,192,PCM,18374
66,60,37,0,163,PCM,44573
53,72,49,0,174,PCM,33776
80,77,0,62,219,PCB,11552
74,85,0,97,256,PCB,3419
56,73,75,0,204,PCM,13477
41,81,58,0,180,PCM,27367
60,21,0,38,119,PCB,141342
66,28,0,33,127,PCB,129548
70,46,0,75,191,PCB,30644
23,81,73,0,177,PCM,30742
31,25,0,81,137,PCB,114683
80,35,67,0,182,PCM,24907
56,65,0,96,217,PCB,10091
61,54,94,0,209,PCM,10487
34,92,0,76,202,PCB,18570
25,86,68,0,179,PCM,28606
34,29,73,0,136,PCM,76492
65,77,0,90,232,PCB,7554
32,39,23,0,94,PCM,108698
75,39,45,0,159,PCM,49587
73,59,89,0,221,PCM,6705
49,35,82,0,166,PCM,42552
76,40,0,97,213,PCB,13819
70,26,0,60,156,PCB,77565
79,73,60,0,212,PCM,8670
51,34,0,38,123,PCB,136013
26,99,59,0,184,PCM,24799
59,77,30,0,166,PCM,40837
70,100,54,0,224,PCM,4948
92,81,27,0,200,PCM,13460
73,50,24,0,147,PCM,64169
61,95,26,0,182,PCM,24960
90,100,0,33,223,PCB,8786
89,56,0,83,228,PCB,8926
96,67,45,0,208,PCM,10983
37,60,0,37,134,PCB,117981
32,77,42,0,151,PCM,58967
39,98,92,0,229,PCM,3956
73,35,96,0,204,PCM,11802
21,41,77,0,139,PCM,72135
90,39,0,67,196,PCB,23258
75,88,26,0,189,PCM,21182
92,88,0,48,228,PCB,7620
86,90,0,60,236,PCB,3922
96,80,0,93,269,PCB,1
75,35,0,22,132,PCB,121809
59,62,61,0,182,PCM,25630
78,66,27,0,171,PCM,35826
32,97,30,0,159,PCM,50369
64,96,67,0,227,PCM,5501
29,67,0,78,174,PCB,49788
81,38,24,0,143,PCM,68833
38,90,0,90,218,PCB,9406
47,98,37,0,182,PCM,26652
25,54,0,74,153,PCB,84237
65,58,0,71,194,PCB,24702
75,78,92,0,245,PCM,1531
49,40,72,0,161,PCM,47874
57,86,37,0,180,PCM,27508
82,50,0,52,184,PCB,36968
21,53,38,0,112,PCM,98604
80,21,93,0,194,PCM,17425
20,60,0,79,159,PCB,75170
72,36,35,0,143,PCM,69452
77,92,36,0,205,PCM,12749
95,70,0,60,225,PCB,8550
25,34,0,79,138,PCB,112380
81,52,0,41,174,PCB,50643
35,25,29,0,89,PCM,111229
33,79,0,61,173,PCB,49796
99,32,59,0,190,PCM,19937
96,83,98,0,277,PCM,119
63,94,62,0,219,PCM,6032
83,87,70,0,240,PCM,2404
78,41,75,0,194,PCM,18295
91,28,100,0,219,PCM,6110
97,42,0,67,206,PCB,16095
56,65,48,0,169,PCM,37300
64,84,0,26,174,PCB,51205
93,63,39,0,195,PCM,16881
31,71,61,0,163,PCM,44098
41,33,41,0,115,PCM,95715
54,76,39,0,169,PCM,37608
69,43,0,59,171,PCB,53324
49,23,0,41,113,PCB,147503
57,45,33,0,135,PCM,78077
66,43,0,57,166,PCB,61483
77,53,0,84,214,PCB,14000
52,38,38,0,128,PCM,85025
68,63,79,0,210,PCM,10330
37,60,0,55,152,PCB,88177
50,49,0,78,177,PCB,47364
28,93,0,62,183,PCB,36435
38,33,22,0,93,PCM,108788
75,68,0,57,200,PCB,20072
91,73,99,0,263,PCM,1709
54,78,68,0,200,PCM,15442
28,49,0,66,143,PCB,102547
45,65,0,49,159,PCB,73570
31,97,84,0,212,PCM,8764
72,28,54,0,154,PCM,56370
45,63,60,0,168,PCM,40236
56,64,0,28,148,PCB,94860
68,80,22,0,170,PCM,37547
70,84,0,95,249,PCB,1962
70,50,0,96,216,PCB,11481
37,89,0,53,179,PCB,43288
20,51,28,0,99,PCM,105245
28,74,0,70,172,PCB,51128
49,92,85,0,226,PCM,6640
51,42,88,0,181,PCM,26204
39,99,0,84,222,PCB,9226
46,100,0,71,217,PCB,12839
39,90,0,34,163,PCB,67485
59,87,0,66,212,PCB,13963
25,36,56,0,117,PCM,94553
36,92,0,69,197,PCB,24528
91,60,23,0,174,PCM,33276
42,75,23,0,140,PCM,71350
81,60,94,0,235,PCM,4853
70,21,72,0,163,PCM,44346
51,43,52,0,146,PCM,65613
58,69,0,52,179,PCB,42451
49,43,0,77,169,PCB,56310
67,31,0,67,165,PCB,62583
36,42,45,0,123,PCM,89001
56,96,57,0,209,PCM,9247
59,53,0,64,176,PCB,48222
53,65,75,0,193,PCM,17081
100,48,0,93,241,PCB,3905
24,100,0,23,147,PCB,95800
51,100,0,67,218,PCB,9481
44,44,58,0,146,PCM,65892
45,71,42,0,158,PCM,49802
94,44,0,42,180,PCB,40377
81,71,31,0,183,PCM,26446
81,37,95,0,213,PCM,8881
79,97,0,35,211,PCB,14030
61,26,0,98,185,PCB,37215
99,56,0,62,217,PCB,12488
92,75,78,0,245,PCM,2773
57,95,0,56,208,PCB,17507
57,89,77,0,223,PCM,7201
31,91,88,0,210,PCM,11008
87,23,86,0,196,PCM,16993
55,21,94,0,170,PCM,38220
92,94,38,0,224,PCM,6400
26,37,0,35,98,PCB,161233
60,72,0,39,171,PCB,53656
86,22,26,0,134,PCM,78084
97,59,97,0,253,PCM,1416
43,40,31,0,114,PCM,96236
56,44,63,0,163,PCM,45390
46,62,0,57,165,PCB,64444
28,81,69,0,178,PCM,29027
93,46,46,0,185,PCM,22704
50,79,72,0,201,PCM,12749
26,29,0,99,154,PCB,83677
52,90,0,48,190,PCB,30509
72,61,56,0,189,PCM,21036
64,21,0,81,166,PCB,61718
76,93,0,57,226,PCB,7144
31,78,88,0,197,PCM,15321
89,90,0,80,259,PCB,2730
90,50,77,0,217,PCM,8277
22,74,0,93,189,PCB,32151
20,80,0,96,196,PCB,23071
60,53,100,0,213,PCM,8750
92,80,0,83,255,PCB,3158
91,46,70,0,207,PCM,12172
84,41,0,55,180,PCB,43234
49,80,64,0,193,PCM,17717
97,96,0,65,258,PCB,2192
89,57,0,75,221,PCB,10527
48,62,0,40,150,PCB,89012
49,22,88,0,159,PCM,50163
93,63,81,0,237,PCM,2645
99,51,0,73,223,PCB,10626
57,49,0,73,179,PCB,43599
76,81,0,75,232,PCB,6796
37,100,0,49,186,PCB,33161
33,65,43,0,141,PCM,70843
65,56,25,0,146,PCM,63961
25,86,0,73,184,PCB,35145
34,59,0,75,168,PCB,58180
20,27,0,57,104,PCB,156490
76,63,0,79,218,PCB,11247
68,47,71,0,186,PCM,21890
40,41,23,0,104,PCM,102509
48,20,69,0,137,PCM,74679
29,24,0,75,128,PCB,128373
53,48,0,21,122,PCB,137348
95,71,62,0,228,PCM,5517
61,55,0,29,145,PCB,98816
90,87,40,0,217,PCM,8399
45,85,59,0,189,PCM,20807
30,60,0,66,156,PCB,79024
66,97,0,32,195,PCB,24416
51,60,36,0,147,PCM,62672
22,36,0,76,134,PCB,117226
90,83,68,0,241,PCM,3403
74,100,39,0,213,PCM,9723
48,66,69,0,183,PCM,26418
82,71,0,79,232,PCB,7422
29,62,26,0,117,PCM,94910
75,71,91,0,237,PCM,2483
63,69,0,37,169,PCB,57840
24,73,0,45,142,PCB,105938
77,93,95,0,265,PCM,2361
66,24,52,0,142,PCM,70277
56,20,0,66,142,PCB,104837
59,63,83,0,205,PCM,11374
42,100,24,0,166,PCM,40925
74,23,21,0,118,PCM,94714
73,76,55,0,204,PCM,11237
20,62,0,60,142,PCB,105582
94,77,35,0,206,PCM,10549
41,63,46,0,150,PCM,60046
44,36,70,0,150,PCM,59574
91,51,0,47,189,PCB,32518
20,78,0,37,135,PCB,117943
93,82,0,42,217,PCB,11020
44,40,32,0,116,PCM,96687
79,67,0,82,228,PCB,9357
28,62,39,0,129,PCM,84949
27,67,44,0,138,PCM,73708
78,38,50,0,166,PCM,40271
80,89,70,0,239,PCM,2129
75,54,0,41,170,PCB,56803
100,61,0,88,249,PCB,2739
72,92,34,0,198,PCM,14816
50,95,0,80,225,PCB,9236
37,64,0,45,146,PCB,95729
48,36,0,64,148,PCB,93279
21,80,99,0,200,PCM,14938
71,25,0,76,172,PCB,51497
53,42,68,0,163,PCM,44602
56,38,73,0,167,PCM,40010
76,22,0,95,193,PCB,25642
59,28,87,0,174,PCM,34319
69,30,0,29,128,PCB,127523
95,62,0,66,223,PCB,9970
100,95,63,0,258,PCM,910
49,51,0,26,126,PCB,130929
53,60,26,0,139,PCM,73930
68,71,0,89,228,PCB,6604
68,91,0,40,199,PCB,22316
87,69,96,0,252,PCM,1854
100,35,0,48,183,PCB,37390
80,40,100,0,220,PCM,6930
91,46,0,51,188,PCB,33294
36,96,99,0,231,PCM,3839
46,76,0,99,221,PCB,10090
55,85,62,0,202,PCM,12524
44,55,0,62,161,PCB,72105
91,29,0,32,152,PCB,87061
59,51,0,100,210,PCB,14032
22,26,54,0,102,PCM,103946
23,21,59,0,103,PCM,104453
61,88,0,91,240,PCB,5873
41,65,63,0,169,PCM,37256
41,42,0,39,122,PCB,135935
99,56,0,91,246,PCB,4094
37,31,81,0,149,PCM,60435
31,48,0,81,160,PCB,71987
90,27,0,79,196,PCB,23617
36,82,83,0,201,PCM,14031
48,71,0,26,145,PCB,100732
36,79,0,36,151,PCB,87082
81,40,0,45,166,PCB,61978
94,79,0,49,222,PCB,9118
67,73,0,32,172,PCB,53442
43,23,99,0,165,PCM,43540
39,63,0,27,129,PCB,125460
79,29,0,46,154,PCB,81721
78,72,60,0,210,PCM,9750
60,83,50,0,193,PCM,17378
98,64,28,0,190,PCM,19660
94,43,59,0,196,PCM,16331
27,77,81,0,185,PCM,24583
28,29,0,88,145,PCB,97967
86,26,0,73,185,PCB,36032
79,49,42,0,170,PCM,36435
66,58,52,0,176,PCM,31578
97,39,47,0,183,PCM,25734
75,26,0,74,175,PCB,48804
66,41,0,36,143,PCB,102975
45,43,36,0,124,PCM,87860
65,69,27,0,161,PCM,47813
66,45,26,0,137,PCM,74701
32,95,70,0,197,PCM,15449
22,94,54,0,170,PCM,37730
55,99,0,33,187,PCB,33971
41,24,0,62,127,PCB,127512
73,78,0,34,185,PCB,34784
53,100,0,73,226,PCB,6646
43,31,0,22,96,PCB,161475
47,31,0,42,120,PCB,138524
20,33,31,0,84,PCM,111849
68,76,0,89,233,PCB,6014
77,95,0,96,268,PCB,135
86,47,97,0,230,PCM,5403
52,87,0,77,216,PCB,10503
72,95,0,79,246,PCB,2242
87,30,84,0,201,PCM,14385
36,45,99,0,180,PCM,26829
86,59,0,23,168,PCB,57440
96,83,53,0,232,PCM,4298
77,85,0,36,198,PCB,24197
74,38,0,24,136,PCB,115728
66,87,0,82,235,PCB,4674
78,74,0,56,208,PCB,16187
70,37,85,0,192,PCM,18070
39,97,21,0,157,PCM,52669
89,83,0,46,218,PCB,11687
43,47,0,57,147,PCB,94387
54,54,0,96,204,PCB,18616
79,35,32,0,146,PCM,65872
89,49,0,53,191,PCB,28278
70,66,0,96,232,PCB,7871
33,77,74,0,184,PCM,25159
56,90,0,36,182,PCB,38976
52,85,0,49,186,PCB,35640
53,61,68,0,182,PCM,26558
39,21,36,0,96,PCM,107227
58,28,0,74,160,PCB,72366
31,43,87,0,161,PCM,47107
95,38,71,0,204,PCM,11232
63,51,67,0,181,PCM,27163
92,70,22,0,184,PCM,25064
80,81,78,0,239,PCM,4407
100,37,0,23,160,PCB,71534
54,67,0,52,173,PCB,51535
93,28,0,20,141,PCB,106113
79,70,45,0,194,PCM,16970
25,36,0,89,150,PCB,88476
84,24,0,81,189,PCB,30938
94,47,68,0,209,PCM,9222
30,94,98,0,222,PCM,6747
55,56,0,38,149,PCB,91377
64,23,0,77,164,PCB,66165
38,78,0,65,181,PCB,39865
30,64,0,47,141,PCB,106922
96,84,0,70,250,PCB,1715
62,24,0,87,173,PCB,50531
37,77,0,25,139,PCB,110029
34,99,0,20,153,PCB,86111
66,26,73,0,165,PCM,42672
92,65,85,0,242,PCM,2735
42,30,0,48,120,PCB,137276
39,87,0,71,197,PCB,23762
82,23,0,75,180,PCB,40672
54,62,0,53,169,PCB,57333
54,64,100,0,218,PCM,8382
81,52,71,0,204,PCM,11482
25,39,0,98,162,PCB,68727
50,75,0,33,158,PCB,75353
31,21,96,0,148,PCM,62054
32,69,46,0,147,PCM,63397
23,32,0,65,120,PCB,139191
100,98,0,81,279,PCB,2188
93,59,0,92,244,PCB,4086
33,24,0,20,77,PCB,172292
74,46,0,28,148,PCB,94403
92,62,53,0,207,PCM,11295
55,73,0,96,224,PCB,9311
32,90,0,32,154,PCB,83894
30,100,0,59,189,PCB,31664
31,78,0,42,151,PCB,86548
68,49,0,44,161,PCB,72078
80,63,100,0,243,PCM,2336
84,90,0,82,256,PCB,3757
52,94,70,0,216,PCM,7648
93,32,0,93,218,PCB,10629
93,39,0,85,217,PCB,12451
88,79,0,46,213,PCB,15183
32,81,0,37,150,PCB,89117
38,56,0,82,176,PCB,46275
86,67,77,0,230,PCM,5122
33,77,0,47,157,PCB,78475
23,92,95,0,210,PCM,9029
38,28,67,0,133,PCM,78985
38,85,0,34,157,PCB,76863
79,45,53,0,177,PCM,30222
88,38,34,0,160,PCM,47056
39,79,0,65,183,PCB,37650
100,33,62,0,195,PCM,16514
51,86,62,0,199,PCM,15219
56,44,0,62,162,PCB,70004
22,92,48,0,162,PCM,46267
87,57,0,89,233,PCB,5825
47,67,0,94,208,PCB,15697
62,85,85,0,232,PCM,4739
92,22,0,56,170,PCB,57474
70,54,0,62,186,PCB,33930
62,82,0,100,244,PCB,3229
92,76,0,60,228,PCB,8745
81,84,0,35,200,PCB,21505
59,44,0,82,185,PCB,36089
81,89,0,82,252,PCB,2469
48,69,100,0,217,PCM,8745
41,99,0,47,187,PCB,32460
97,97,0,42,236,PCB,6352
77,99,0,44,220,PCB,9841
90,49,0,24,163,PCB,66572
31,98,0,57,186,PCB,34810
53,33,63,0,149,PCM,60956
48,98,43,0,189,PCM,21196
86,69,74,0,229,PCM,3873
65,84,68,0,217,PCM,8450
78,36,0,46,160,PCB,73300
84,80,0,52,216,PCB,12622
77,75,93,0,245,PCM,1481
97,35,88,0,220,PCM,7090
21,44,0,50,115,PCB,143447
50,48,0,54,152,PCB,86960
51,42,93,0,186,PCM,23321
77,52,0,66,195,PCB,24303
32,83,0,30,145,PCB,98121
82,48,78,0,208,PCM,9804
85,30,0,31,146,PCB,98104
68,47,0,99,214,PCB,12694
48,67,0,51,166,PCB,60578
53,47,34,0,134,PCM,78004
58,81,0,46,185,PCB,37303
48,74,0,91,213,PCB,14274
52,84,0,77,213,PCB,12722
96,36,0,74,206,PCB,16964
70,95,55,0,220,PCM,6147
81,63,81,0,225,PCM,6719
62,37,0,65,164,PCB,64185
79,33,0,39,151,PCB,88193
82,98,0,69,249,PCB,4856
30,64,0,69,163,PCB,67668
36,99,0,50,185,PCB,37246
37,93,27,0,157,PCM,52568
40,47,0,76,163,PCB,67922
97,84,0,94,275,PCB,780
70,77,0,94,241,PCB,5930
45,58,54,0,157,PCM,50790
22,63,0,28,113,PCB,145901
81,83,77,0,241,PCM,3938
96,73,83,0,252,PCM,2985
25,74,73,0,172,PCM,34148
91,98,0,53,242,PCB,4675
71,61,0,53,185,PCB,34187
46,73,83,0,202,PCM,13148
81,28,48,0,157,PCM,51670
63,66,21,0,150,PCM,60937
69,93,44,0,206,PCM,11728
21,61,44,0,126,PCM,86316
39,88,87,0,214,PCM,8881
43,94,98,0,235,PCM,3406
40,83,0,57,180,PCB,41071
71,93,0,27,191,PCB,28677
77,98,81,0,256,PCM,1451
35,48,31,0,114,PCM,97199
44,48,0,27,119,PCB,140405
97,73,0,84,254,PCB,1316
31,55,88,0,174,PCM,32990
68,54,0,57,179,PCB,43013
72,32,46,0,150,PCM,59157
30,39,0,76,145,PCB,97995
30,30,0,74,134,PCB,118111
73,36,0,77,186,PCB,34616
49,31,0,83,163,PCB,68204
82,79,62,0,223,PCM,6825
96,24,92,0,212,PCM,10354
25,31,38,0,94,PCM,107324
93,54,0,26,173,PCB,52089
55,65,0,77,197,PCB,24203
83,67,33,0,183,PCM,25447
98,22,0,22,142,PCB,105083
49,30,0,73,152,PCB,87754
63,67,0,28,158,PCB,74659
68,78,0,79,225,PCB,8252
27,36,0,75,138,PCB,112125
98,44,0,85,227,PCB,6811
63,20,0,30,113,PCB,145898
68,52,96,0,216,PCM,6926
88,85,0,24,197,PCB,23698
52,61,90,0,203,PCM,11802
89,60,0,35,184,PCB,35995
36,36,0,41,113,PCB,147396
22,71,0,60,153,PCB,86250
20,64,67,0,151,PCM,59260
60,30,0,72,162,PCB,70203
61,25,0,94,180,PCB,40019
49,99,77,0,225,PCM,5162
96,31,0,53,180,PCB,40851
56,23,0,61,140,PCB,107749
61,21,0,53,135,PCB,115008
35,21,0,66,122,PCB,134976
45,77,91,0,213,PCM,9593
54,41,0,78,173,PCB,49562
70,38,0,40,148,PCB,94663
76,47,60,0,183,PCM,25076
90,63,60,0,213,PCM,8567
24,27,84,0,135,PCM,77203
52,64,34,0,150,PCM,60896
24,82,0,79,185,PCB,34448
51,36,23,0,110,PCM,98646
99,43,0,42,184,PCB,36323
39,72,66,0,177,PCM,30849
42,60,23,0,125,PCM,88136
100,37,36,0,173,PCM,34073
97,100,0,93,290,PCB,1
51,36,35,0,122,PCM,90774
20,39,0,97,156,PCB,80360
41,88,94,0,223,PCM,5927
62,52,87,0,201,PCM,13488
20,87,0,72,179,PCB,43689
60,41,0,52,153,PCB,83023
89,84,0,100,273,PCB,1103
43,64,41,0,148,PCM,62005
37,46,68,0,151,PCM,57627
30,75,87,0,192,PCM,18600
62,54,63,0,179,PCM,27971
38,54,50,0,142,PCM,70015
49,29,28,0,106,PCM,103231
49,65,0,89,203,PCB,18056
77,97,0,61,235,PCB,6985
46,75,0,37,158,PCB,74770
27,53,36,0,116,PCM,94508
78,21,0,67,166,PCB,63483
26,42,92,0,160,PCM,48201
39,36,0,100,175,PCB,47122
39,92,66,0,197,PCM,17031
22,46,0,50,118,PCB,140488
55,72,0,37,164,PCB,65679
41,23,0,83,147,PCB,95680
41,74,0,21,136,PCB,114694
89,53,0,76,218,PCB,10137
66,24,0,56,146,PCB,97058
92,76,0,48,216,PCB,10959
100,57,0,43,200,PCB,23121
63,43,0,30,136,PCB,113630
44,38,0,36,118,PCB,139326
87,23,33,0,143,PCM,68375
96,59,0,62,217,PCB,11438
43,34,0,84,161,PCB,70965
29,85,77,0,191,PCM,20356
62,92,0,28,182,PCB,39737
82,27,23,0,132,PCM,81393
73,29,37,0,139,PCM,72858
98,23,64,0,185,PCM,24496
97,24,73,0,194,PCM,16553
57,68,84,0,209,PCM,9215
43,76,47,0,166,PCM,41352
93,69,0,55,217,PCB,10100
95,48,24,0,167,PCM,41105
77,93,68,0,238,PCM,4129
50,96,44,0,190,PCM,21139
85,71,0,24,180,PCB,41261
83,79,31,0,193,PCM,18796
38,72,31,0,141,PCM,70568
37,99,0,48,184,PCB,38481
48,89,33,0,170,PCM,36339
45,27,71,0,143,PCM,69301
83,49,39,0,171,PCM,36479
92,66,26,0,184,PCM,23410
71,58,37,0,166,PCM,41308
86,94,42,0,222,PCM,6791
100,59,0,60,219,PCB,10354
60,48,41,0,149,PCM,61528
45,24,0,28,97,PCB,160888
33,48,0,88,169,PCB,57317
53,30,0,97,180,PCB,43160
82,88,51,0,221,PCM,6531
40,77,0,34,151,PCB,89964
93,71,0,25,189,PCB,29666
48,54,86,0,188,PCM,22598
70,74,98,0,242,PCM,2048
43,53,0,23,119,PCB,139525
86,57,79,0,222,PCM,5252
65,71,0,46,182,PCB,40832
21,61,68,0,150,PCM,60970
90,59,95,0,244,PCM,2190
92,73,0,53,218,PCB,11309
33,75,21,0,129,PCM,83746
88,26,0,43,157,PCB,77375
94,75,51,0,220,PCM,6969
79,40,27,0,146,PCM,65442
52,98,0,84,234,PCB,6368
41,32,50,0,123,PCM,89567
97,22,0,68,187,PCB,34424
79,45,0,79,203,PCB,20786
72,28,91,0,191,PCM,20150
61,37,0,57,155,PCB,82621
68,93,90,0,251,PCM,1736
99,68,43,0,210,PCM,10464
32,45,0,48,125,PCB,130670
64,59,0,79,202,PCB,18723
86,66,48,0,200,PCM,14527
49,25,0,95,169,PCB,56988
24,56,0,25,105,PCB,156198
96,72,0,45,213,PCB,14261
34,41,0,41,116,PCB,144976
81,55,31,0,167,PCM,40593
20,55,0,34,109,PCB,150193
98,44,48,0,190,PCM,20027
95,76,0,69,240,PCB,5552
25,77,88,0,190,PCM,20300
33,78,91,0,202,PCM,13304
36,62,0,22,120,PCB,136966
55,95,0,54,204,PCB,17059
50,61,98,0,209,PCM,9845
87,36,96,0,219,PCM,7209
32,44,0,71,147,PCB,94546
99,92,0,24,215,PCB,12730
22,62,60,0,144,PCM,66618
64,68,0,76,208,PCB,15631
56,37,0,77,170,PCB,57326
89,69,74,0,232,PCM,3640
25,38,20,0,83,PCM,111260
74,23,81,0,178,PCM,29872
33,98,52,0,183,PCM,26040
76,67,0,57,200,PCB,22227
74,42,20,0,136,PCM,75738
86,35,0,44,165,PCB,63866
20,21,0,67,108,PCB,153104
93,58,0,52,203,PCB,20955
48,52,0,51,151,PCB,87922
65,69,44,0,178,PCM,30488
94,70,0,45,209,PCB,16111
73,40,0,91,204,PCB,17065
66,52,95,0,213,PCM,8368
74,94,0,75,243,PCB,4576
27,38,0,50,115,PCB,143934
83,24,91,0,198,PCM,14840
45,29,90,0,164,PCM,43749
56,66,0,67,189,PCB,30701
38,48,0,61,147,PCB,94097
90,39,97,0,226,PCM,4442
45,52,0,79,176,PCB,46655
74,88,41,0,203,PCM,13750
48,50,0,95,193,PCB,26450
44,49,91,0,184,PCM,24430
96,83,0,33,212,PCB,15665
94,87,36,0,217,PCM,8780
81,62,0,64,207,PCB,17737
42,97,0,44,183,PCB,36312
96,75,69,0,240,PCM,3448
85,95,0,50,230,PCB,6424
52,20,33,0,105,PCM,103795
29,98,0,26,153,PCB,83646
22,98,0,88,208,PCB,14830
82,58,0,49,189,PCB,30922
77,48,0,42,167,PCB,61399
54,33,49,0,136,PCM,76081
47,52,60,0,159,PCM,50382
57,98,62,0,217,PCM,7706
80,28,0,63,171,PCB,55761
42,72,0,50,164,PCB,64112
33,26,97,0,156,PCM,51932
100,74,40,0,214,PCM,8826
54,30,46,0,130,PCM,83226
47,49,92,0,188,PCM,21185
26,86,70,0,182,PCM,26215
76,42,50,0,168,PCM,38974
78,27,0,92,197,PCB,22909
86,43,0,30,159,PCB,73655
94,22,35,0,151,PCM,58224
56,30,51,0,137,PCM,74188
41,96,0,100,237,PCB,5676
99,21,0,68,188,PCB,33146
95,83,0,48,226,PCB,6433
73,96,79,0,248,PCM,1880
89,61,0,75,225,PCB,6977
51,79,99,0,229,PCM,3818
74,90,0,53,217,PCB,11655
25,77,0,33,135,PCB,115702
57,44,76,0,177,PCM,30786
23,46,75,0,144,PCM,67948
98,28,77,0,203,PCM,13961
65,47,0,51,163,PCB,66671
54,72,42,0,168,PCM,38797
90,23,69,0,182,PCM,27066
36,42,68,0,146,PCM,64801
29,95,0,50,174,PCB,48377
87,45,64,0,196,PCM,17631
59,68,84,0,211,PCM,10577
31,87,66,0,184,PCM,24589
68,78,0,66,212,PCB,12788
78,29,90,0,197,PCM,15237
74,49,0,55,178,PCB,45250
77,47,0,71,195,PCB,23912
58,51,64,0,173,PCM,33757
65,79,44,0,188,PCM,21558
20,20,0,65,105,PCB,155142
84,42,0,23,149,PCB,92990
96,57,0,24,177,PCB,44299
82,20,38,0,140,PCM,72810
39,84,97,0,220,PCM,6467
34,74,26,0,134,PCM,77705
78,74,0,50,202,PCB,18485
38,75,0,29,142,PCB,105344
59,72,0,21,152,PCB,85936
54,79,0,55,188,PCB,31787
68,55,23,0,146,PCM,64646
56,65,0,44,165,PCB,62934
81,44,0,22,147,PCB,95300
36,70,0,100,206,PCB,16199
56,39,47,0,142,PCM,69780
39,46,0,59,144,PCB,101399
50,44,0,78,172,PCB,53768
54,21,0,92,167,PCB,61916
25,70,33,0,128,PCM,85743
69,68,0,90,227,PCB,6259
82,35,51,0,168,PCM,39961
48,57,99,0,204,PCM,12394
55,61,0,89,205,PCB,18800
98,89,62,0,249,PCM,2385
42,76,0,80,198,PCB,23028
79,47,89,0,215,PCM,8925
52,38,0,70,160,PCB,71310
75,92,41,0,208,PCM,10866
76,90,84,0,250,PCM,2594
37,27,22,0,86,PCM,110479
61,36,71,0,168,PCM,39179
62,78,51,0,191,PCM,18975
31,22,0,88,141,PCB,105905
62,29,87,0,178,PCM,28858
76,89,85,0,250,PCM,1603
84,38,72,0,194,PCM,18121
66,91,58,0,215,PCM,8159
92,61,0,95,248,PCB,2576
56,99,0,63,218,PCB,11111
54,51,33,0,138,PCM,73720
31,84,82,0,197,PCM,16195
55,71,45,0,171,PCM,35002
75,88,46,0,209,PCM,10714
64,24,0,50,138,PCB,111467
28,89,41,0,158,PCM,50938
28,76,0,60,164,PCB,64338
97,61,0,33,191,PCB,30248
51,31,41,0,123,PCM,88859
72,81,0,75,228,PCB,6630
85,94,24,0,203,PCM,14014
24,94,0,87,205,PCB,19507
81,66,67,0,214,PCM,8044
32,20,0,54,106,PCB,154209
78,35,21,0,134,PCM,78929
57,39,0,30,126,PCB,128608
84,48,0,66,198,PCB,21782
86,93,0,98,277,PCB,1
95,73,0,24,192,PCB,27614
73,56,70,0,199,PCM,15616
52,58,46,0,156,PCM,53066
68,36,34,0,138,PCM,74880
97,76,0,35,208,PCB,17618
96,62,91,0,249,PCM,2091
61,81,0,88,230,PCB,8265
34,39,0,93,166,PCB,63433
87,96,0,66,249,PCB,2502
72,38,31,0,141,PCM,70809
33,23,63,0,119,PCM,93939
61,36,0,93,190,PCB,29149
89,67,50,0,206,PCM,11080
90,68,46,0,204,PCM,12581
43,48,47,0,138,PCM,74256
51,93,0,46,190,PCB,29770
47,44,0,90,181,PCB,41750
69,37,0,55,161,PCB,69777
22,59,66,0,147,PCM,62894
79,86,79,0,244,PCM,2559
21,86,89,0,196,PCM,16086
92,39,0,72,203,PCB,20796
29,66,0,26,121,PCB,138710
85,55,21,0,161,PCM,47717
51,23,0,97,171,PCB,53447
87,32,56,0,175,PCM,32046
35,27,0,51,113,PCB,146359
89,54,0,56,199,PCB,21029
28,44,98,0,170,PCM,36761
48,99,57,0,204,PCM,11905
75,97,0,91,263,PCB,464
95,46,0,73,214,PCB,13869
100,40,37,0,177,PCM,31264
57,90,0,82,229,PCB,7862
87,94,0,84,265,PCB,1684
43,91,0,99,233,PCB,7434
85,24,0,37,146,PCB,96491
70,78,58,0,206,PCM,11453
56,63,74,0,193,PCM,18238
72,32,36,0,140,PCM,71916
77,90,0,57,224,PCB,8830
100,40,0,85,225,PCB,9267
68,37,0,85,190,PCB,29587
31,71,0,50,152,PCB,85866
62,26,0,53,141,PCB,105492
24,64,0,76,164,PCB,63671
71,79,52,0,202,PCM,12340
41,84,100,0,225,PCM,6328
56,57,0,91,204,PCB,19878
25,21,0,42,88,PCB,166804
68,50,54,0,172,PCM,35430
43,73,0,63,179,PCB,42085
25,27,45,0,97,PCM,107051
58,70,71,0,199,PCM,14336
84,40,0,49,173,PCB,52651
42,43,0,98,183,PCB,38682
71,27,36,0,134,PCM,77745
100,62,73,0,235,PCM,3123
86,38,33,0,157,PCM,51422
39,21,0,22,82,PCB,169187
63,64,82,0,209,PCM,10639
38,96,0,44,178,PCB,44113
38,66,0,72,176,PCB,46878
63,81,0,51,195,PCB,24813
99,69,28,0,196,PCM,17456
26,51,30,0,107,PCM,102745
84,36,75,0,195,PCM,17402
70,90,0,61,221,PCB,10733
100,52,0,85,237,PCB,4084
89,93,87,0,269,PCM,962
25,22,95,0,142,PCM,70321
99,39,0,27,165,PCB,65469
24,26,0,61,111,PCB,150053
53,72,93,0,218,PCM,8141
68,21,0,29,118,PCB,140216
100,63,33,0,196,PCM,15803
43,48,61,0,152,PCM,57425
73,28,0,92,193,PCB,26005
45,42,86,0,173,PCM,33947
98,60,84,0,242,PCM,3309
35,42,56,0,133,PCM,79110
44,83,0,47,174,PCB,49336
57,26,0,33,116,PCB,141775
20,61,93,0,174,PCM,32790
49,61,0,99,209,PCB,14859
58,92,30,0,180,PCM,28307
77,44,0,71,192,PCB,29058
50,62,0,80,192,PCB,28781
21,64,0,30,115,PCB,145906
46,87,0,80,213,PCB,12683
67,96,0,47,210,PCB,16471
23,25,81,0,129,PCM,84768
37,87,46,0,170,PCM,36092
78,83,0,95,256,PCB,3987
92,68,0,26,186,PCB,33394
83,58,57,0,198,PCM,15202
26,38,23,0,87,PCM,110633
50,94,0,47,191,PCB,28584
100,80,64,0,244,PCM,3123
38,94,22,0,154,PCM,54489
79,52,0,46,177,PCB,45336
34,53,0,41,128,PCB,126096
84,79,0,96,259,PCB,1047
77,65,0,80,222,PCB,9011
44,56,82,0,182,PCM,25200
20,68,0,78,166,PCB,61459
87,22,36,0,145,PCM,66629
88,67,44,0,199,PCM,14117
50,38,0,77,165,PCB,65283
89,68,99,0,256,PCM,2665
98,29,0,48,175,PCB,47793
77,25,33,0,135,PCM,76714
53,88,0,74,215,PCB,12288
39,25,0,96,160,PCB,72624
27,36,38,0,101,PCM,106350
24,42,68,0,134,PCM,78233
72,36,0,46,154,PCB,82449
87,37,0,97,221,PCB,11260
38,48,58,0,144,PCM,68197
36,59,0,82,177,PCB,44597
58,80,99,0,237,PCM,2845
59,74,0,69,202,PCB,21169
48,45,0,38,131,PCB,122944
92,83,47,0,222,PCM,5481
53,61,36,0,150,PCM,59097
21,41,57,0,119,PCM,92541
63,95,0,79,237,PCB,4914
59,37,55,0,151,PCM,59992
99,76,0,34,209,PCB,14374
27,71,0,37,135,PCB,117096
79,96,22,0,197,PCM,15714
77,62,78,0,217,PCM,7885
69,96,20,0,185,PCM,24874
37,86,0,31,154,PCB,81950
30,28,92,0,150,PCM,60528
98,90,87,0,275,PCM,258
51,46,0,67,164,PCB,64385
37,75,0,85,197,PCB,22474
20,82,0,37,139,PCB,108893
55,71,25,0,151,PCM,59965
71,78,39,0,188,PCM,20874
32,47,0,25,104,PCB,156533
74,47,57,0,178,PCM,29568
75,61,46,0,182,PCM,25060
49,26,0,94,169,PCB,56291
38,96,97,0,231,PCM,5309
32,63,0,38,133,PCB,119633
88,46,95,0,229,PCM,5158
97,71,53,0,221,PCM,7450
96,77,25,0,198,PCM,15245
28,28,0,76,132,PCB,122407
36,76,32,0,144,PCM,67601
65,20,73,0,158,PCM,51430
37,50,0,78,165,PCB,62520
98,44,76,0,218,PCM,7006
100,36,61,0,197,PCM,17037
42,94,36,0,172,PCM,35929
87,45,26,0,158,PCM,51143
25,92,51,0,168,PCM,40007
28,22,0,50,100,PCB,158448
59,23,95,0,177,PCM,30352
58,94,0,49,201,PCB,19795
75,54,0,61,190,PCB,28827
96,80,0,52,228,PCB,7984
53,44,39,0,136,PCM,77354
94,33,50,0,177,PCM,30938
54,29,0,41,124,PCB,132312
86,42,31,0,159,PCM,48303
38,53,54,0,145,PCM,66769
25,60,28,0,113,PCM,98723
75,90,0,59,224,PCB,10517
28,92,0,74,194,PCB,27090
40,82,97,0,219,PCM,6533
49,79,53,0,181,PCM,27737
91,30,66,0,187,PCM,21845
46,87,93,0,226,PCM,6040
34,33,0,59,126,PCB,131754
60,57,67,0,184,PCM,24111
64,95,0,92,251,PCB,2120
81,56,0,50,187,PCB,34895
86,62,0,35,183,PCB,36938
30,73,78,0,181,PCM,26202
80,21,0,98,199,PCB,23097
81,70,0,89,240,PCB,5951
98,73,32,0,203,PCM,13802
98,40,0,71,209,PCB,16125
22,33,0,25,80,PCB,169535
58,73,53,0,184,PCM,25163
64,28,0,71,163,PCB,67409
65,50,59,0,174,PCM,34322
31,30,79,0,140,PCM,71707
77,41,50,0,168,PCM,39622
21,70,0,97,188,PCB,32135
67,54,80,0,201,PCM,14335
54,89,71,0,214,PCM,8556
42,98,0,74,214,PCB,12847
73,53,0,37,163,PCB,67451
63,66,0,82,211,PCB,15684
27,56,38,0,121,PCM,90719
38,22,0,29,89,PCB,163805
87,26,69,0,182,PCM,25223
37,50,57,0,144,PCM,67898
86,38,0,23,147,PCB,96036
49,59,0,54,162,PCB,67051
65,60,0,62,187,PCB,34043
99,75,0,96,270,PCB,760
32,81,63,0,176,PCM,30353
36,49,0,83,168,PCB,59658
54,31,71,0,156,PCM,51851
98,73,70,0,241,PCM,2473
92,38,43,0,173,PCM,34381
38,71,42,0,151,PCM,58868
26,38,0,54,118,PCB,139663
100,64,81,0,245,PCM,3176
26,29,0,59,114,PCB,145076
94,45,33,0,172,PCM,34337
36,34,27,0,97,PCM,107187
90,84,95,0,269,PCM,1033
61,50,0,42,153,PCB,84257
52,45,0,100,197,PCB,23381
90,50,53,0,193,PCM,19113
63,77,0,98,238,PCB,3705
27,92,89,0,208,PCM,9982
89,27,86,0,202,PCM,12378
81,72,36,0,189,PCM,21960
23,98,0,100,221,PCB,11121
53,37,96,0,186,PCM,23382
43,63,86,0,192,PCM,19320
68,83,0,20,171,PCB,54533
87,60,99,0,246,PCM,3619
91,45,0,41,177,PCB,44086
78,43,0,66,187,PCB,32588
21,33,0,49,103,PCB,155116
47,80,0,66,193,PCB,25540
47,68,0,52,167,PCB,61538
68,42,0,67,177,PCB,45774
89,60,29,0,178,PCM,29462
32,67,0,51,150,PCB,88955
83,26,75,0,184,PCM,24727
20,34,0,88,142,PCB,103350
66,46,0,94,206,PCB,15645
78,82,0,49,209,PCB,14563
22,60,0,57,139,PCB,109001
81,28,24,0,133,PCM,78625
64,93,0,68,225,PCB,8538
24,69,70,0,163,PCM,43653
20,37,0,62,119,PCB,140438
86,43,38,0,167,PCM,39258
51,90,0,42,183,PCB,38981
60,35,0,22,117,PCB,141279
71,22,77,0,170,PCM,36341
69,42,0,29,140,PCB,106073
29,60,0,91,180,PCB,42493
26,45,0,33,104,PCB,154058
75,53,0,69,197,PCB,22201
92,43,32,0,167,PCM,41448
61,43,0,21,125,PCB,132783
75,80,31,0,186,PCM,22390
59,62,0,50,171,PCB,52928
69,56,0,60,185,PCB,34880
71,73,37,0,181,PCM,26974
31,44,34,0,109,PCM,100348
72,27,0,52,151,PCB,88977
84,57,81,0,222,PCM,7514
77,21,100,0,198,PCM,14544
26,58,0,100,184,PCB,35395
52,38,20,0,110,PCM,100708
51,72,57,0,180,PCM,28417
68,24,75,0,167,PCM,41326
30,61,0,22,113,PCB,145119
24,49,87,0,160,PCM,47901
20,79,0,34,133,PCB,118625
55,40,85,0,180,PCM,28304
47,92,72,0,211,PCM,8980
94,46,0,88,228,PCB,7182
29,79,0,32,140,PCB,109030
50,39,20,0,109,PCM,99745
93,78,0,45,216,PCB,11392
45,86,60,0,191,PCM,19440
72,50,40,0,162,PCM,45441
33,89,91,0,213,PCM,7937
90,81,70,0,241,PCM,2769
39,73,59,0,171,PCM,35138
37,50,0,74,161,PCB,70737
84,66,0,49,199,PCB,21672
86,46,86,0,218,PCM,6271
35,21,0,48,104,PCB,153678
21,94,0,35,150,PCB,89617
77,84,0,52,213,PCB,11717
70,28,0,86,184,PCB,37050
87,73,0,81,241,PCB,3753
58,37,66,0,161,PCM,46722
33,62,61,0,156,PCM,53574
95,63,0,85,243,PCB,3030
72,95,0,35,202,PCB,20192
34,44,65,0,143,PCM,69371
43,80,0,36,159,PCB,72797
48,86,0,81,215,PCB,13314
21,93,52,0,166,PCM,41821
53,74,25,0,152,PCM,58784
96,34,94,0,224,PCM,6835
45,100,0,37,182,PCB,37921
58,52,0,29,139,PCB,108604
78,46,20,0,144,PCM,67786
51,56,0,73,180,PCB,41242
99,52,0,35,186,PCB,33022
66,90,0,57,213,PCB,14776
27,99,28,0,154,PCM,55197
24,31,0,79,134,PCB,118891
66,48,0,90,204,PCB,18206
36,48,0,21,105,PCB,155043
69,22,23,0,114,PCM,95874
73,69,0,70,212,PCB,14549
43,71,0,43,157,PCB,76531
40,34,0,34,108,PCB,150975
99,20,0,27,146,PCB,98688
58,78,31,0,167,PCM,39868
79,35,0,48,162,PCB,69737
69,35,44,0,148,PCM,61852
27,59,0,44,130,PCB,124146
54,31,45,0,130,PCM,81943
32,36,0,32,100,PCB,157737
57,64,75,0,196,PCM,15384
24,95,0,40,159,PCB,72316
92,59,89,0,240,PCM,2481
57,80,0,64,201,PCB,19125
94,84,100,0,278,PCM,39
60,36,81,0,177,PCM,31427
60,72,0,75,207,PCB,17916
91,89,65,0,245,PCM,2410
67,43,55,0,165,PCM,43271
46,85,0,23,154,PCB,81552
72,96,0,53,221,PCB,10629
68,98,73,0,239,PCM,3445
55,43,0,34,132,PCB,119736
60,22,71,0,153,PCM,55604
57,82,0,33,172,PCB,51041
46,44,58,0,148,PCM,61970
24,20,0,87,131,PCB,122302
88,68,0,20,176,PCB,48062
29,60,0,66,155,PCB,79430
77,88,69,0,234,PCM,4600
54,65,87,0,206,PCM,11887
43,53,87,0,183,PCM,24877
41,70,59,0,170,PCM,36446
56,21,80,0,157,PCM,50603
97,68,0,48,213,PCB,14960
79,65,81,0,225,PCM,6513
83,31,0,78,192,PCB,26680
86,44,0,62,192,PCB,29886
55,20,0,93,168,PCB,57451
77,100,0,44,221,PCB,8779
78,77,99,0,254,PCM,1452
67,56,28,0,151,PCM,58761
20,33,86,0,139,PCM,71930
74,90,0,41,205,PCB,18332
30,72,29,0,131,PCM,81418
39,45,84,0,168,PCM,40433
35,24,41,0,100,PCM,104755
38,31,0,32,101,PCB,157890
26,55,55,0,136,PCM,76417
87,38,0,65,190,PCB,28985
77,87,83,0,247,PCM,2258
23,22,0,34,79,PCB,170628
32,67,69,0,168,PCM,39584
60,56,41,0,157,PCM,51487
27,96,0,62,185,PCB,35430
49,28,79,0,156,PCM,53309
38,49,0,54,141,PCB,106545
56,27,0,70,153,PCB,85222
25,71,57,0,153,PCM,55545
59,33,82,0,174,PCM,32738
91,70,39,0,200,PCM,13141
48,42,0,97,187,PCB,34328
25,80,0,57,162,PCB,69126
73,86,0,92,251,PCB,1706
58,31,0,40,129,PCB,125038
100,94,0,100,294,PCB,1
65,85,69,0,219,PCM,6603
48,74,0,81,203,PCB,20867
66,79,0,60,205,PCB,17710
57,75,64,0,196,PCM,16891
80,52,0,73,205,PCB,16579
76,41,0,71,188,PCB,32868
80,99,0,48,227,PCB,9526
78,34,60,0,172,PCM,34997
83,26,26,0,135,PCM,77378
32,82,75,0,189,PCM,21930
36,98,53,0,187,PCM,22685
29,23,0,84,136,PCB,113603
62,20,70,0,152,PCM,57253
74,78,87,0,239,PCM,4217
100,26,99,0,225,PCM,5106
21,82,32,0,135,PCM,78041
95,64,0,67,226,PCB,9290
26,60,73,0,159,PCM,50144
86,67,0,89,242,PCB,2730
90,20,0,31,141,PCB,104758
96,72,95,0,263,PCM,2409
96,58,0,92,246,PCB,5330
90,93,62,0,245,PCM,2295
84,91,0,25,200,PCB,22851
57,43,0,72,172,PCB,51843
37,36,0,20,93,PCB,164535
97,36,0,71,204,PCB,18944
20,58,43,0,121,PCM,90603
25,25,0,52,102,PCB,158710
29,85,0,22,136,PCB,114198
92,41,0,25,158,PCB,74589
27,48,0,93,168,PCB,59057
72,94,0,31,197,PCB,22529
68,21,0,88,177,PCB,44378
21,24,48,0,93,PCM,110001
82,75,35,0,192,PCM,17983
20,32,47,0,99,PCM,107178
24,92,74,0,190,PCM,20471
99,28,98,0,225,PCM,4965
47,32,43,0,122,PCM,90079
59,33,0,80,172,PCB,52768
33,21,37,0,91,PCM,109778
95,58,0,69,222,PCB,8114
92,59,72,0,223,PCM,6564
100,79,0,20,199,PCB,22010
26,26,98,0,150,PCM,59207
80,39,0,47,166,PCB,62562
89,91,29,0,209,PCM,10519
79,77,0,54,210,PCB,16331
99,92,0,27,218,PCB,9839
98,46,72,0,216,PCM,7868
87,39,41,0,167,PCM,41000
88,74,0,90,252,PCB,1811
20,95,0,91,206,PCB,18938
60,20,66,0,146,PCM,63812
54,25,47,0,126,PCM,86525
46,52,0,84,182,PCB,38374
68,45,0,44,157,PCB,78770
39,78,0,45,162,PCB,67213
80,93,0,50,223,PCB,9462
83,63,0,89,235,PCB,7379
51,79,0,63,193,PCB,25980
86,29,0,63,178,PCB,45235
42,72,0,40,154,PCB,83156
60,84,25,0,169,PCM,39371
58,21,0,93,172,PCB,52762
21,23,0,23,67,PCB,172275
74,86,0,61,221,PCB,8975
24,40,0,96,160,PCB,72709
46,22,64,0,132,PCM,81815
70,55,51,0,176,PCM,30321
68,70,0,70,208,PCB,16639
89,94,0,21,204,PCB,19451
73,46,0,72,191,PCB,30738
40,31,87,0,158,PCM,49961
43,25,0,24,92,PCB,162631
70,25,0,74,169,PCB,55953
21,69,91,0,181,PCM,27139
42,77,0,96,215,PCB,13515
21,98,38,0,157,PCM,51331
20,44,38,0,102,PCM,103520
34,66,0,24,124,PCB,133943
48,46,60,0,154,PCM,54310
20,31,0,32,83,PCB,166678
76,86,0,85,247,PCB,5249
57,93,56,0,206,PCM,10518
38,72,84,0,194,PCM,17737
33,80,0,83,196,PCB,25551
33,58,0,98,189,PCB,29921
66,68,0,36,170,PCB,56007
99,88,59,0,246,PCM,2974
96,54,0,69,219,PCB,9651
94,37,86,0,217,PCM,6575
29,93,68,0,190,PCM,21086
22,79,36,0,137,PCM,74730
26,55,0,82,163,PCB,68016
24,22,54,0,100,PCM,106843
45,88,54,0,187,PCM,22175
86,80,67,0,233,PCM,3721
41,42,36,0,119,PCM,93211
92,47,54,0,193,PCM,18330
93,65,0,72,230,PCB,6488
88,41,0,74,203,PCB,20038
88,95,0,23,206,PCB,16565
43,29,0,81,153,PCB,82899
81,77,49,0,207,PCM,10359
74,32,23,0,129,PCM,83671
43,42,0,66,151,PCB,87510
98,27,0,29,154,PCB,83106
80,61,0,90,231,PCB,7204
92,30,99,0,221,PCM,5966
99,99,0,62,260,PCB,414
37,89,76,0,202,PCM,12544
25,61,0,84,170,PCB,54791
47,83,0,52,182,PCB,38506
94,79,0,68,241,PCB,5839
52,33,94,0,179,PCM,29760
84,46,56,0,186,PCM,23475
79,69,0,97,245,PCB,2878
59,25,0,46,130,PCB,124489
87,61,0,68,216,PCB,12749
38,81,54,0,173,PCM,35346
45,73,0,57,175,PCB,47558
35,96,0,72,203,PCB,19439
84,64,60,0,208,PCM,11012
35,76,0,45,156,PCB,78280
33,85,0,68,186,PCB,34205
85,24,0,25,134,PCB,116692
23,28,0,35,86,PCB,165634
72,41,0,31,144,PCB,101912
96,46,0,89,231,PCB,5632
26,39,0,49,114,PCB,144506
79,23,82,0,184,PCM,23667
61,38,0,78,177,PCB,44202
37,33,0,79,149,PCB,92344
95,41,62,0,198,PCM,14821
63,24,34,0,121,PCM,91374
37,64,0,34,135,PCB,116007
44,73,99,0,216,PCM,6958
74,100,28,0,202,PCM,12550
70,35,0,76,181,PCB,42181
39,37,0,74,150,PCB,89841
94,41,31,0,166,PCM,41814
45,52,97,0,194,PCM,17224
69,33,0,30,132,PCB,120221
46,62,97,0,205,PCM,11943
80,51,27,0,158,PCM,49715
75,44,92,0,211,PCM,9849
91,56,29,0,176,PCM,31371
30,30,0,87,147,PCB,94020
89,32,85,0,206,PCM,10471
67,74,51,0,192,PCM,18939
68,87,40,0,195,PCM,15827
52,72,0,53,177,PCB,45395
90,90,0,44,224,PCB,7561
44,30,83,0,157,PCM,51721
94,83,0,35,212,PCB,12129
29,30,88,0,147,PCM,64688
34,70,0,62,166,PCB,61399
35,70,62,0,167,PCM,39522
69,33,97,0,199,PCM,15390
22,52,0,40,114,PCB,144569
98,60,85,0,243,PCM,2758
45,77,0,46,168,PCB,58626
65,22,0,57,144,PCB,101123
71,31,0,35,137,PCB,112605
47,37,0,23,107,PCB,153500
84,80,96,0,260,PCM,2308
67,46,0,85,198,PCB,21335
69,37,0,50,156,PCB,77765
54,31,0,20,105,PCB,155334
36,94,0,47,177,PCB,44275
23,100,0,75,198,PCB,23131
47,98,0,62,207,PCB,15164
93,21,58,0,172,PCM,35992
49,54,24,0,127,PCM,85310
50,37,0,33,120,PCB,137354
56,31,0,98,185,PCB,35176
97,72,0,36,205,PCB,18376
29,49,37,0,115,PCM,96304
40,55,26,0,121,PCM,90225
89,37,95,0,221,PCM,5505
95,45,100,0,240,PCM,2772
44,30,0,80,154,PCB,83483
89,68,0,72,229,PCB,5908
33,54,0,85,172,PCB,51401
49,45,70,0,164,PCM,42757
36,90,25,0,151,PCM,58881
63,93,73,0,229,PCM,5435
80,42,0,23,145,PCB,97525
66,64,0,65,195,PCB,25355
22,44,0,89,155,PCB,82591
48,41,37,0,126,PCM,87955
25,63,87,0,175,PCM,32795
35,47,22,0,104,PCM,104314
78,99,37,0,214,PCM,8505
55,24,0,100,179,PCB,44389
49,63,0,40,152,PCB,85181
29,24,38,0,91,PCM,108857
94,86,71,0,251,PCM,2433
81,38,20,0,139,PCM,73608
97,90,51,0,238,PCM,4576
91,33,0,31,155,PCB,81329
83,81,0,57,221,PCB,11597
48,66,0,91,205,PCB,19184
75,25,0,51,151,PCB,87425
31,39,0,96,166,PCB,63545
55,98,80,0,233,PCM,3436
32,53,0,36,121,PCB,135550
32,94,0,68,194,PCB,27247
70,82,24,0,176,PCM,32438
89,69,0,50,208,PCB,16902
73,63,0,35,171,PCB,53179
25,98,61,0,184,PCM,23376
63,42,0,46,151,PCB,88967
54,83,39,0,176,PCM,31337
25,56,94,0,175,PCM,32279
24,93,0,77,194,PCB,27220
58,87,68,0,213,PCM,8848
23,80,0,50,153,PCB,85422
80,42,0,93,215,PCB,13141
71,23,0,86,180,PCB,41086
46,29,84,0,159,PCM,49419
84,51,0,99,234,PCB,5687
55,93,87,0,235,PCM,3095
91,76,0,48,215,PCB,12464
45,75,0,40,160,PCB,73923
56,47,76,0,179,PCM,28779
83,48,70,0,201,PCM,13647
41,34,50,0,125,PCM,87732
82,94,87,0,263,PCM,2008
39,37,0,60,136,PCB,113845
77,25,0,42,144,PCB,99304
100,94,0,42,236,PCB,6899
23,27,0,85,135,PCB,117583
45,50,72,0,167,PCM,39216
95,64,0,68,227,PCB,7797
23,92,48,0,163,PCM,44456
22,64,97,0,183,PCM,24879
88,21,0,20,129,PCB,127350
100,26,89,0,215,PCM,9195
94,75,0,22,191,PCB,29344
96,84,65,0,245,PCM,2779
74,39,0,22,135,PCB,117820
95,70,0,46,211,PCB,14698
35,24,71,0,130,PCM,83039
52,52,0,55,159,PCB,73330
87,26,43,0,156,PCM,53134
70,53,0,97,220,PCB,9752
22,74,29,0,125,PCM,88008
69,89,80,0,238,PCM,3814
100,68,49,0,217,PCM,6884
68,77,66,0,211,PCM,9805
22,92,22,0,136,PCM,76578
85,63,0,47,195,PCB,25294
45,51,34,0,130,PCM,82826
78,48,0,88,214,PCB,11929
29,49,0,70,148,PCB,94217
20,55,0,44,119,PCB,139337
59,89,33,0,181,PCM,27845
63,65,72,0,200,PCM,13212
80,81,98,0,259,PCM,457
61,76,41,0,178,PCM,29695
62,25,90,0,177,PCM,30735
57,82,0,55,194,PCB,25901
83,92,37,0,212,PCM,10374
98,31,0,72,201,PCB,19256
97,54,0,25,176,PCB,46298
95,41,91,0,227,PCM,6412
88,81,90,0,259,PCM,2371
96,77,0,35,208,PCB,15981
56,39,36,0,131,PCM,81804
55,69,0,48,172,PCB,53896
79,74,50,0,203,PCM,11808
64,45,0,79,188,PCB,34033
53,51,96,0,200,PCM,13454
40,54,20,0,114,PCM,96231
60,84,53,0,197,PCM,15635
69,49,26,0,144,PCM,66045
89,25,0,44,158,PCB,77090
86,96,0,54,236,PCB,5801
55,94,0,33,182,PCB,38912
67,61,49,0,177,PCM,29796
64,31,0,84,179,PCB,42502
46,78,74,0,198,PCM,15783
74,31,0,51,156,PCB,77700
40,97,41,0,178,PCM,30500
73,26,95,0,194,PCM,16978
54,93,0,56,203,PCB,20747
50,43,35,0,128,PCM,84243
90,22,0,34,146,PCB,96357
80,20,0,42,142,PCB,104640
58,64,0,77,199,PCB,23447
83,39,35,0,157,PCM,51814
31,78,0,97,206,PCB,17075
63,80,44,0,187,PCM,23332
66,54,71,0,191,PCM,19213
50,55,0,49,154,PCB,82230
23,88,91,0,202,PCM,14234
43,98,26,0,167,PCM,41453
91,24,0,43,158,PCB,74231
48,93,98,0,239,PCM,3617
50,38,0,89,177,PCB,47213
97,20,0,80,197,PCB,22269
94,88,34,0,216,PCM,8274
23,62,0,70,155,PCB,81045
39,30,0,38,107,PCB,153913
58,73,39,0,170,PCM,37695
33,77,0,38,148,PCB,93155
49,88,21,0,158,PCM,50416
71,37,0,43,151,PCB,86644
47,98,0,45,190,PCB,30413
34,31,0,67,132,PCB,121130
22,58,27,0,107,PCM,101455
61,51,0,94,206,PCB,17917
71,77,0,88,236,PCB,6318
63,95,0,24,182,PCB,38631
76,28,0,46,150,PCB,91687
53,55,41,0,149,PCM,61889
71,93,29,0,193,PCM,18711
75,66,0,72,213,PCB,14338
25,75,100,0,200,PCM,13186
82,21,73,0,176,PCM,30389
95,34,0,100,229,PCB,6641
81,86,66,0,233,PCM,4475
45,45,0,87,177,PCB,44621
67,75,24,0,166,PCM,41797
66,85,0,88,239,PCB,5382
45,46,69,0,160,PCM,47108
53,84,27,0,164,PCM,42579
48,54,0,47,149,PCB,93224
26,42,0,48,116,PCB,144784
87,61,66,0,214,PCM,7607
75,27,0,91,193,PCB,26874
54,74,0,48,176,PCB,47663
73,35,38,0,146,PCM,63599
82,77,0,79,238,PCB,5376
55,33,0,92,180,PCB,43104
30,88,0,31,149,PCB,90468
94,37,0,43,174,PCB,48596
28,84,60,0,172,PCM,35533
48,48,0,60,156,PCB,79008
86,74,44,0,204,PCM,13466
21,84,79,0,184,PCM,24864
54,72,24,0,150,PCM,60944
91,45,35,0,171,PCM,37061
37,40,0,30,107,PCB,154044
88,56,0,72,216,PCB,10919
90,47,39,0,176,PCM,31362
20,57,0,60,137,PCB,114415
72,78,0,74,224,PCB,7834
39,87,0,98,224,PCB,9292
47,91,26,0,164,PCM,44007
22,79,0,30,131,PCB,123830
68,77,0,59,204,PCB,18399
80,92,76,0,248,PCM,2766
59,83,0,51,193,PCB,29135
100,26,56,0,182,PCM,26863
72,50,58,0,180,PCM,28355
80,54,84,0,218,PCM,8400
36,50,47,0,133,PCM,80506
49,85,94,0,228,PCM,4779
69,88,0,83,240,PCB,5369
36,67,79,0,182,PCM,27052
94,56,0,20,170,PCB,55511
30,75,20,0,125,PCM,88274
29,52,22,0,103,PCM,105070
76,33,0,78,187,PCB,34704
76,25,0,42,143,PCB,103766
40,25,0,78,143,PCB,102490
73,25,50,0,148,PCM,63455
98,92,81,0,271,PCM,1001
43,87,38,0,168,PCM,39279
28,32,0,93,153,PCB,85559
21,82,60,0,163,PCM,45880
25,50,84,0,159,PCM,49308
54,60,69,0,183,PCM,25410
34,75,0,96,205,PCB,17387
49,77,0,27,153,PCB,83144
85,46,0,24,155,PCB,79562
74,56,22,0,152,PCM,58057
55,38,0,45,138,PCB,110114
20,39,53,0,112,PCM,99361
24,85,0,73,182,PCB,39123
100,60,0,72,232,PCB,7613
91,49,91,0,231,PCM,5570
53,87,83,0,223,PCM,6182
65,91,56,0,212,PCM,8182
73,40,0,86,199,PCB,23977
24,35,78,0,137,PCM,74435
91,99,0,93,283,PCB,2308
37,42,61,0,140,PCM,71150
68,90,0,76,234,PCB,7364
33,27,0,20,80,PCB,171434
29,38,89,0,156,PCM,51863
26,92,0,77,195,PCB,26716
22,28,43,0,93,PCM,110033
23,75,0,90,188,PCB,31895
89,77,0,32,198,PCB,24193
31,100,50,0,181,PCM,26102
59,73,0,26,158,PCB,76909
91,52,0,33,176,PCB,47071
25,96,32,0,153,PCM,55866
91,51,0,55,197,PCB,25547
61,75,87,0,223,PCM,7100
62,95,0,71,228,PCB,6899
28,88,0,96,212,PCB,15174
84,67,0,56,207,PCB,17151
38,91,0,32,161,PCB,71784
23,95,0,77,195,PCB,24642
95,61,49,0,205,PCM,11158
100,81,0,24,205,PCB,16250
64,75,0,33,172,PCB,52994
67,78,0,80,225,PCB,10003
65,69,71,0,205,PCM,11902
78,77,89,0,244,PCM,2302
52,41,0,56,149,PCB,93560
96,59,0,34,189,PCB,32517
82,89,99,0,270,PCM,1558
58,50,48,0,156,PCM,53510
74,47,34,0,155,PCM,54733
62,61,0,50,173,PCB,49676
33,65,57,0,155,PCM,54596
100,30,0,70,200,PCB,22563
27,27,91,0,145,PCM,64996
58,74,57,0,189,PCM,20772
76,50,0,48,174,PCB,48421
21,67,0,64,152,PCB,87993
56,76,62,0,194,PCM,16741
56,26,88,0,170,PCM,37522
21,77,93,0,191,PCM,18473
55,53,60,0,168,PCM,38463
23,54,96,0,173,PCM,34065
55,39,0,33,127,PCB,129418
96,78,0,51,225,PCB,8310
54,22,35,0,111,PCM,100019
21,25,33,0,79,PCM,113269
49,93,0,28,170,PCB,54941
71,85,0,89,245,PCB,3551
84,80,0,53,217,PCB,10964
26,73,0,66,165,PCB,64386
22,53,50,0,125,PCM,87945
58,52,0,23,133,PCB,119424
80,64,0,64,208,PCB,15892
50,80,39,0,169,PCM,38216
77,90,0,45,212,PCB,14478
39,29,61,0,129,PCM,82858
48,69,62,0,179,PCM,27835
84,67,0,27,178,PCB,43276
32,69,86,0,187,PCM,21902
86,22,57,0,165,PCM,41571
20,54,0,69,143,PCB,103022
81,79,0,41,201,PCB,19377
23,83,90,0,196,PCM,15451
25,21,42,0,88,PCM,109694
77,80,0,59,216,PCB,12481
98,56,63,0,217,PCM,8292
71,35,0,72,178,PCB,43404
25,83,0,44,152,PCB,84642
60,46,58,0,164,PCM,43758
47,24,66,0,137,PCM,74196
89,93,0,71,253,PCB,2075
81,51,50,0,182,PCM,27173
67,60,0,42,169,PCB,57344
94,50,96,0,240,PCM,2018
99,43,0,29,171,PCB,52600
78,20,0,30,128,PCB,128937
88,26,0,75,189,PCB,30607
79,24,0,62,165,PCB,64488
88,84,69,0,241,PCM,2574
40,62,0,30,132,PCB,119771
79,74,0,82,235,PCB,7071
74,25,70,0,169,PCM,38365
84,93,73,0,250,PCM,2024
78,23,23,0,124,PCM,88105
55,49,20,0,124,PCM,89406
38,63,0,73,174,PCB,48561
76,75,0,64,215,PCB,12605
91,83,0,83,257,PCB,2949
92,70,0,93,255,PCB,2355
50,78,85,0,213,PCM,9934
94,70,96,0,260,PCM,1829
51,91,0,24,166,PCB,62052
39,27,56,0,122,PCM,90883
33,88,42,0,163,PCM,45378
53,56,0,21,130,PCB,122580
92,41,0,45,178,PCB,43484
82,92,79,0,253,PCM,2499
50,87,63,0,200,PCM,14169
72,76,0,20,168,PCB,60665
46,23,91,0,160,PCM,47590
89,77,90,0,256,PCM,728
55,43,0,84,182,PCB,40125
62,75,0,61,198,PCB,22959
33,40,22,0,95,PCM,108066
95,79,64,0,238,PCM,4364
66,28,49,0,143,PCM,68617
73,69,0,34,176,PCB,47524
50,75,0,23,148,PCB,93282
83,91,50,0,224,PCM,5555
60,58,58,0,176,PCM,31352
47,76,30,0,153,PCM,55746
28,55,0,99,182,PCB,40490
35,65,0,59,159,PCB,72788
90,87,0,35,212,PCB,14135
88,95,0,68,251,PCB,1373
22,99,30,0,151,PCM,58270
84,23,0,54,161,PCB,69636
76,23,0,41,140,PCB,106603
76,36,0,93,205,PCB,17235
66,59,61,0,186,PCM,22149
81,43,0,85,209,PCB,16457
30,44,24,0,98,PCM,107064
33,37,0,35,105,PCB,155253
29,51,0,63,143,PCB,103811
68,82,0,45,195,PCB,24944
57,57,41,0,155,PCM,53586
32,74,0,81,187,PCB,35176
63,76,21,0,160,PCM,47981
38,75,0,92,205,PCB,18490
78,95,51,0,224,PCM,6490
39,81,0,54,174,PCB,49234
56,47,65,0,168,PCM,40198
80,23,63,0,166,PCM,41139
41,98,0,91,230,PCB,5292
99,55,75,0,229,PCM,4619
22,99,90,0,211,PCM,10757
85,78,0,67,230,PCB,5789
32,99,32,0,163,PCM,45141
22,76,0,90,188,PCB,30719
85,47,59,0,191,PCM,20052
82,46,0,53,181,PCB,40777
56,100,51,0,207,PCM,11073
56,33,0,59,148,PCB,95196
71,91,0,32,194,PCB,24814
91,92,77,0,260,PCM,2166
80,46,0,100,226,PCB,9413
38,98,0,44,180,PCB,42430
24,77,56,0,157,PCM,52183
36,58,0,52,146,PCB,98272
83,41,0,31,155,PCB,82016
61,52,26,0,139,PCM,73078
81,23,0,56,160,PCB,72966
31,94,40,0,165,PCM,41493
64,61,49,0,174,PCM,34228
29,98,0,93,220,PCB,9056
56,50,88,0,194,PCM,18661
41,97,86,0,224,PCM,6019
61,22,97,0,180,PCM,28360
21,41,0,99,161,PCB,72283
75,33,0,69,177,PCB,44243
26,94,92,0,212,PCM,9489
84,66,24,0,174,PCM,32513
88,21,53,0,162,PCM,44888
71,48,0,64,183,PCB,37727
100,44,0,86,230,PCB,6547
84,65,0,27,176,PCB,45544
37,69,24,0,130,PCM,83107
89,62,54,0,205,PCM,12435
66,81,0,81,228,PCB,6499
44,20,21,0,85,PCM,111900
40,78,61,0,179,PCM,28632
57,49,38,0,144,PCM,66068
87,67,55,0,209,PCM,10169
33,32,47,0,112,PCM,98150
59,28,94,0,181,PCM,25994
37,68,0,77,182,PCB,38283
44,90,23,0,157,PCM,51293
96,29,36,0,161,PCM,47625
38,98,39,0,175,PCM,33379
23,93,49,0,165,PCM,42081
78,60,95,0,233,PCM,3477
74,54,33,0,161,PCM,46617
26,77,54,0,157,PCM,51174
54,56,21,0,131,PCM,82329
94,86,82,0,262,PCM,1212
83,91,0,88,262,PCB,2167
94,36,0,85,215,PCB,12156
54,45,77,0,176,PCM,30660
71,53,0,54,178,PCB,45254
63,65,56,0,184,PCM,25473
26,51,33,0,110,PCM,99305
24,74,74,0,172,PCM,35944
68,52,0,24,144,PCB,99059
81,81,96,0,258,PCM,2292
56,96,97,0,249,PCM,2826
62,23,0,90,175,PCB,48465
75,91,0,59,225,PCB,7395
94,24,58,0,176,PCM,30243
24,82,62,0,168,PCM,39694
76,58,87,0,221,PCM,7543
39,46,0,88,173,PCB,50679
34,73,65,0,172,PCM,35048
23,82,0,25,130,PCB,125989
23,65,96,0,184,PCM,24084
42,52,0,91,185,PCB,35088
88,48,0,77,213,PCB,13273
92,83,50,0,225,PCM,6389
67,87,0,37,191,PCB,30008
51,63,0,28,142,PCB,104907
78,92,70,0,240,PCM,3180
54,82,68,0,204,PCM,12083
20,53,0,41,114,PCB,145908
94,41,0,41,176,PCB,46349
54,82,36,0,172,PCM,35071
68,86,0,40,194,PCB,26040
94,21,0,81,196,PCB,25291
71,62,0,63,196,PCB,24003
70,81,0,73,224,PCB,9493
64,77,0,47,188,PCB,31147
56,84,32,0,172,PCM,35057
74,43,0,90,207,PCB,17474
30,53,0,92,175,PCB,49549
42,79,0,67,188,PCB,31441
72,88,0,92,252,PCB,4361
28,39,0,41,108,PCB,152301
63,94,73,0,230,PCM,3936
98,81,0,67,246,PCB,3257
91,38,100,0,229,PCM,3754
74,91,0,91,256,PCB,1428
32,21,69,0,122,PCM,89459
40,55,27,0,122,PCM,90238
40,21,99,0,160,PCM,49305
65,29,38,0,132,PCM,81677
48,94,72,0,214,PCM,8601
73,60,73,0,206,PCM,11922
36,22,0,88,146,PCB,95934
25,81,0,49,155,PCB,81888
71,75,54,0,200,PCM,14968
37,39,0,28,104,PCB,156755
80,88,26,0,194,PCM,17952
67,22,80,0,169,PCM,39074
48,93,23,0,164,PCM,44612
70,40,0,70,180,PCB,41855
74,66,51,0,191,PCM,19859
37,69,47,0,153,PCM,56374
72,37,0,20,129,PCB,127217
26,79,0,51,156,PCB,80941
63,100,0,28,191,PCB,27558
65,73,0,74,212,PCB,13770
57,82,70,0,209,PCM,9584
79,61,47,0,187,PCM,22766
98,21,0,55,174,PCB,50434
67,52,26,0,145,PCM,65182
46,47,57,0,150,PCM,58835
84,28,31,0,143,PCM,68238
68,99,0,54,221,PCB,8300
54,57,33,0,144,PCM,67120
85,83,0,72,240,PCB,6411
83,97,0,89,269,PCB,2988
35,58,0,50,143,PCB,102258
62,84,54,0,200,PCM,14784
67,53,0,38,158,PCB,77482
87,26,0,30,143,PCB,102015
32,28,0,80,140,PCB,107657
46,93,88,0,227,PCM,5304
32,20,33,0,85,PCM,110741
23,74,36,0,133,PCM,78740
75,90,36,0,201,PCM,14995
85,21,0,90,196,PCB,24804
55,37,100,0,192,PCM,18592
89,51,73,0,213,PCM,9603
38,37,92,0,167,PCM,40372
81,94,39,0,214,PCM,9237
74,60,69,0,203,PCM,12522
57,54,65,0,176,PCM,31198
36,24,0,50,110,PCB,148264
35,82,0,71,188,PCB,33246
58,50,0,63,171,PCB,55747
44,79,0,84,207,PCB,16404
44,65,0,91,200,PCB,21551
76,86,95,0,257,PCM,1905
31,64,0,62,157,PCB,78008
51,46,24,0,121,PCM,92227
68,81,0,72,221,PCB,9928
75,74,0,54,203,PCB,20323
68,78,93,0,239,PCM,2326
84,72,99,0,255,PCM,747
68,26,0,99,193,PCB,26718
88,29,72,0,189,PCM,21478
54,29,49,0,132,PCM,79720
34,30,87,0,151,PCM,57874
99,55,33,0,187,PCM,22979
49,34,0,60,143,PCB,100764
95,96,60,0,251,PCM,1720
25,98,85,0,208,PCM,9699
51,32,0,61,144,PCB,102324
74,40,52,0,166,PCM,42123
92,82,64,0,238,PCM,3933
68,53,0,46,167,PCB,59328
88,38,66,0,192,PCM,18560
94,31,57,0,182,PCM,26704
58,93,0,24,175,PCB,47324
78,49,89,0,216,PCM,7880
85,30,0,73,188,PCB,31811
100,23,61,0,184,PCM,25447
84,24,24,0,132,PCM,81658
87,54,0,87,228,PCB,7454
49,77,0,25,151,PCB,86418
26,87,0,33,146,PCB,97396
89,58,0,68,215,PCB,13537
50,88,59,0,197,PCM,15770
46,47,90,0,183,PCM,26117
22,95,0,72,189,PCB,32933
92,37,0,92,221,PCB,8995
63,32,61,0,156,PCM,52063
30,76,0,95,201,PCB,20418
39,85,36,0,160,PCM,47062
67,33,76,0,176,PCM,31072
44,65,37,0,146,PCM,64236
63,32,23,0,118,PCM,94609
87,92,70,0,249,PCM,3393
39,82,0,42,163,PCB,67376
31,98,0,100,229,PCB,8075
76,53,87,0,216,PCM,7947
100,76,0,57,233,PCB,5397
76,46,35,0,157,PCM,51097
51,57,25,0,133,PCM,80099
53,94,0,64,211,PCB,15794
61,52,0,32,145,PCB,98861
43,36,0,38,117,PCB,140603
24,79,0,28,131,PCB,122597
38,22,46,0,106,PCM,101708
54,29,74,0,157,PCM,51936
56,65,0,63,184,PCB,35910
33,48,0,33,114,PCB,147101
65,75,0,33,173,PCB,51220
41,81,0,61,183,PCB,38738
42,90,44,0,176,PCM,32481
62,91,0,31,184,PCB,35419
91,36,0,24,151,PCB,89935
97,56,0,53,206,PCB,16066
44,25,76,0,145,PCM,66841
46,66,0,21,133,PCB,121221
50,81,58,0,189,PCM,20489
41,79,0,97,217,PCB,10457
78,81,0,63,222,PCB,9419
51,39,97,0,187,PCM,22752
81,70,0,73,224,PCB,8965
69,48,83,0,200,PCM,14619
85,52,0,24,161,PCB,71380
65,99,0,79,243,PCB,5658
71,25,23,0,119,PCM,94083
39,52,94,0,185,PCM,24312
64,47,0,92,203,PCB,18396
30,60,93,0,183,PCM,24924
96,88,32,0,216,PCM,6799
31,36,71,0,138,PCM,74041
33,37,82,0,152,PCM,57974
66,68,82,0,216,PCM,8504
24,63,0,65,152,PCB,86450
45,93,0,24,162,PCB,69578
20,80,85,0,185,PCM,23291
29,42,0,62,133,PCB,119411
43,86,69,0,198,PCM,15016
36,23,82,0,141,PCM,71801
32,99,0,74,205,PCB,16460
84,100,0,100,284,PCB,1615
53,63,0,39,155,PCB,80668
37,57,0,79,173,PCB,50738
84,27,0,61,172,PCB,53943
70,84,90,0,244,PCM,2037
96,52,22,0,170,PCM,38032
39,94,30,0,163,PCM,44808
40,50,0,33,123,PCB,134740
79,67,0,39,185,PCB,35044
92,55,0,28,175,PCB,49164
20,100,55,0,175,PCM,32949
93,22,0,63,178,PCB,45110
27,100,90,0,217,PCM,6843
53,42,0,32,127,PCB,128148
69,90,0,83,242,PCB,6156
60,44,73,0,177,PCM,30726
22,83,0,73,178,PCB,45224
64,38,0,34,136,PCB,113160
60,46,0,49,155,PCB,82390
73,60,53,0,186,PCM,23167
50,26,0,20,96,PCB,159847
29,98,0,94,221,PCB,9577
26,95,33,0,154,PCM,54474
30,35,91,0,156,PCM,52936
70,78,0,23,171,PCB,53202
44,50,57,0,151,PCM,59631
83,46,70,0,199,PCM,14236
65,62,76,0,203,PCM,12269
55,70,83,0,208,PCM,11846
84,34,0,63,181,PCB,40055
95,33,0,24,152,PCB,85135
54,46,0,82,182,PCB,39727
24,80,29,0,133,PCM,80074
45,51,64,0,160,PCM,49291
67,38,36,0,141,PCM,70745
70,95,26,0,191,PCM,18549
48,72,83,0,203,PCM,13885
36,60,0,43,139,PCB,110256
82,28,39,0,149,PCM,62198
61,75,0,79,215,PCB,10888
91,67,0,25,183,PCB,37507
22,37,0,65,124,PCB,134417
38,69,55,0,162,PCM,45755
54,24,0,64,142,PCB,103103
89,26,0,35,150,PCB,91691
62,33,0,71,166,PCB,61054
49,98,0,28,175,PCB,50155
39,41,0,25,105,PCB,154703
97,90,0,88,275,PCB,1750
50,66,27,0,143,PCM,68855
39,90,0,54,183,PCB,36488
86,27,92,0,205,PCM,12168
78,21,21,0,120,PCM,92450
53,94,70,0,217,PCM,6812
92,32,81,0,205,PCM,12596
57,35,63,0,155,PCM,54949
93,66,76,0,235,PCM,4074
70,88,91,0,249,PCM,2467
55,65,0,62,182,PCB,38928
87,23,60,0,170,PCM,38186
87,78,0,36,201,PCB,22342
73,42,84,0,199,PCM,14297
45,30,0,89,164,PCB,66893
58,87,0,57,202,PCB,18867
28,25,0,21,74,PCB,170713
44,100,75,0,219,PCM,6660
25,69,0,94,188,PCB,31989
75,21,0,41,137,PCB,112507
26,76,59,0,161,PCM,47114
63,75,75,0,213,PCM,9528
63,21,77,0,161,PCM,46953
48,49,0,77,174,PCB,50017
20,74,81,0,175,PCM,32944
42,89,0,91,222,PCB,10317
37,74,93,0,204,PCM,13506
52,75,0,26,153,PCB,85668
20,81,0,68,169,PCB,57881
78,80,0,24,182,PCB,40207
79,99,86,0,264,PCM,1170
58,81,0,78,217,PCB,10459
48,43,0,30,121,PCB,136724
45,35,0,59,139,PCB,109964
60,57,48,0,165,PCM,42914
68,35,86,0,189,PCM,21485
27,86,0,29,142,PCB,105852
28,75,0,82,185,PCB,34304
33,55,72,0,160,PCM,46961
99,63,0,20,182,PCB,39040
99,42,0,90,231,PCB,7278
79,59,0,33,171,PCB,52769
88,35,51,0,174,PCM,33680
65,22,96,0,183,PCM,26368
83,64,0,63,210,PCB,16395
88,79,0,23,190,PCB,29780
96,81,91,0,268,PCM,453
22,33,0,52,107,PCB,154306
92,39,0,84,215,PCB,13631
95,85,0,92,272,PCB,357
85,28,0,38,151,PCB,87022
51,65,65,0,181,PCM,26886
31,50,71,0,152,PCM,57626
52,73,0,78,203,PCB,17770
79,59,68,0,206,PCM,12241
56,41,25,0,122,PCM,91116
91,60,73,0,224,PCM,6348
29,55,0,20,104,PCB,154572
92,69,0,39,200,PCB,20240
72,43,83,0,198,PCM,14285
84,72,75,0,231,PCM,3361
47,32,74,0,153,PCM,55536
44,23,33,0,100,PCM,106052
45,74,20,0,139,PCM,73793
94,33,0,38,165,PCB,65563
52,26,97,0,175,PCM,33443
51,33,0,26,110,PCB,148602
57,78,0,56,191,PCB,29806
48,30,0,83,161,PCB,68945
87,100,0,44,231,PCB,5541
51,74,0,28,153,PCB,84253
60,46,0,63,169,PCB,58287
36,31,0,92,159,PCB,74469
92,100,0,22,214,PCB,14313
87,68,0,75,230,PCB,5742
85,95,33,0,213,PCM,7894
38,72,0,36,146,PCB,95701
98,23,0,51,172,PCB,53806
24,72,0,21,117,PCB,143698
80,50,0,65,195,PCB,25204
60,58,58,0,176,PCM,30349
40,76,0,84,200,PCB,23123
36,78,90,0,204,PCM,11866
62,90,55,0,207,PCM,10129
42,65,0,45,152,PCB,86514
53,50,51,0,154,PCM,55781
71,40,36,0,147,PCM,62920
25,60,0,56,141,PCB,104938
58,94,40,0,192,PCM,18639
41,65,0,80,186,PCB,35786
22,93,92,0,207,PCM,10243
38,97,27,0,162,PCM,44739
46,53,0,81,180,PCB,43188
51,36,47,0,134,PCM,79288
61,72,70,0,203,PCM,13472
52,35,93,0,180,PCM,27055
44,44,0,34,122,PCB,134815
52,82,88,0,222,PCM,6981
46,46,90,0,182,PCM,25753
90,26,45,0,161,PCM,46084
80,87,0,50,217,PCB,11616
52,36,34,0,122,PCM,89764
47,88,0,36,171,PCB,53771
93,84,0,99,276,PCB,1020
46,23,0,91,160,PCB,71579
64,26,0,95,185,PCB,35916
53,34,0,99,186,PCB,33957
91,34,96,0,221,PCM,6582
62,96,0,57,215,PCB,11527
31,24,34,0,89,PCM,109685
38,61,0,100,199,PCB,23501
48,89,0,80,217,PCB,10647
74,32,0,72,178,PCB,42803
70,32,73,0,175,PCM,31979
32,47,0,70,149,PCB,93052
62,28,0,51,141,PCB,107053
31,32,89,0,152,PCM,58108
75,63,63,0,201,PCM,14132
58,78,0,28,164,PCB,65307
36,22,0,85,143,PCB,102346
96,26,0,37,159,PCB,74299
23,96,70,0,189,PCM,20061
28,76,52,0,156,PCM,52580
100,20,0,50,170,PCB,56833
46,82,0,72,200,PCB,20487
34,95,97,0,226,PCM,6091
61,60,0,64,185,PCB,33964
31,30,42,0,103,PCM,103542
68,82,29,0,179,PCM,28688
85,85,94,0,264,PCM,1739
100,22,0,62,184,PCB,36716
100,43,80,0,223,PCM,6676
27,41,0,66,134,PCB,117371
41,35,0,22,98,PCB,160406
97,81,0,82,260,PCB,802
58,38,87,0,183,PCM,25092
96,21,98,0,215,PCM,8196
85,30,69,0,184,PCM,25359
32,35,0,59,126,PCB,130728
41,33,27,0,101,PCM,104152
21,81,0,88,190,PCB,31811
48,27,0,53,128,PCB,126236
58,35,59,0,152,PCM,56725
61,41,0,90,192,PCB,27804
27,78,0,32,137,PCB,112512
83,29,0,95,207,PCB,17228
66,95,94,0,255,PCM,725
88,81,50,0,219,PCM,6811
21,58,0,81,160,PCB,72908
62,54,0,68,184,PCB,35041
46,98,0,89,233,PCB,6198
33,33,0,94,160,PCB,73966
85,54,0,61,200,PCB,22491
79,83,0,93,255,PCB,4043
98,53,62,0,213,PCM,8327
64,89,0,94,247,PCB,4147
59,42,50,0,151,PCM,59333
64,53,76,0,193,PCM,17779
59,89,33,0,181,PCM,26281
33,78,41,0,152,PCM,57259
22,29,0,56,107,PCB,151637
77,55,59,0,191,PCM,19650
25,47,0,57,129,PCB,125266
44,56,0,43,143,PCB,101590
25,21,74,0,120,PCM,93221
83,46,0,44,173,PCB,52172
42,83,68,0,193,PCM,18671
77,45,44,0,166,PCM,40678
96,29,89,0,214,PCM,8383
86,38,0,97,221,PCB,11456
45,81,0,48,174,PCB,51591
67,72,0,26,165,PCB,64323
65,32,42,0,139,PCM,72879
46,86,0,96,228,PCB,6070
50,56,0,40,146,PCB,96783
41,27,0,92,160,PCB,70879
67,89,28,0,184,PCM,25330
66,56,44,0,166,PCM,41872
44,37,0,73,154,PCB,83425
34,26,56,0,116,PCM,96539
34,55,39,0,128,PCM,83687
62,80,85,0,227,PCM,4963
27,25,0,66,118,PCB,141363
40,39,57,0,136,PCM,75465
94,84,0,77,255,PCB,3365
50,38,0,44,132,PCB,121133
31,86,0,72,189,PCB,29956
50,54,97,0,201,PCM,13682
64,82,82,0,228,PCM,5608
98,96,28,0,222,PCM,7119
28,68,0,75,171,PCB,53821
62,23,30,0,115,PCM,96051
94,34,36,0,164,PCM,44085
44,40,0,39,123,PCB,134946
41,72,64,0,177,PCM,29872
41,60,88,0,189,PCM,21490
27,89,23,0,139,PCM,72935
56,78,0,77,211,PCB,14772
47,24,0,80,151,PCB,86790
42,84,46,0,172,PCM,34836
99,84,0,29,212,PCB,14602
99,47,94,0,240,PCM,3366
60,81,0,57,198,PCB,22321
37,70,92,0,199,PCM,15042
43,82,0,27,152,PCB,88116
38,39,0,86,163,PCB,68077
97,32,81,0,210,PCM,9380
85,90,0,45,220,PCB,9658
78,23,26,0,127,PCM,85312
60,28,76,0,164,PCM,43563
82,33,0,73,188,PCB,32423
86,78,45,0,209,PCM,11180
26,78,87,0,191,PCM,20056
24,62,100,0,186,PCM,23550
51,34,0,28,113,PCB,145579
48,42,98,0,188,PCM,21501
20,80,0,94,194,PCB,25589
44,35,0,65,144,PCB,100081
44,83,39,0,166,PCM,40873
85,31,21,0,137,PCM,74589
59,72,0,99,230,PCB,6466
47,87,0,95,229,PCB,6069
79,86,81,0,246,PCM,3614
31,21,80,0,132,PCM,80234
75,60,0,88,223,PCB,7596
43,71,0,54,168,PCB,59651
94,48,88,0,230,PCM,3765
83,89,56,0,228,PCM,4604
97,56,50,0,203,PCM,13100
46,98,0,54,198,PCB,23590
81,27,38,0,146,PCM,65355
66,79,29,0,174,PCM,32161
26,98,61,0,185,PCM,22960
93,25,0,32,150,PCB,90696
31,85,48,0,164,PCM,43398
26,83,0,31,140,PCB,108981
60,92,82,0,234,PCM,4046
35,28,82,0,145,PCM,65005
29,58,0,85,172,PCB,54572
92,40,31,0,163,PCM,44969
80,22,0,26,128,PCB,125788
97,99,0,64,260,PCB,3776
32,52,65,0,149,PCM,60823
75,49,26,0,150,PCM,60699
38,68,59,0,165,PCM,43145
31,83,0,84,198,PCB,21701
91,82,51,0,224,PCM,4900
49,93,0,71,213,PCB,12271
56,62,0,93,211,PCB,13148
86,60,0,93,239,PCB,3388
97,98,23,0,218,PCM,7783
95,20,0,21,136,PCB,113413
41,58,0,100,199,PCB,20709
38,48,89,0,175,PCM,32803
89,31,71,0,191,PCM,20193
23,49,0,56,128,PCB,126805
29,61,0,33,123,PCB,133861
46,28,0,42,116,PCB,141632
76,59,99,0,234,PCM,3161
89,79,0,76,244,PCB,3863
29,30,0,80,139,PCB,108935
66,47,0,22,135,PCB,116418
87,44,37,0,168,PCM,39809
44,98,0,65,207,PCB,16735
48,86,0,58,192,PCB,27693
92,51,0,95,238,PCB,5191
55,60,0,92,207,PCB,17010
26,72,55,0,153,PCM,57109
29,42,88,0,159,PCM,49023
70,39,47,0,156,PCM,51749
85,76,94,0,255,PCM,916
83,69,0,82,234,PCB,6841
88,39,0,49,176,PCB,46916
80,20,0,94,194,PCB,26165
72,28,50,0,150,PCM,59311
96,48,0,100,244,PCB,3355
28,38,44,0,110,PCM,100176
45,65,0,46,156,PCB,80629
64,52,72,0,188,PCM,20681
29,93,68,0,190,PCM,20169
66,51,86,0,203,PCM,13780
86,73,0,90,249,PCB,4592
66,94,98,0,258,PCM,848
24,51,21,0,96,PCM,107934
50,57,72,0,179,PCM,27852
51,85,0,33,169,PCB,59136
71,51,0,46,168,PCB,58119
41,37,0,36,114,PCB,145893
91,49,0,79,219,PCB,10603
75,90,0,92,257,PCB,1764
34,35,72,0,141,PCM,71371
22,85,46,0,153,PCM,55897
94,60,99,0,253,PCM,2515
89,57,0,84,230,PCB,8235
70,78,32,0,180,PCM,26989
68,53,0,23,144,PCB,99128
50,80,0,84,214,PCB,13698
89,34,0,78,201,PCB,19165
69,30,0,59,158,PCB,76833
97,87,20,0,204,PCM,11773
50,30,0,43,123,PCB,133167
94,41,71,0,206,PCM,10736
20,76,0,48,144,PCB,99473
64,84,88,0,236,PCM,3339
58,46,75,0,179,PCM,28788
69,71,0,36,176,PCB,47175
85,22,41,0,148,PCM,61897
39,76,0,63,178,PCB,45385
68,33,0,79,180,PCB,42452
97,90,56,0,243,PCM,3455
71,65,0,41,177,PCB,46770
89,74,0,26,189,PCB,32028
57,32,0,52,141,PCB,104586
73,42,43,0,158,PCM,49537
33,59,0,52,144,PCB,101900
20,40,0,49,109,PCB,148975
99,27,24,0,150,PCM,60538
67,81,88,0,236,PCM,4421
99,23,69,0,191,PCM,19124
60,73,29,0,162,PCM,44816
24,87,83,0,194,PCM,16850
90,88,25,0,203,PCM,12709
57,50,92,0,199,PCM,14639
42,52,99,0,193,PCM,18233
86,92,0,87,265,PCB,3201
72,46,0,100,218,PCB,9848
64,78,0,99,241,PCB,6076
40,58,0,29,127,PCB,129913
30,71,37,0,138,PCM,72936
46,95,0,93,234,PCB,7415
49,82,65,0,196,PCM,17012
68,50,81,0,199,PCM,14071
52,49,84,0,185,PCM,23572
88,93,78,0,259,PCM,1433
75,84,37,0,196,PCM,16251
96,89,0,90,275,PCB,929
23,65,43,0,131,PCM,81570
21,67,89,0,177,PCM,31349
21,64,64,0,149,PCM,61926
71,40,26,0,137,PCM,74442
78,76,55,0,209,PCM,11434
24,91,98,0,213,PCM,9891
29,33,0,78,140,PCB,106942
38,92,20,0,150,PCM,59944
42,86,65,0,193,PCM,17751
30,45,63,0,138,PCM,74268
71,72,98,0,241,PCM,2282
87,69,0,79,235,PCB,7330
78,21,81,0,180,PCM,28210
63,35,0,34,132,PCB,122618
92,81,44,0,217,PCM,7982
74,46,0,45,165,PCB,63765
52,84,84,0,220,PCM,6772
34,76,67,0,177,PCM,31386
100,54,0,58,212,PCB,12830
59,33,85,0,177,PCM,30501
74,94,0,26,194,PCB,25007
59,51,0,56,166,PCB,62500
38,97,0,63,198,PCB,24294
25,23,0,70,118,PCB,140657
50,83,0,33,166,PCB,61353
75,63,0,55,193,PCB,25625
84,73,0,48,205,PCB,17817
65,39,63,0,167,PCM,40282
49,70,100,0,219,PCM,6811
71,40,0,78,189,PCB,32649
25,65,0,51,141,PCB,106409
50,79,86,0,215,PCM,8683
28,84,0,59,171,PCB,54017
57,27,23,0,107,PCM,102721
96,28,38,0,162,PCM,45658
23,88,30,0,141,PCM,71256
33,40,94,0,167,PCM,40683
76,45,44,0,165,PCM,41834
33,78,55,0,166,PCM,42126
76,97,0,75,248,PCB,5146
63,29,0,74,166,PCB,62318
35,28,36,0,99,PCM,105338
47,83,0,23,153,PCB,85284
49,54,0,59,162,PCB,67618
48,45,94,0,187,PCM,21092
97,22,0,55,174,PCB,48623
47,22,0,80,149,PCB,90496
69,97,67,0,233,PCM,4329
43,63,56,0,162,PCM,45436
88,88,80,0,256,PCM,2884
86,84,78,0,248,PCM,1802
62,82,0,21,165,PCB,63983
47,52,0,85,184,PCB,37340
76,59,0,54,189,PCB,29792
41,59,0,34,134,PCB,117560
37,88,0,93,218,PCB,9718
72,75,0,55,202,PCB,19015
41,47,0,89,177,PCB,44657
83,30,0,85,198,PCB,21392
84,64,90,0,238,PCM,2408
75,94,0,95,264,PCB,2925
30,84,0,60,174,PCB,49731
52,84,60,0,196,PCM,17070
50,82,30,0,162,PCM,45227
72,62,39,0,173,PCM,34309
27,55,0,36,118,PCB,141646
79,28,100,0,207,PCM,11882
80,54,30,0,164,PCM,43032
34,98,0,99,231,PCB,8052
91,50,88,0,229,PCM,5161
86,97,0,70,253,PCB,3796
83,85,0,47,215,PCB,14230
84,97,0,38,219,PCB,11159
58,84,73,0,215,PCM,7219
77,74,0,87,238,PCB,6081
62,52,52,0,166,PCM,40797
64,39,0,69,172,PCB,53311
64,47,0,79,190,PCB,30853
37,68,0,67,172,PCB,52141
83,44,48,0,175,PCM,31528
72,20,45,0,137,PCM,75640
98,56,0,79,233,PCB,6670
21,54,36,0,111,PCM,100031
87,32,57,0,176,PCM,32213
75,34,23,0,132,PCM,80711
90,50,99,0,239,PCM,2751
43,21,96,0,160,PCM,47506
98,29,0,90,217,PCB,13061
32,100,0,59,191,PCB,28459
27,74,0,59,160,PCB,73861
97,67,0,93,257,PCB,677
21,79,0,44,144,PCB,102344
45,84,0,82,211,PCB,13965
64,43,45,0,152,PCM,58241
23,74,72,0,169,PCM,38034
40,74,0,25,139,PCB,107752
36,75,0,62,173,PCB,50390
24,25,39,0,88,PCM,109978
32,37,0,67,136,PCB,114942
41,82,0,56,179,PCB,43178
81,26,40,0,147,PCM,64045
46,81,0,86,213,PCB,14716
27,26,94,0,147,PCM,63198
26,95,80,0,201,PCM,12984
60,29,97,0,186,PCM,21939
37,100,0,29,166,PCB,60539
37,62,21,0,120,PCM,92332
43,28,64,0,135,PCM,77661
20,90,0,27,137,PCB,114260
76,54,0,43,173,PCB,52030
25,34,0,58,117,PCB,140604
88,31,91,0,210,PCM,9134
85,51,0,67,203,PCB,18558
83,70,92,0,245,PCM,2114
90,74,22,0,186,PCM,23494
43,79,0,69,191,PCB,30213
57,69,31,0,157,PCM,51806
92,76,91,0,259,PCM,562
49,29,0,90,168,PCB,57166
30,65,36,0,131,PCM,81183
25,70,0,57,152,PCB,87318
87,84,22,0,193,PCM,18603
57,73,85,0,215,PCM,8163
32,93,75,0,200,PCM,15239
50,85,0,21,156,PCB,79840
79,46,0,48,173,PCB,52487
20,91,89,0,200,PCM,13356
59,58,46,0,163,PCM,44375
93,74,88,0,255,PCM,909
63,51,74,0,188,PCM,20798
22,88,86,0,196,PCM,16902
20,88,0,87,195,PCB,24788
25,97,57,0,179,PCM,27572
69,33,86,0,188,PCM,22173
54,62,35,0,151,PCM,57998
85,92,97,0,274,PCM,1148
46,65,37,0,148,PCM,62026
99,24,83,0,206,PCM,11838
22,63,0,28,113,PCB,145380
57,85,0,64,206,PCB,17336
54,22,0,93,169,PCB,56091
59,95,0,93,247,PCB,2086
37,88,29,0,154,PCM,54102
37,40,93,0,170,PCM,36463
43,34,67,0,144,PCM,67390
92,72,24,0,188,PCM,21588
41,78,0,37,156,PCB,78250
94,37,93,0,224,PCM,5078
53,38,0,48,139,PCB,108232
31,97,84,0,212,PCM,10048
49,66,23,0,138,PCM,73974
54,53,0,45,152,PCB,87426
47,77,0,33,157,PCB,78694
59,63,0,78,200,PCB,21733
73,42,64,0,179,PCM,27642
34,89,0,85,208,PCB,16451
94,84,64,0,242,PCM,2864
78,88,0,89,255,PCB,2398
100,42,90,0,232,PCM,4663
60,85,0,84,229,PCB,7270
91,21,84,0,196,PCM,15769
39,54,74,0,167,PCM,41103
62,97,0,67,226,PCB,8105
68,66,0,44,178,PCB,44034
53,62,0,33,148,PCB,93770
71,49,98,0,218,PCM,7158
95,34,0,92,221,PCB,11112
92,28,31,0,151,PCM,58606
49,64,0,38,151,PCB,86559
51,96,0,93,240,PCB,4754
44,63,30,0,137,PCM,76138
61,83,0,39,183,PCB,39642
78,99,96,0,273,PCM,1290
39,73,0,86,198,PCB,22518
37,38,0,85,160,PCB,73835
68,54,0,85,207,PCB,18441
44,70,23,0,137,PCM,74897
47,82,25,0,154,PCM,54091
44,88,44,0,176,PCM,31914
37,95,49,0,181,PCM,26509
73,75,34,0,182,PCM,26603
24,84,89,0,197,PCM,15671
25,81,84,0,190,PCM,19893
92,67,0,85,244,PCB,2953
63,90,22,0,175,PCM,32019
88,58,0,63,209,PCB,14411
52,23,0,26,101,PCB,157731
84,75,0,24,183,PCB,38146
63,75,0,21,159,PCB,72655
67,78,99,0,244,PCM,3492
35,61,0,28,124,PCB,132184
84,93,40,0,217,PCM,8546
27,51,0,35,113,PCB,147445
88,77,94,0,259,PCM,2163
54,55,51,0,160,PCM,47866
28,48,0,51,127,PCB,129088
44,35,0,91,170,PCB,54830
26,95,93,0,214,PCM,8861
82,29,94,0,205,PCM,12957
99,72,22,0,193,PCM,19036
93,68,0,76,237,PCB,5896
67,91,71,0,229,PCM,5828
99,90,69,0,258,PCM,2355
44,88,0,94,226,PCB,8197
31,56,69,0,156,PCM,52350
63,26,39,0,128,PCM,85176
66,37,0,20,123,PCB,133236
44,79,0,69,192,PCB,26501
87,86,0,40,213,PCB,14557
56,64,84,0,204,PCM,12019
31,90,0,90,211,PCB,13221
39,61,0,84,184,PCB,36846
97,35,60,0,192,PCM,19558
60,47,60,0,167,PCM,39454
82,59,84,0,225,PCM,5251
43,36,23,0,102,PCM,103775
100,35,0,20,155,PCB,81433
96,43,84,0,223,PCM,7052
96,84,0,55,235,PCB,6129
76,20,76,0,172,PCM,35681
64,72,0,92,228,PCB,7601
92,41,0,92,225,PCB,7732
75,49,0,40,164,PCB,64087
38,22,23,0,83,PCM,112406
29,90,50,0,169,PCM,38486
82,25,0,97,204,PCB,19450
71,43,57,0,171,PCM,36169
66,21,92,0,179,PCM,29126
40,74,0,25,139,PCB,108582
53,91,20,0,164,PCM,42451
81,33,0,53,167,PCB,61525
82,91,89,0,262,PCM,863
77,43,0,81,201,PCB,21833
38,35,86,0,159,PCM,49307
79,99,35,0,213,PCM,8484
47,53,30,0,130,PCM,82928
85,87,97,0,269,PCM,1524
99,82,97,0,278,PCM,1855
39,49,88,0,176,PCM,30493
94,93,83,0,270,PCM,1845
57,41,0,70,168,PCB,58742
79,47,0,84,210,PCB,15159
73,36,0,89,198,PCB,23113
79,72,0,81,232,PCB,6930
72,55,0,39,166,PCB,61575
81,40,43,0,164,PCM,43822
67,56,69,0,192,PCM,18348
44,55,38,0,137,PCM,74189
58,95,0,37,190,PCB,30783
47,52,93,0,192,PCM,17657
55,90,38,0,183,PCM,24444
84,24,0,85,193,PCB,26256
67,77,27,0,171,PCM,35288
97,24,0,86,207,PCB,17583
41,22,0,81,144,PCB,101729
100,64,0,57,221,PCB,11313
48,41,0,96,185,PCB,34148
36,25,80,0,141,PCM,70888
60,65,0,43,168,PCB,59041
45,54,0,100,199,PCB,23677
31,78,0,74,183,PCB,37561
46,32,0,100,178,PCB,45457
25,41,82,0,148,PCM,62292
98,94,0,29,221,PCB,9663
62,40,0,57,159,PCB,75548
28,92,99,0,219,PCM,7503
28,91,41,0,160,PCM,47245
83,34,94,0,211,PCM,9327
21,25,75,0,121,PCM,91007
37,40,37,0,114,PCM,95940
39,42,0,38,119,PCB,140269
75,25,0,84,184,PCB,37831
22,74,29,0,125,PCM,88397
32,27,0,98,157,PCB,78798
71,48,34,0,153,PCM,56202
22,25,43,0,90,PCM,109559
27,81,21,0,129,PCM,83529
92,97,0,41,230,PCB,7353
53,39,86,0,178,PCM,28629
100,69,0,46,215,PCB,10700
63,69,0,92,224,PCB,8282
48,60,0,44,152,PCB,87352
31,82,91,0,204,PCM,11689
36,32,0,87,155,PCB,81304
63,51,0,32,146,PCB,96963
77,33,0,53,163,PCB,65384
96,98,0,32,226,PCB,7973
68,93,57,0,218,PCM,7981
87,21,0,50,158,PCB,75453
43,54,36,0,133,PCM,79579
46,84,0,21,151,PCB,87459
31,43,0,82,156,PCB,80204
21,78,0,95,194,PCB,26880
91,44,0,70,205,PCB,17263
71,63,0,88,222,PCB,9598
58,70,39,0,167,PCM,39450
93,99,0,72,264,PCB,1183
97,36,53,0,186,PCM,22957
73,30,0,85,188,PCB,30845
70,38,0,29,137,PCB,112399
98,63,29,0,190,PCM,20394
38,29,0,20,87,PCB,165745
100,73,99,0,272,PCM,1131
87,99,89,0,275,PCM,1130
66,74,0,39,179,PCB,41605
53,67,23,0,143,PCM,69080
53,58,0,88,199,PCB,21151
81,97,66,0,244,PCM,1588
61,71,88,0,220,PCM,7411
57,41,75,0,173,PCM,35010
54,43,0,49,146,PCB,97223
58,27,0,71,156,PCB,80621
47,78,59,0,184,PCM,25049
99,72,0,65,236,PCB,4602
95,20,66,0,181,PCM,25803
65,38,25,0,128,PCM,83810
34,64,0,81,179,PCB,41275
64,22,24,0,110,PCM,99376
86,53,0,73,212,PCB,14718
89,71,24,0,184,PCM,23615
85,32,59,0,176,PCM,31265
28,91,34,0,153,PCM,57433
99,46,0,91,236,PCB,4498
87,44,0,81,212,PCB,14246
22,71,0,93,186,PCB,34991
55,51,41,0,147,PCM,63301
100,82,0,75,257,PCB,3137
20,33,27,0,80,PCM,114259
68,85,0,61,214,PCB,13440
88,47,98,0,233,PCM,4516
40,93,46,0,179,PCM,28562
86,75,0,83,244,PCB,2656
91,41,60,0,192,PCM,18154
61,52,97,0,210,PCM,9461
30,25,51,0,106,PCM,103561
47,75,0,68,190,PCB,29570
97,22,0,84,203,PCB,19906
37,57,88,0,182,PCM,26146
80,34,0,99,213,PCB,14835
50,85,90,0,225,PCM,5136
43,84,75,0,202,PCM,14026
67,31,0,25,123,PCB,132943
50,58,0,69,177,PCB,46938
41,41,0,94,176,PCB,47780
63,46,72,0,181,PCM,26029
34,29,0,66,129,PCB,124252
90,83,26,0,199,PCM,14867
65,72,0,98,235,PCB,6005
91,64,75,0,230,PCM,5295
77,24,80,0,181,PCM,25782
90,55,0,29,174,PCB,50062
30,37,74,0,141,PCM,70299
43,91,53,0,187,PCM,22362
24,29,74,0,127,PCM,84692
60,78,0,36,174,PCB,48582
67,26,0,28,121,PCB,136011
69,78,0,87,234,PCB,4700
73,45,0,28,146,PCB,98661
31,25,0,60,116,PCB,142393
80,71,0,37,188,PCB,30859
82,20,0,24,126,PCB,130138
65,38,82,0,185,PCM,23396
55,88,0,43,186,PCB,36065
39,65,94,0,198,PCM,15990
46,86,74,0,206,PCM,10606
84,32,0,93,209,PCB,16681
81,22,41,0,144,PCM,67344
54,32,39,0,125,PCM,86765
60,28,0,56,144,PCB,99820
99,49,0,72,220,PCB,11373
20,31,0,91,142,PCB,104560
35,71,79,0,185,PCM,22813
82,74,0,78,234,PCB,5022
89,45,74,0,208,PCM,11148
73,80,0,33,186,PCB,34340
63,93,62,0,218,PCM,8025
70,85,87,0,242,PCM,2208
49,43,45,0,137,PCM,74245
65,70,32,0,167,PCM,40191
82,57,63,0,202,PCM,13696
32,92,77,0,201,PCM,14003
63,22,0,35,120,PCB,139833
61,50,89,0,200,PCM,13909
94,40,0,72,206,PCB,16700
69,26,82,0,177,PCM,29661
25,73,54,0,152,PCM,57489
99,56,99,0,254,PCM,1880
100,44,0,72,216,PCB,12771
66,25,0,31,122,PCB,135819
42,81,0,69,192,PCB,26943
97,22,37,0,156,PCM,53394
97,42,49,0,188,PCM,21872
100,58,62,0,220,PCM,6777
98,59,73,0,230,PCM,4833
91,90,57,0,238,PCM,2590
95,52,0,79,226,PCB,6615
93,72,0,69,234,PCB,5884
62,96,0,85,243,PCB,5978
29,34,0,55,118,PCB,142243
43,79,0,55,177,PCB,46297
57,53,0,69,179,PCB,43354
26,88,0,56,170,PCB,56270
30,34,70,0,134,PCM,78090
71,41,61,0,173,PCM,34412
67,92,0,75,234,PCB,4547
99,50,44,0,193,PCM,17154
45,35,81,0,161,PCM,47268
47,71,30,0,148,PCM,62042
55,47,0,36,138,PCB,112003
67,96,53,0,216,PCM,6981
32,82,50,0,164,PCM,42826
73,84,0,73,230,PCB,7181
98,20,0,93,211,PCB,15686
68,50,0,67,185,PCB,34316
21,35,0,91,147,PCB,95394
20,50,0,41,111,PCB,148348
31,44,0,73,148,PCB,94680
64,48,0,29,141,PCB,104402
35,23,0,78,136,PCB,114923
82,34,56,0,172,PCM,35780
77,33,0,77,187,PCB,32456
58,45,67,0,170,PCM,37208
71,22,98,0,191,PCM,20205
21,93,34,0,148,PCM,63435
31,20,0,66,117,PCB,141692
96,56,0,21,173,PCB,50128
40,90,27,0,157,PCM,51419
61,32,0,54,147,PCB,97022
95,29,43,0,167,PCM,41029
50,39,0,54,143,PCB,102149
83,53,89,0,225,PCM,5929
64,57,0,51,172,PCB,53681
48,75,0,100,223,PCB,10057
60,23,0,32,115,PCB,143428
44,96,67,0,207,PCM,12325
34,27,99,0,160,PCM,47354
22,30,0,64,116,PCB,142090
34,68,77,0,179,PCM,29455
52,42,0,37,131,PCB,122841
62,94,100,0,256,PCM,1579
89,58,0,90,237,PCB,4611
94,82,38,0,214,PCM,7488
63,82,79,0,224,PCM,5988
97,28,0,68,193,PCB,26841
90,86,89,0,265,PCM,1940
69,99,0,66,234,PCB,6404
59,64,0,40,163,PCB,65768
95,49,55,0,199,PCM,15806
24,35,67,0,126,PCM,87798
45,25,84,0,154,PCM,55712
29,57,0,24,110,PCB,149590
37,92,0,78,207,PCB,15898
68,69,21,0,158,PCM,50293
85,89,0,61,235,PCB,6058
25,40,0,76,141,PCB,107574
47,26,23,0,96,PCM,108611
94,75,0,30,199,PCB,22900
48,99,51,0,198,PCM,15583
94,72,87,0,253,PCM,948
32,83,0,27,142,PCB,103073
21,88,0,56,165,PCB,63537
97,90,0,34,221,PCB,10857
35,33,0,69,137,PCB,112328
63,42,76,0,181,PCM,26548
77,94,0,49,220,PCB,11258
56,33,61,0,150,PCM,60125
33,77,61,0,171,PCM,37301
60,72,0,58,190,PCB,31583
98,24,46,0,168,PCM,38430
86,46,0,80,212,PCB,13616
20,76,0,87,183,PCB,36983
72,83,61,0,216,PCM,8289
77,26,53,0,156,PCM,53970
66,99,0,82,247,PCB,3116
22,73,0,75,170,PCB,56607
77,22,0,47,146,PCB,98969
52,33,0,89,174,PCB,50301
52,94,21,0,167,PCM,40010
68,95,30,0,193,PCM,18033
73,65,0,55,193,PCB,25997
58,23,0,58,139,PCB,110674
33,82,0,69,184,PCB,37626
62,57,0,91,210,PCB,14013
100,89,58,0,247,PCM,2792
43,75,73,0,191,PCM,19416
76,55,0,60,191,PCB,29913
65,50,0,25,140,PCB,107008
67,62,0,27,156,PCB,80339
47,82,64,0,193,PCM,18226
70,53,65,0,188,PCM,20606
34,65,0,79,178,PCB,44044
51,74,23,0,148,PCM,62978
68,31,81,0,180,PCM,27422
37,22,71,0,130,PCM,81690
51,74,0,98,223,PCB,9000
90,34,62,0,186,PCM,22911
65,36,83,0,184,PCM,25695
28,20,0,72,120,PCB,139690
50,29,95,0,174,PCM,33267
35,22,84,0,141,PCM,71378
91,37,29,0,157,PCM,51384
94,70,0,48,212,PCB,15654
22,30,69,0,121,PCM,92289
62,56,89,0,207,PCM,10939
47,97,89,0,233,PCM,3816
36,76,41,0,153,PCM,55281
26,65,0,94,185,PCB,36084
67,30,0,49,146,PCB,97465
31,55,83,0,169,PCM,38503
56,75,0,75,206,PCB,17543
80,40,79,0,199,PCM,14918
95,23,53,0,171,PCM,36668
57,97,0,33,187,PCB,34100
41,86,59,0,186,PCM,23981
76,93,84,0,253,PCM,2957
67,82,20,0,169,PCM,39141
75,74,50,0,199,PCM,14373
33,70,0,52,155,PCB,80170
52,60,36,0,148,PCM,63331
52,98,22,0,172,PCM,34201
37,21,26,0,84,PCM,112237
36,38,31,0,105,PCM,103582
93,68,81,0,242,PCM,3591
56,21,0,70,147,PCB,96101
55,24,30,0,109,PCM,100256
75,90,21,0,186,PCM,23664
45,52,61,0,158,PCM,49966
67,71,0,56,194,PCB,27387
62,100,88,0,250,PCM,2797
48,84,24,0,156,PCM,53396
87,42,0,83,212,PCB,12838
52,72,58,0,182,PCM,25979
39,76,29,0,144,PCM,66186
63,66,0,85,214,PCB,13804
61,91,70,0,222,PCM,7228
100,41,0,35,176,PCB,46833
100,23,50,0,173,PCM,33728
65,50,0,94,209,PCB,14173
79,65,38,0,182,PCM,25208
84,42,63,0,189,PCM,21092
61,75,0,58,194,PCB,24767
98,76,0,20,194,PCB,27479
46,59,79,0,184,PCM,25073
51,56,25,0,132,PCM,80492
92,36,78,0,206,PCM,10966
21,70,68,0,159,PCM,48932
59,28,0,48,135,PCB,117644
86,69,0,68,223,PCB,8941
24,32,78,0,134,PCM,78653
55,63,89,0,207,PCM,10099
76,24,0,100,200,PCB,22371
25,86,0,81,192,PCB,28858
40,20,0,71,131,PCB,121713
67,72,74,0,213,PCM,10075
69,69,22,0,160,PCM,49192
29,21,71,0,121,PCM,92277
57,78,35,0,170,PCM,36531
80,80,38,0,198,PCM,14785
63,38,0,58,159,PCB,74631
74,51,0,85,210,PCB,14023
92,52,32,0,176,PCM,31271
33,21,0,92,146,PCB,98246
74,81,92,0,247,PCM,3238
31,95,0,82,208,PCB,15308
56,56,0,97,209,PCB,16394
56,47,98,0,201,PCM,14700
72,84,0,89,245,PCB,4655
88,78,21,0,187,PCM,21920
62,86,64,0,212,PCM,9540
37,73,81,0,191,PCM,20470
85,90,34,0,209,PCM,9404
70,94,0,24,188,PCB,32687
50,78,79,0,207,PCM,12079
50,71,0,55,176,PCB,45360
42,42,0,54,138,PCB,109563
26,73,88,0,187,PCM,22801
74,93,0,32,199,PCB,22877
49,47,100,0,196,PCM,17336
56,88,0,38,182,PCB,40789
73,82,0,21,176,PCB,47360
57,49,46,0,152,PCM,58760
73,99,0,21,193,PCB,26753
55,55,0,97,207,PCB,15464
90,49,0,89,228,PCB,6668
24,93,0,98,215,PCB,10883
48,77,28,0,153,PCM,55260
30,53,33,0,116,PCM,94670
25,44,0,53,122,PCB,137227
62,62,62,0,186,PCM,22759
66,52,0,82,200,PCB,22490
63,58,0,48,169,PCB,56173
40,96,0,88,224,PCB,10590
46,79,0,49,174,PCB,48158
100,36,55,0,191,PCM,20623
83,59,88,0,230,PCM,5841
85,79,0,73,237,PCB,5923
75,39,95,0,209,PCM,10189
67,22,0,44,133,PCB,118475
69,100,70,0,239,PCM,4276
23,83,0,93,199,PCB,23209
22,78,39,0,139,PCM,72022
70,50,57,0,177,PCM,30266
20,65,0,55,140,PCB,108679
29,46,52,0,127,PCM,85864
35,100,77,0,212,PCM,10053
52,92,0,33,177,PCB,46230
37,28,0,30,95,PCB,163682
33,21,100,0,154,PCM,55756
76,32,29,0,137,PCM,76019
45,88,44,0,177,PCM,30120
97,71,28,0,196,PCM,17429
46,71,47,0,164,PCM,43617
32,57,94,0,183,PCM,24305
21,97,0,27,145,PCB,97461
75,34,0,100,209,PCB,14226
29,43,0,82,154,PCB,82273
31,46,33,0,110,PCM,99367
28,82,52,0,162,PCM,46294
97,78,0,47,222,PCB,8311
57,49,88,0,194,PCM,17423
37,45,85,0,167,PCM,40733
42,85,0,78,205,PCB,17044
62,58,0,27,147,PCB,93676
74,100,0,56,230,PCB,7319
75,47,78,0,200,PCM,13693
49,27,0,94,170,PCB,55420
81,96,0,57,234,PCB,6434
99,38,0,40,177,PCB,46928
95,28,34,0,157,PCM,51323
47,45,86,0,178,PCM,28582
74,27,0,63,164,PCB,64714
78,78,49,0,205,PCM,11404
100,80,61,0,241,PCM,3260
74,55,0,69,198,PCB,21390
46,39,0,21,106,PCB,152938
86,25,43,0,154,PCM,54782
53,78,70,0,201,PCM,14164
52,74,0,42,168,PCB,59486
71,68,0,80,219,PCB,9721
53,90,0,49,192,PCB,26835
69,42,34,0,145,PCM,65743
40,43,0,64,147,PCB,95507
81,88,0,20,189,PCB,33021
32,80,55,0,167,PCM,41004
38,61,0,75,174,PCB,51465
38,42,0,24,104,PCB,156867
23,75,0,95,193,PCB,27630
79,67,24,0,170,PCM,38067
63,36,0,27,126,PCB,129153
57,49,0,44,150,PCB,91175
30,99,0,25,154,PCB,84349
36,20,0,91,147,PCB,95845
48,46,0,78,172,PCB,52667
40,96,0,22,158,PCB,74058
87,74,0,33,194,PCB,27767
36,52,0,40,128,PCB,126550
41,65,55,0,161,PCM,47214
30,91,26,0,147,PCM,64615
29,76,22,0,127,PCM,85836
72,45,0,90,207,PCB,18280
42,58,66,0,166,PCM,41190
64,69,83,0,216,PCM,8741
27,45,74,0,146,PCM,65319
46,65,89,0,200,PCM,14021
60,71,0,43,174,PCB,49117
94,55,0,33,182,PCB,38144
22,38,50,0,110,PCM,99794
89,27,0,70,186,PCB,36087
63,21,0,56,140,PCB,106398
32,65,0,95,192,PCB,28718
78,48,23,0,149,PCM,61808
82,44,51,0,177,PCM,31108
76,47,96,0,219,PCM,6793
52,60,38,0,150,PCM,59469
56,66,0,73,195,PCB,24212
20,63,0,67,150,PCB,89032
47,67,0,82,196,PCB,26013
95,29,33,0,157,PCM,51758
51,60,0,26,137,PCB,113100
87,68,21,0,176,PCM,32272
77,51,69,0,197,PCM,14915
39,75,0,61,175,PCB,49992
95,58,0,29,182,PCB,37661
31,29,0,81,141,PCB,106082
92,38,67,0,197,PCM,16912
38,55,0,42,135,PCB,116303
40,78,95,0,213,PCM,8326
100,34,0,33,167,PCB,61543
24,57,74,0,155,PCM,53526
95,39,0,24,158,PCB,76675
32,37,76,0,145,PCM,65939
80,86,87,0,253,PCM,1195
33,89,0,46,168,PCB,57263
34,33,69,0,136,PCM,76699
48,61,66,0,175,PCM,31760
20,82,0,99,201,PCB,20103
81,36,0,77,194,PCB,27063
44,26,52,0,122,PCM,90511
83,87,0,24,194,PCB,24770
61,62,72,0,195,PCM,17294
35,63,79,0,177,PCM,30940
76,26,88,0,190,PCM,20216
69,99,33,0,201,PCM,13346
76,51,0,72,199,PCB,23681
84,30,0,32,146,PCB,95890
48,53,0,61,162,PCB,70050
23,98,0,87,208,PCB,17901
77,56,55,0,188,PCM,22395
74,89,95,0,258,PCM,2698
24,60,0,32,116,PCB,141749
72,92,0,57,221,PCB,11228
48,62,0,45,155,PCB,81096
39,73,0,84,196,PCB,26267
43,86,81,0,210,PCM,9500
45,39,0,75,159,PCB,75217
39,85,0,45,169,PCB,57355
22,50,51,0,123,PCM,89406
31,94,82,0,207,PCM,10427
65,37,0,30,132,PCB,120751
46,35,0,21,102,PCB,158463
69,37,39,0,145,PCM,66068
38,56,27,0,121,PCM,91459
81,70,43,0,194,PCM,17072
57,96,33,0,186,PCM,22132
90,100,93,0,283,PCM,1588
28,69,29,0,126,PCM,85777
51,45,0,38,134,PCB,118922
34,79,57,0,170,PCM,38165
35,35,0,27,97,PCB,161248
75,24,82,0,181,PCM,26526
95,96,0,87,278,PCB,2727
84,75,0,90,249,PCB,4507
21,73,42,0,136,PCM,76893
77,84,0,20,181,PCB,42082
45,72,0,71,188,PCB,31611
66,43,0,53,162,PCB,67642
77,24,0,82,183,PCB,37419
48,37,37,0,122,PCM,91189
21,36,0,89,146,PCB,96125
77,21,0,23,121,PCB,136646
84,43,0,70,197,PCB,22059
87,46,26,0,159,PCM,50353
94,36,0,60,190,PCB,30865
99,99,21,0,219,PCM,6460
25,22,80,0,127,PCM,86584
37,73,99,0,209,PCM,10724
36,55,0,22,113,PCB,147014
46,22,0,92,160,PCB,70499
27,98,0,49,174,PCB,48584
68,68,0,50,186,PCB,34525
41,35,69,0,145,PCM,65147
84,46,74,0,204,PCM,13157
28,95,32,0,155,PCM,54829
95,26,0,25,146,PCB,98421
77,55,0,66,198,PCB,22951
27,99,0,43,169,PCB,56727
98,75,0,87,260,PCB,2125
81,51,52,0,184,PCM,24785
36,68,27,0,131,PCM,81442
91,29,0,86,206,PCB,18326
51,81,45,0,177,PCM,29886
28,53,43,0,124,PCM,89660
67,60,22,0,149,PCM,61203
23,29,44,0,96,PCM,106915
88,86,38,0,212,PCM,9188
87,25,64,0,176,PCM,30263
43,39,0,69,151,PCB,87141
78,52,0,94,224,PCB,7317
86,85,0,50,221,PCB,9919
40,72,0,29,141,PCB,105891
75,37,0,34,146,PCB,96211
75,46,0,93,214,PCB,12669
80,66,70,0,216,PCM,8936
97,75,59,0,231,PCM,4170
78,74,0,37,189,PCB,29854
40,20,0,62,122,PCB,137441
98,60,95,0,253,PCM,2122
94,23,77,0,194,PCM,18283
26,99,0,29,154,PCB,81784
70,26,40,0,136,PCM,76630
37,51,0,98,186,PCB,33355
87,37,59,0,183,PCM,26466
94,83,0,97,274,PCB,1
98,50,0,33,181,PCB,39889
69,85,83,0,237,PCM,3190
39,51,69,0,159,PCM,50193
87,49,72,0,208,PCM,10674
21,46,0,38,105,PCB,154874
30,53,36,0,119,PCM,93305
80,62,0,56,198,PCB,22791
66,79,37,0,182,PCM,26258
97,67,0,89,253,PCB,1109
45,44,0,96,185,PCB,36536
41,61,0,44,146,PCB,98650
80,21,0,41,142,PCB,103686
35,80,0,54,169,PCB,55859
38,71,0,30,139,PCB,107755
82,55,68,0,205,PCM,10841
83,98,0,41,222,PCB,10959
45,85,67,0,197,PCM,15408
92,70,58,0,220,PCM,5784
78,87,21,0,186,PCM,23071
97,42,85,0,224,PCM,5433
72,34,0,41,147,PCB,96494
26,29,70,0,125,PCM,87966
42,41,97,0,180,PCM,27052
51,53,0,33,137,PCB,112082
32,90,0,87,209,PCB,16644
35,42,44,0,121,PCM,92396
40,82,97,0,219,PCM,7954
50,70,44,0,164,PCM,43506
23,36,0,95,154,PCB,82717
32,82,0,54,168,PCB,59172
91,98,97,0,286,PCM,1
86,96,0,31,213,PCB,13311
55,79,0,88,222,PCB,8811
33,85,0,82,200,PCB,21174
58,41,89,0,188,PCM,22500
65,64,0,35,164,PCB,64180
42,53,40,0,135,PCM,76724
99,99,0,77,275,PCB,284
47,67,0,76,190,PCB,30313
75,85,44,0,204,PCM,11726
45,44,0,58,147,PCB,96832
80,100,0,23,203,PCB,20347
87,42,43,0,172,PCM,34964
72,77,0,87,236,PCB,5932
67,88,65,0,220,PCM,6387
34,72,93,0,199,PCM,15302
100,83,68,0,251,PCM,1262
40,63,55,0,158,PCM,50006
27,40,0,77,144,PCB,101310
66,51,73,0,190,PCM,20856
41,43,79,0,163,PCM,45475
38,26,0,26,90,PCB,166422
36,81,63,0,180,PCM,28513
37,49,0,51,137,PCB,112977
27,90,46,0,163,PCM,44252
65,44,71,0,180,PCM,27623
69,61,88,0,218,PCM,7501
60,88,0,89,237,PCB,4624
40,100,100,0,240,PCM,4103
66,64,0,86,216,PCB,12396
56,85,38,0,179,PCM,27632
90,64,0,63,217,PCB,9903
97,87,86,0,270,PCM,1390
51,56,64,0,171,PCM,35069
25,50,89,0,164,PCM,42798
86,43,25,0,154,PCM,54120
92,67,0,69,228,PCB,7317
55,90,57,0,202,PCM,12747
31,77,0,66,174,PCB,49679
39,67,100,0,206,PCM,11385
89,70,49,0,208,PCM,10269
86,84,100,0,270,PCM,2109
61,89,0,50,200,PCB,21803
50,59,39,0,148,PCM,62101
27,54,0,21,102,PCB,156531
95,56,56,0,207,PCM,11193
74,69,0,84,227,PCB,6171
89,88,0,66,243,PCB,4377
98,41,30,0,169,PCM,38448
71,65,0,37,173,PCB,50660
75,69,95,0,239,PCM,3883
32,88,0,20,140,PCB,106576
30,57,0,44,131,PCB,122680
99,54,0,39,192,PCB,29204
24,87,0,68,179,PCB,44405
40,64,0,52,156,PCB,79062
40,94,34,0,168,PCM,39673
79,64,73,0,216,PCM,7432
38,33,80,0,151,PCM,57939
20,59,93,0,172,PCM,35676
80,20,71,0,171,PCM,35650
57,78,97,0,232,PCM,4922
86,42,0,94,222,PCB,7981
39,21,0,64,124,PCB,133399
49,88,0,43,180,PCB,41615
75,85,0,54,214,PCB,12851
87,42,0,59,188,PCB,30915
35,20,0,37,92,PCB,165523
42,38,97,0,177,PCM,31182
22,30,79,0,131,PCM,81083
26,39,86,0,151,PCM,57862
32,52,23,0,107,PCM,102653
26,35,66,0,127,PCM,85066
93,44,45,0,182,PCM,26572
33,39,38,0,110,PCM,99661
100,52,50,0,202,PCM,12253
66,47,21,0,134,PCM,77925
58,46,0,26,130,PCB,122609
81,28,0,57,166,PCB,61002
83,33,26,0,142,PCM,70585
67,42,0,42,151,PCB,88650
36,57,42,0,135,PCM,76833
37,93,0,82,212,PCB,13700
44,87,55,0,186,PCM,23379
21,43,0,63,127,PCB,127971
89,39,82,0,210,PCM,9517
79,30,0,76,185,PCB,36440
34,33,88,0,155,PCM,54801
88,80,46,0,214,PCM,8315
22,26,0,84,132,PCB,120973
24,79,0,87,190,PCB,29943
59,25,0,47,131,PCB,122774
70,31,0,24,125,PCB,130791
93,77,26,0,196,PCM,16631
97,23,37,0,157,PCM,52639
51,23,50,0,124,PCM,88633
47,67,0,46,160,PCB,72355
48,95,38,0,181,PCM,26415
59,43,0,58,160,PCB,70476
50,33,0,82,165,PCB,62043
37,35,0,45,117,PCB,142223
81,100,36,0,217,PCM,8497
80,64,0,31,175,PCB,49181
52,20,0,43,115,PCB,143519
58,94,47,0,199,PCM,14034
66,73,72,0,211,PCM,10536
67,89,64,0,220,PCM,6615
57,22,27,0,106,PCM,102906
81,96,30,0,207,PCM,10926
74,44,0,68,186,PCB,36273
99,94,58,0,251,PCM,3015
54,72,0,98,224,PCB,9782
37,77,23,0,137,PCM,74736
84,37,98,0,219,PCM,7153
62,84,0,54,200,PCB,19919
62,28,0,20,110,PCB,149525
93,64,37,0,194,PCM,16557
27,41,62,0,130,PCM,82734
58,83,0,65,206,PCB,16297
73,47,0,53,173,PCB,52314
27,57,31,0,115,PCM,95811
31,40,0,56,127,PCB,129597
89,42,48,0,179,PCM,27960
82,41,91,0,214,PCM,9781
90,52,62,0,204,PCM,12980
57,99,0,78,234,PCB,7589
90,35,70,0,195,PCM,17667
72,74,0,71,217,PCB,10946
98,68,0,55,221,PCB,10120
59,38,0,34,131,PCB,121515
48,34,73,0,155,PCM,53050
44,53,0,87,184,PCB,37088
58,85,66,0,209,PCM,11359
47,85,0,21,153,PCB,86366
75,62,26,0,163,PCM,45307
28,71,90,0,189,PCM,21109
53,27,74,0,154,PCM,56378
63,94,0,84,241,PCB,3198
64,84,36,0,184,PCM,24797
96,87,28,0,211,PCM,9472
60,41,60,0,161,PCM,47027
20,97,66,0,183,PCM,24632
88,63,0,20,171,PCB,55178
54,23,0,50,127,PCB,129916
66,32,51,0,149,PCM,62251
86,20,69,0,175,PCM,33304
86,30,0,59,175,PCB,47856
95,28,0,43,166,PCB,62953
69,51,0,69,189,PCB,30613
77,86,0,84,247,PCB,4588
27,45,37,0,109,PCM,99764
26,49,0,47,122,PCB,137475
51,70,0,55,176,PCB,46868
36,25,21,0,82,PCM,112878
94,53,82,0,229,PCM,5900
99,63,0,46,208,PCB,15225
77,27,0,52,156,PCB,78223
61,35,48,0,144,PCM,66846
54,23,78,0,155,PCM,54364
51,80,88,0,219,PCM,7928
34,25,53,0,112,PCM,98593
93,87,0,81,261,PCB,2451
81,47,0,38,166,PCB,62478
77,33,0,52,162,PCB,69305
41,33,32,0,106,PCM,102508
27,68,0,64,159,PCB,73019
29,98,0,47,174,PCB,48758
89,89,0,68,246,PCB,3021
64,87,0,86,237,PCB,5051
38,35,31,0,104,PCM,103153
100,56,0,60,216,PCB,10539
88,54,0,28,170,PCB,57104
69,74,92,0,235,PCM,4120
93,75,0,65,233,PCB,6553
22,85,0,45,152,PCB,87437
43,69,37,0,149,PCM,60309
84,65,87,0,236,PCM,4038
80,54,0,52,186,PCB,34236
69,47,0,74,190,PCB,28709
59,52,0,31,142,PCB,104217
82,42,65,0,189,PCM,22006
55,97,67,0,219,PCM,6771
63,96,0,26,185,PCB,37006
93,81,0,57,231,PCB,8045
51,89,0,62,202,PCB,18905
29,28,0,49,106,PCB,154423
56,72,0,98,226,PCB,8257
88,62,0,41,191,PCB,30877
26,60,0,98,184,PCB,36082
60,81,42,0,183,PCM,26153
58,80,20,0,158,PCM,49835
78,24,0,20,122,PCB,134392
55,96,36,0,187,PCM,22127
62,41,0,35,138,PCB,110848
76,62,77,0,215,PCM,8419
84,38,69,0,191,PCM,19582
60,84,76,0,220,PCM,5939
29,97,41,0,167,PCM,40091
74,70,0,63,207,PCB,17248
59,36,0,46,141,PCB,105265
48,81,0,20,149,PCB,90217
74,36,0,82,192,PCB,28806
28,88,0,74,190,PCB,30329
23,81,0,89,193,PCB,27933
25,45,70,0,140,PCM,70922
33,64,64,0,161,PCM,47648
30,65,0,97,192,PCB,29513
39,56,0,56,151,PCB,87685
35,48,66,0,149,PCM,61769
51,42,60,0,153,PCM,56985
39,69,0,65,173,PCB,51240
64,58,58,0,180,PCM,27743
22,51,48,0,121,PCM,91692
49,98,24,0,171,PCM,35557
21,30,0,59,110,PCB,149704
57,97,80,0,234,PCM,3580
100,58,0,72,230,PCB,6002
39,75,56,0,170,PCM,36925
64,64,0,56,184,PCB,38014
35,46,0,46,127,PCB,128118
26,26,87,0,139,PCM,73713
56,92,69,0,217,PCM,7185
45,61,34,0,140,PCM,72101
62,41,33,0,136,PCM,76996
69,48,56,0,173,PCM,34288
62,87,0,93,242,PCB,3356
29,30,0,53,112,PCB,147065
63,83,83,0,229,PCM,4165
28,91,25,0,144,PCM,66544
83,27,30,0,140,PCM,71570
70,54,30,0,154,PCM,55706
97,63,0,37,197,PCB,24570
83,100,0,39,222,PCB,8336
97,42,0,48,187,PCB,34501
27,36,70,0,133,PCM,79937
40,38,59,0,137,PCM,75004
32,96,64,0,192,PCM,19963
60,91,32,0,183,PCM,24281
59,54,76,0,189,PCM,19957
98,59,25,0,182,PCM,26075
27,81,0,47,155,PCB,79312
71,51,99,0,221,PCM,6926
60,33,0,82,175,PCB,48971
28,48,0,39,115,PCB,144133
35,90,100,0,225,PCM,5302
93,86,0,25,204,PCB,16823
49,51,58,0,158,PCM,50272
26,87,0,38,151,PCB,86667
65,60,31,0,156,PCM,51793
23,59,0,57,139,PCB,111237
36,79,51,0,166,PCM,40464
35,89,0,72,196,PCB,22961
78,95,0,32,205,PCB,19371
67,29,0,63,159,PCB,74977
49,64,0,79,192,PCB,26495
39,69,54,0,162,PCM,44850
50,49,0,78,177,PCB,44659
39,52,64,0,155,PCM,53202
48,40,0,65,153,PCB,83643
44,88,0,85,217,PCB,12003
62,58,0,71,191,PCB,27818
98,39,0,87,224,PCB,10197
37,70,48,0,155,PCM,53165
85,40,76,0,201,PCM,12883
84,87,0,78,249,PCB,2142
30,69,42,0,141,PCM,70391
85,74,0,79,238,PCB,6330
95,42,0,57,194,PCB,26545
59,71,97,0,227,PCM,4886
37,43,90,0,170,PCM,37256
95,21,0,97,213,PCB,13473
57,99,29,0,185,PCM,24810
22,24,27,0,73,PCM,115749
46,24,85,0,155,PCM,54155
46,75,0,67,188,PCB,32103
84,73,0,77,234,PCB,6881
60,33,0,34,127,PCB,130288
38,22,21,0,81,PCM,113934
87,28,0,31,146,PCB,98893
86,97,32,0,215,PCM,7515
24,70,91,0,185,PCM,22698
56,100,0,100,256,PCB,2888
53,58,87,0,198,PCM,15204
66,99,25,0,190,PCM,19135
37,73,0,76,186,PCB,34860
37,30,42,0,109,PCM,100605
59,91,44,0,194,PCM,16895
22,97,0,76,195,PCB,26072
43,84,96,0,223,PCM,6870
37,33,0,41,111,PCB,150105
81,27,0,95,203,PCB,20132
94,33,0,70,197,PCB,24060
100,30,0,88,218,PCB,11074
72,46,42,0,160,PCM,47439
67,27,0,34,128,PCB,126072
38,75,88,0,201,PCM,14071
35,77,68,0,180,PCM,26964
72,45,90,0,207,PCM,12183
31,62,38,0,131,PCM,82538
92,87,22,0,201,PCM,12779
54,98,23,0,175,PCM,31120
79,30,0,38,147,PCB,93790
34,59,65,0,158,PCM,49430
26,44,57,0,127,PCM,85144
63,98,0,52,213,PCB,12884
34,25,0,92,151,PCB,88687
40,84,71,0,195,PCM,17120
61,77,0,99,237,PCB,6989
22,46,52,0,120,PCM,91072
21,62,0,27,110,PCB,149511
29,52,0,48,129,PCB,125264
97,45,70,0,212,PCM,9162
35,60,0,60,155,PCB,79811
95,99,0,80,274,PCB,1
37,97,30,0,164,PCM,43556
38,98,79,0,215,PCM,8412
78,77,75,0,230,PCM,4377
97,99,89,0,285,PCM,961
46,62,20,0,128,PCM,85583
39,63,0,91,193,PCB,26430
92,26,0,68,186,PCB,34519
52,81,97,0,230,PCM,3561
98,41,0,94,233,PCB,4876
95,35,0,86,216,PCB,11622
51,47,0,87,185,PCB,36831
32,89,0,44,165,PCB,65113
90,43,0,93,226,PCB,7956
75,48,89,0,212,PCM,9561
68,61,97,0,226,PCM,5703
85,86,0,83,254,PCB,2860
29,41,65,0,135,PCM,78182
72,55,0,97,224,PCB,8275
100,75,0,30,205,PCB,17110
45,92,95,0,232,PCM,4290
42,43,0,42,127,PCB,127315
61,65,0,40,166,PCB,62175
30,80,66,0,176,PCM,30352
50,68,54,0,172,PCM,36348
81,49,75,0,205,PCM,10876
48,25,0,94,167,PCB,60817
30,64,0,55,149,PCB,93222
59,98,31,0,188,PCM,21065
73,100,0,61,234,PCB,7450
53,45,76,0,174,PCM,32955
93,44,0,97,234,PCB,7325
74,37,79,0,190,PCM,21202
27,37,0,95,159,PCB,73494
93,32,0,23,148,PCB,94570
53,74,0,54,181,PCB,39206
56,33,0,51,140,PCB,106805
90,80,58,0,228,PCM,4304
26,47,27,0,100,PCM,105250
21,64,0,20,105,PCB,155769
38,27,67,0,132,PCM,80348
72,24,0,22,118,PCB,141531
39,58,0,31,128,PCB,128065
94,96,80,0,270,PCM,1497
74,69,0,32,175,PCB,49448
75,64,22,0,161,PCM,46357
76,52,66,0,194,PCM,16910
67,96,0,81,244,PCB,4352
39,38,0,73,150,PCB,88665
27,82,0,75,184,PCB,37013
27,70,0,26,123,PCB,134748
46,24,94,0,164,PCM,43370
89,55,0,49,193,PCB,27815
87,62,0,51,200,PCB,22537
79,60,75,0,214,PCM,8735
74,52,0,45,171,PCB,52699
93,49,25,0,167,PCM,39885
72,20,91,0,183,PCM,25133
65,95,60,0,220,PCM,7228
48,89,34,0,171,PCM,36917
44,42,0,78,164,PCB,67152
92,51,45,0,188,PCM,22183
63,48,68,0,179,PCM,27925
92,55,77,0,224,PCM,6048
92,73,87,0,252,PCM,1402
100,42,0,94,236,PCB,5836
90,32,73,0,195,PCM,18109
90,22,56,0,168,PCM,39938
94,25,0,76,195,PCB,24305
70,53,0,62,185,PCB,34450
98,100,0,100,298,PCB,1951
22,74,27,0,123,PCM,90134
69,43,0,29,141,PCB,105293
84,73,32,0,189,PCM,20043
77,56,0,27,160,PCB,72193
83,24,45,0,152,PCM,57422
73,39,0,83,195,PCB,24628
29,96,0,67,192,PCB,29468
59,22,91,0,172,PCM,36076
55,46,0,89,190,PCB,31211
58,69,0,40,167,PCB,59377
99,51,91,0,241,PCM,4117
53,57,44,0,154,PCM,55002
23,81,27,0,131,PCM,82374
40,91,38,0,169,PCM,39047
49,45,43,0,137,PCM,74424
35,68,0,23,126,PCB,131553
25,27,0,59,111,PCB,147210
90,93,53,0,236,PCM,3915
59,48,32,0,139,PCM,72928
35,29,0,92,156,PCB,80415
46,85,70,0,201,PCM,12934
100,25,92,0,217,PCM,7556
31,46,40,0,117,PCM,93797
72,40,59,0,171,PCM,37181
61,94,0,87,242,PCB,3462
69,71,98,0,238,PCM,3450
34,58,48,0,140,PCM,71320
61,61,0,67,189,PCB,31722
25,39,0,83,147,PCB,95097
79,49,0,41,169,PCB,57697
32,38,39,0,109,PCM,100912
57,80,22,0,159,PCM,48294
69,81,41,0,191,PCM,19834
58,34,0,33,125,PCB,132928
49,50,0,96,195,PCB,26674
26,73,0,48,147,PCB,95155
62,26,40,0,128,PCM,84689
83,47,0,74,204,PCB,20031
85,67,0,40,192,PCB,27748
64,24,0,32,120,PCB,138597
50,22,26,0,98,PCM,106470
95,91,77,0,263,PCM,1331
55,42,28,0,125,PCM,88260
50,73,69,0,192,PCM,19583
56,30,0,62,148,PCB,93186
38,52,0,68,158,PCB,77368
39,47,0,35,121,PCB,135581
47,87,0,63,197,PCB,24217
53,77,79,0,209,PCM,9230
56,67,0,82,205,PCB,18399
76,100,53,0,229,PCM,4153
98,91,0,75,264,PCB,2831
63,25,70,0,158,PCM,49922
72,61,50,0,183,PCM,25918
62,69,0,65,196,PCB,24850
59,57,53,0,169,PCM,39333
61,30,0,26,117,PCB,142151
82,56,85,0,223,PCM,6879
91,42,33,0,166,PCM,41977
84,68,0,63,215,PCB,13739
85,61,78,0,224,PCM,5300
90,99,28,0,217,PCM,7297
76,20,0,65,161,PCB,71483
57,98,0,34,189,PCB,31324
32,57,73,0,162,PCM,45295
79,47,47,0,173,PCM,34107
55,83,0,45,183,PCB,37239
32,71,0,22,125,PCB,129961
30,53,0,91,174,PCB,50226
61,67,0,42,170,PCB,54894
85,84,95,0,264,PCM,444
74,74,83,0,231,PCM,4007
44,65,44,0,153,PCM,57317
38,60,32,0,130,PCM,82262
28,36,75,0,139,PCM,72353
66,56,0,79,201,PCB,22320
61,45,75,0,181,PCM,27615
33,26,63,0,122,PCM,90379
93,52,0,21,166,PCB,60952
21,38,43,0,102,PCM,103721
51,50,0,91,192,PCB,27054
26,67,0,63,156,PCB,80808
34,27,80,0,141,PCM,71383
30,65,48,0,143,PCM,68422
57,88,40,0,185,PCM,22613
22,93,0,46,161,PCB,71672
27,33,0,78,138,PCB,112184
73,89,36,0,198,PCM,14998
51,36,51,0,138,PCM,74895
28,87,0,66,181,PCB,41542
82,20,37,0,139,PCM,72270
24,83,0,91,198,PCB,21456
33,64,0,76,173,PCB,50256
94,77,0,66,237,PCB,5140
95,85,25,0,205,PCM,12339
38,40,0,84,162,PCB,68093
49,63,0,39,151,PCB,88379
78,69,0,92,239,PCB,5031
73,98,0,37,208,PCB,17033
67,98,0,27,192,PCB,28114
27,31,80,0,138,PCM,74869
80,96,0,82,258,PCB,3445
83,60,0,72,215,PCB,12298
67,59,0,58,184,PCB,36207
41,83,64,0,188,PCM,22041
40,68,0,90,198,PCB,24424
55,87,0,85,227,PCB,7928
59,91,39,0,189,PCM,21032
65,94,69,0,228,PCM,5439
84,96,45,0,225,PCM,4788
100,36,43,0,179,PCM,28802
99,54,68,0,221,PCM,5867
79,57,0,67,203,PCB,19914
55,25,0,73,153,PCB,84567
83,25,0,26,134,PCB,119159
45,93,89,0,227,PCM,6105
87,99,49,0,235,PCM,4364
71,76,30,0,177,PCM,29413
42,65,0,48,155,PCB,81419
24,43,0,85,152,PCB,86489
72,26,49,0,147,PCM,62497
57,79,0,55,191,PCB,27575
91,62,0,22,175,PCB,48271
49,93,39,0,181,PCM,25879
83,27,21,0,131,PCM,81132
59,33,52,0,144,PCM,66732
52,33,0,53,138,PCB,110789
21,91,0,28,140,PCB,106688
48,40,50,0,138,PCM,74689
72,81,0,84,237,PCB,7064
98,91,28,0,217,PCM,7791
27,72,87,0,186,PCM,23151
38,58,0,100,196,PCB,23501
85,71,62,0,218,PCM,8414
94,86,0,34,214,PCB,13382
99,56,57,0,212,PCM,9781
31,91,24,0,146,PCM,64446
28,33,0,39,100,PCB,159950
21,58,47,0,126,PCM,85707
29,22,25,0,76,PCM,113707
25,64,0,72,161,PCB,71290
50,89,0,49,188,PCB,33394
56,88,0,60,204,PCB,16996
33,35,0,45,113,PCB,147051
23,97,23,0,143,PCM,69098
21,69,0,26,116,PCB,144139
96,48,0,32,176,PCB,45972
42,89,25,0,156,PCM,52361
39,70,37,0,146,PCM,65141
31,77,0,71,179,PCB,42537
95,22,0,70,187,PCB,33511
91,56,0,98,245,PCB,4802
50,21,0,88,159,PCB,74845
46,71,36,0,153,PCM,56464
36,27,0,90,153,PCB,83625
62,60,0,29,151,PCB,88883
98,42,41,0,181,PCM,27678
41,90,0,98,229,PCB,8469
67,53,0,44,164,PCB,65640
81,91,0,67,239,PCB,4802
94,32,86,0,212,PCM,8329
49,58,0,97,204,PCB,18141
58,56,0,54,168,PCB,57934
58,96,0,87,241,PCB,6057
51,91,66,0,208,PCM,11452
38,81,91,0,210,PCM,8968
50,63,0,25,138,PCB,111825
62,85,33,0,180,PCM,27268
83,79,0,58,220,PCB,11204
76,50,20,0,146,PCM,65358
52,22,0,43,117,PCB,140882
49,93,97,0,239,PCM,2569
58,62,0,50,170,PCB,56226
32,59,28,0,119,PCM,93505
93,41,58,0,192,PCM,18320
29,57,84,0,170,PCM,37073
47,64,50,0,161,PCM,46043
87,52,0,83,222,PCB,9217
37,67,73,0,177,PCM,29661
71,76,60,0,207,PCM,10596
34,73,0,49,156,PCB,77669
70,52,98,0,220,PCM,7133
48,55,37,0,140,PCM,71389
30,51,96,0,177,PCM,31523
82,58,37,0,177,PCM,31401
30,24,0,43,97,PCB,160606
24,55,65,0,144,PCM,67174
47,28,0,71,146,PCB,98778
42,87,0,71,200,PCB,22519
32,21,0,56,109,PCB,151565
76,48,0,84,208,PCB,14591
66,52,0,21,139,PCB,108998
36,84,73,0,193,PCM,18033
34,78,20,0,132,PCM,80202
59,23,0,30,112,PCB,146519
70,69,0,52,191,PCB,29554
30,85,0,83,198,PCB,23449
81,49,92,0,222,PCM,6913
28,90,0,24,142,PCB,104968
98,65,0,50,213,PCB,11954
50,32,96,0,178,PCM,28768
78,68,0,69,215,PCB,10916
53,31,0,78,162,PCB,67880
59,100,57,0,216,PCM,8718
63,77,77,0,217,PCM,8179
31,94,93,0,218,PCM,6429
97,83,0,84,264,PCB,3223
63,32,75,0,170,PCM,36140
93,52,22,0,167,PCM,40987
61,70,0,30,161,PCB,68998
94,62,0,43,199,PCB,23945
75,88,52,0,215,PCM,8596
77,45,66,0,188,PCM,22500
89,29,0,37,155,PCB,79248
32,60,0,37,129,PCB,126519
97,46,40,0,183,PCM,25864
51,51,0,84,186,PCB,35018
68,82,31,0,181,PCM,27914
26,74,0,98,198,PCB,22125
55,81,57,0,193,PCM,19379
27,66,0,79,172,PCB,52137
20,30,0,29,79,PCB,171457
20,49,100,0,169,PCM,38470
78,91,69,0,238,PCM,4277
32,76,0,46,154,PCB,81819
48,72,0,32,152,PCB,87161
58,35,0,73,166,PCB,61833
72,100,44,0,216,PCM,7756
50,30,0,31,111,PCB,148529
80,84,0,65,229,PCB,8005
79,89,100,0,268,PCM,390
32,49,28,0,109,PCM,100658
20,27,60,0,107,PCM,101534
36,20,0,31,87,PCB,165595
90,63,0,90,243,PCB,2630
52,60,0,42,154,PCB,82369
31,92,25,0,148,PCM,63450
97,78,0,20,195,PCB,25954
88,48,63,0,199,PCM,14323
21,76,0,49,146,PCB,95836
63,83,0,20,166,PCB,61479
42,33,0,89,164,PCB,65377
31,43,63,0,137,PCM,75748
50,87,57,0,194,PCM,17932
55,41,0,46,142,PCB,104491
29,84,0,39,152,PCB,86591
26,24,33,0,83,PCM,112131
60,61,49,0,170,PCM,36636
86,31,48,0,165,PCM,41471
55,41,0,41,137,PCB,112030
51,51,35,0,137,PCM,74681
56,94,0,47,197,PCB,23259
30,81,0,100,211,PCB,15445
99,32,28,0,159,PCM,49524
69,89,63,0,221,PCM,6812
63,74,0,34,171,PCB,55902
21,69,67,0,157,PCM,52647
92,77,95,0,264,PCM,1331
63,49,0,56,168,PCB,59808
49,51,0,81,181,PCB,41493
23,86,0,38,147,PCB,96598
33,55,0,50,138,PCB,109653
45,84,92,0,221,PCM,7512
86,44,0,53,183,PCB,37365
67,22,0,94,183,PCB,38541
31,58,82,0,171,PCM,36578
33,38,0,80,151,PCB,88053
57,66,0,40,163,PCB,67360
60,74,32,0,166,PCM,41376
85,25,24,0,134,PCM,78684
48,60,46,0,154,PCM,54282
30,51,0,91,172,PCB,53945
78,43,0,32,153,PCB,86224
63,93,24,0,180,PCM,27158
75,35,39,0,149,PCM,60695
24,83,83,0,190,PCM,19201
92,25,39,0,156,PCM,53661
57,52,0,51,160,PCB,73545
49,56,0,26,131,PCB,121973
86,37,71,0,194,PCM,17995
62,85,97,0,244,PCM,2818
99,61,91,0,251,PCM,1657
48,43,74,0,165,PCM,43356
78,60,86,0,224,PCM,5455
29,49,0,50,128,PCB,128077
93,90,63,0,246,PCM,3574
21,42,40,0,103,PCM,103148
76,76,78,0,230,PCM,5543
70,84,100,0,254,PCM,1358
28,85,73,0,186,PCM,22638
91,87,48,0,226,PCM,6375
93,40,0,20,153,PCB,83000
35,45,97,0,177,PCM,31457
37,80,27,0,144,PCM,67412
62,87,35,0,184,PCM,25513
24,90,0,53,167,PCB,61988
47,92,61,0,200,PCM,13218
24,65,0,22,111,PCB,147764
97,81,71,0,249,PCM,3297
45,44,0,88,177,PCB,46077
39,35,0,70,144,PCB,101893
86,63,0,35,184,PCB,36841
65,27,71,0,163,PCM,43657
91,66,0,63,220,PCB,9482
67,78,37,0,182,PCM,24925
57,97,95,0,249,PCM,2203
57,59,81,0,197,PCM,15083
21,56,81,0,158,PCM,49871
90,29,99,0,218,PCM,6662
36,98,0,89,223,PCB,10561
64,57,0,25,146,PCB,98872
57,77,72,0,206,PCM,11192
83,96,0,33,212,PCB,14776
51,34,54,0,139,PCM,72337
64,63,71,0,198,PCM,15577
68,84,78,0,230,PCM,4888
29,74,0,23,126,PCB,131818
24,39,0,51,114,PCB,144371
79,57,30,0,166,PCM,41991
36,98,0,24,158,PCB,75766
33,39,0,67,139,PCB,111198
29,78,0,32,139,PCB,108447
45,81,20,0,146,PCM,63878
93,55,0,44,192,PCB,29445
43,62,0,59,164,PCB,63900
56,25,69,0,150,PCM,60925
29,37,41,0,107,PCM,102017
26,94,0,93,213,PCB,12305
76,32,0,62,170,PCB,55460
65,76,68,0,209,PCM,11046
45,55,0,42,142,PCB,105455
96,59,73,0,228,PCM,4238
89,37,56,0,182,PCM,26419
59,26,0,42,127,PCB,127660
30,64,73,0,167,PCM,41181
75,55,94,0,224,PCM,6666
45,85,39,0,169,PCM,38290
93,61,22,0,176,PCM,30574
64,61,0,45,170,PCB,54131
69,30,0,68,167,PCB,60593
73,97,99,0,269,PCM,1710
29,97,49,0,175,PCM,32923
49,83,29,0,161,PCM,46350
83,41,45,0,169,PCM,37874
86,83,0,27,196,PCB,25358
57,30,31,0,118,PCM,93963
32,48,51,0,131,PCM,80593
45,88,26,0,159,PCM,50066
99,35,71,0,205,PCM,12873
41,95,0,64,200,PCB,20143
23,54,0,81,158,PCB,77033
91,96,81,0,268,PCM,536
72,67,0,49,188,PCB,32195
60,68,95,0,223,PCM,7046
84,50,63,0,197,PCM,16258
88,75,0,65,228,PCB,9341
79,38,0,89,206,PCB,16824
38,92,0,82,212,PCB,12742
59,74,96,0,229,PCM,6046
91,65,69,0,225,PCM,5791
94,82,0,87,263,PCB,1231
93,24,82,0,199,PCM,13844
53,51,85,0,189,PCM,19912
34,43,0,23,100,PCB,159849
67,38,0,79,184,PCB,37212
36,44,0,30,110,PCB,148524
46,94,99,0,239,PCM,2482
46,48,68,0,162,PCM,47044
90,23,43,0,156,PCM,52084
43,38,43,0,124,PCM,88499
100,87,0,26,213,PCB,14870
32,65,0,77,174,PCB,49269
36,42,48,0,126,PCM,86161
69,37,0,35,141,PCB,104608
74,37,0,52,163,PCB,68797
91,75,0,42,208,PCB,16740
78,64,0,39,181,PCB,40617
25,91,0,26,142,PCB,104657
89,53,23,0,165,PCM,43359
70,59,57,0,186,PCM,23792
37,36,31,0,104,PCM,102741
20,88,46,0,154,PCM,54845
76,87,0,29,192,PCB,28695
48,60,0,37,145,PCB,99284
88,49,74,0,211,PCM,10808
98,46,0,96,240,PCB,4398
91,68,76,0,235,PCM,3727
87,80,35,0,202,PCM,14154
45,50,0,81,176,PCB,45981
85,69,40,0,194,PCM,17394
48,86,0,48,182,PCB,38231
53,29,0,52,134,PCB,118389
35,49,0,76,160,PCB,72992
33,45,46,0,124,PCM,88764
35,72,0,85,192,PCB,28888
24,74,29,0,127,PCM,86041
95,100,0,68,263,PCB,1633
44,74,24,0,142,PCM,68803
24,21,35,0,80,PCM,113425
41,54,0,77,172,PCB,54367
21,64,91,0,176,PCM,31985
26,99,75,0,200,PCM,14707
50,66,93,0,209,PCM,9160
66,68,0,76,210,PCB,14876
43,69,90,0,202,PCM,12842
100,74,0,42,216,PCB,10947
31,55,0,40,126,PCB,128438
31,89,0,57,177,PCB,47235
38,83,63,0,184,PCM,23572
80,73,58,0,211,PCM,9081
68,100,0,32,200,PCB,23067
88,96,91,0,275,PCM,592
43,25,52,0,120,PCM,92476
37,49,0,78,164,PCB,64620
20,82,0,80,182,PCB,39663
53,41,0,91,185,PCB,34821
27,95,0,92,214,PCB,12495
32,40,77,0,149,PCM,61959
26,23,73,0,122,PCM,90749
79,73,0,75,227,PCB,6215
53,50,62,0,165,PCM,42186
26,20,0,89,135,PCB,116061
80,45,55,0,180,PCM,27032
23,29,0,56,108,PCB,152798
53,82,0,100,235,PCB,6481
92,97,0,74,263,PCB,3551
82,69,57,0,208,PCM,10034
91,20,38,0,149,PCM,60448
94,69,70,0,233,PCM,4336
91,79,20,0,190,PCM,19340
34,38,0,27,99,PCB,158306
30,85,29,0,144,PCM,68083
35,80,84,0,199,PCM,15826
87,39,0,67,193,PCB,27367
39,87,78,0,204,PCM,13143
45,95,0,44,184,PCB,37745
30,78,41,0,149,PCM,60434
70,56,57,0,183,PCM,24401
24,62,0,40,126,PCB,129489
24,20,0,46,90,PCB,165707
32,38,59,0,129,PCM,84267
32,35,88,0,155,PCM,55000
69,73,83,0,225,PCM,6177
77,77,48,0,202,PCM,13029
88,61,0,89,238,PCB,3432
22,38,0,74,134,PCB,118638
94,23,51,0,168,PCM,38891
98,80,0,94,272,PCB,2388
81,76,98,0,255,PCM,1677
92,59,25,0,176,PCM,31700
66,39,0,51,156,PCB,79179
29,24,0,84,137,PCB,113097
83,74,61,0,218,PCM,7950
26,63,0,97,186,PCB,33089
37,23,0,45,105,PCB,155593
27,98,58,0,183,PCM,26296
38,92,0,95,225,PCB,7647
37,96,0,99,232,PCB,4956
99,100,0,46,245,PCB,3010
66,50,35,0,151,PCM,58608
98,92,84,0,274,PCM,1359
60,77,67,0,204,PCM,11744
23,65,30,0,118,PCM,93417
79,91,0,34,204,PCB,20175
78,21,100,0,199,PCM,13945
97,54,44,0,195,PCM,16142
92,84,0,79,255,PCB,1048
74,25,0,88,187,PCB,33473
80,45,0,89,214,PCB,11586
77,31,38,0,146,PCM,64827
100,52,100,0,252,PCM,1709
95,23,0,78,196,PCB,24884
66,78,0,96,240,PCB,4256
98,43,73,0,214,PCM,8152
43,42,88,0,173,PCM,33186
69,81,0,97,247,PCB,4506
97,68,50,0,215,PCM,8637
82,42,0,20,144,PCB,99379
86,84,0,32,202,PCB,18656
87,65,80,0,232,PCM,4235
39,25,99,0,163,PCM,45351
55,75,97,0,227,PCM,5576
22,32,0,77,131,PCB,123610
34,42,0,29,105,PCB,154384
80,26,46,0,152,PCM,57233
48,62,0,63,173,PCB,51342
29,23,54,0,106,PCM,102356
48,57,88,0,193,PCM,19126
33,55,0,20,108,PCB,150750
48,45,89,0,182,PCM,26849
41,85,0,20,146,PCB,95847
38,28,0,30,96,PCB,162078
27,75,0,90,192,PCB,27751
98,46,40,0,184,PCM,24724
66,95,0,51,212,PCB,14740
27,49,0,29,105,PCB,152869
53,81,89,0,223,PCM,6895
26,83,60,0,169,PCM,39093
90,65,0,42,197,PCB,22571
55,43,0,65,163,PCB,65658
27,52,0,73,152,PCB,85791
50,23,0,97,170,PCB,56884
31,58,0,82,171,PCB,55223
40,60,0,45,145,PCB,100634
78,78,0,90,246,PCB,4337
60,74,0,84,218,PCB,12330
56,69,83,0,208,PCM,11115
78,26,0,36,140,PCB,106600
40,46,39,0,125,PCM,87411
91,44,0,84,219,PCB,10005
21,46,91,0,158,PCM,51553
91,33,0,20,144,PCB,101576
42,75,0,95,212,PCB,15629
84,32,0,40,156,PCB,80824
45,89,0,63,197,PCB,24371
80,40,0,73,193,PCB,27153
86,31,0,80,197,PCB,22395
89,38,59,0,186,PCM,22234
31,60,31,0,122,PCM,91093
22,23,33,0,78,PCM,114651
52,39,81,0,172,PCM,34985
55,23,70,0,148,PCM,63458
94,98,81,0,273,PCM,1
33,73,34,0,140,PCM,71726
37,69,0,61,167,PCB,61336
85,80,0,28,193,PCB,27628
82,83,0,35,200,PCB,21849
62,94,0,78,234,PCB,4989
64,73,0,48,185,PCB,35402
31,26,0,94,151,PCB,87369
43,76,0,45,164,PCB,65101
43,34,0,71,148,PCB,94699
47,79,76,0,202,PCM,13000
77,99,28,0,204,PCM,12032
96,24,0,72,192,PCB,28336
73,45,0,66,184,PCB,37975
58,34,98,0,190,PCM,20687
79,86,74,0,239,PCM,2685
70,35,48,0,153,PCM,56682
37,66,85,0,188,PCM,20541
77,27,0,73,177,PCB,46113
93,55,25,0,173,PCM,34942
58,98,26,0,182,PCM,26186
39,76,62,0,177,PCM,31099
47,85,45,0,177,PCM,30261
39,38,0,81,158,PCB,76048
48,21,0,21,90,PCB,164838
50,59,70,0,179,PCM,29383
51,51,0,38,140,PCB,109047
58,65,0,53,176,PCB,45653
43,32,0,34,109,PCB,151655
71,100,43,0,214,PCM,8016
92,41,0,34,167,PCB,59683
98,29,0,45,172,PCB,52300
60,28,96,0,184,PCM,23742
62,45,0,58,165,PCB,65449
97,76,50,0,223,PCM,6292
49,89,0,80,218,PCB,10676
85,84,0,81,250,PCB,1753
23,43,0,29,95,PCB,162920
79,88,0,36,203,PCB,17884
31,56,86,0,173,PCM,35044
67,26,95,0,188,PCM,21828
99,85,0,79,263,PCB,2608
83,54,0,99,236,PCB,6282
58,84,0,76,218,PCB,11649
79,40,36,0,155,PCM,54528
85,47,91,0,223,PCM,5395
53,82,58,0,193,PCM,17206
71,61,59,0,191,PCM,20464
35,88,91,0,214,PCM,8199
94,47,0,70,211,PCB,13228
72,76,0,49,197,PCB,25288
20,97,0,58,175,PCB,47763
79,47,44,0,170,PCM,37373
83,68,0,52,203,PCB,18830
44,63,0,39,146,PCB,98319
76,70,52,0,198,PCM,16287
56,98,47,0,201,PCM,12735
38,62,0,53,153,PCB,86281
49,74,0,75,198,PCB,24026
57,26,74,0,157,PCM,50657
38,31,88,0,157,PCM,50782
85,97,68,0,250,PCM,1555
42,100,0,56,198,PCB,21751
48,57,0,55,160,PCB,70879
96,53,0,60,209,PCB,16078
30,57,0,69,156,PCB,78218
79,31,28,0,138,PCM,75295
76,81,76,0,233,PCM,5007
72,74,0,67,213,PCB,13546
29,88,0,42,159,PCB,74616
40,48,20,0,108,PCM,101004
46,48,27,0,121,PCM,91521
100,54,76,0,230,PCM,4555
57,75,85,0,217,PCM,8208
94,99,85,0,278,PCM,1
62,57,0,49,168,PCB,60364
33,35,95,0,163,PCM,44446
31,49,21,0,101,PCM,105220
56,48,86,0,190,PCM,19172
39,73,75,0,187,PCM,22044
50,29,41,0,120,PCM,92041
67,68,0,68,203,PCB,19769
36,37,0,29,102,PCB,156398
99,80,57,0,236,PCM,4639
27,65,92,0,184,PCM,25199
41,57,0,36,134,PCB,116539
61,77,0,60,198,PCB,21839
97,38,38,0,173,PCM,35084
51,62,98,0,211,PCM,10388
96,73,63,0,232,PCM,5213
96,22,40,0,158,PCM,49988
27,98,0,22,147,PCB,96697
28,75,72,0,175,PCM,32254
59,97,98,0,254,PCM,1430
88,34,56,0,178,PCM,29736
59,33,22,0,114,PCM,96246
82,22,0,21,125,PCB,130917
94,69,0,49,212,PCB,12458
33,57,0,89,179,PCB,42036
89,89,0,69,247,PCB,2307
41,37,26,0,104,PCM,102369
73,31,0,71,175,PCB,47024
86,38,92,0,216,PCM,7300
97,87,0,27,211,PCB,13962
26,42,0,39,107,PCB,151178
90,37,0,73,200,PCB,20523
90,37,20,0,147,PCM,62621
88,38,79,0,205,PCM,12977
70,57,65,0,192,PCM,18460
57,55,37,0,149,PCM,61131
79,92,0,28,199,PCB,22540
43,70,33,0,146,PCM,64674
82,32,35,0,149,PCM,60529
91,74,0,78,243,PCB,5846
79,95,24,0,198,PCM,14568
34,79,86,0,199,PCM,14672
99,82,0,92,273,PCB,2812
80,50,0,38,168,PCB,57883
30,71,50,0,151,PCM,59594
69,56,0,90,215,PCB,11083
30,99,0,61,190,PCB,31464
57,96,98,0,251,PCM,2551
84,42,54,0,180,PCM,27192
50,93,0,99,242,PCB,4946
34,25,0,57,116,PCB,142327
41,25,74,0,140,PCM,71656
21,88,36,0,145,PCM,64936
74,78,0,41,193,PCB,26165
71,55,82,0,208,PCM,10319
39,91,0,37,167,PCB,59013
20,66,0,52,138,PCB,112492
93,55,70,0,218,PCM,7059
26,99,43,0,168,PCM,40398
54,39,0,97,190,PCB,28620
56,97,96,0,249,PCM,1669
93,83,0,82,258,PCB,3919
94,27,29,0,150,PCM,59478
62,40,0,33,135,PCB,114503
69,67,99,0,235,PCM,3961
60,54,37,0,151,PCM,58612
95,40,37,0,172,PCM,36202
39,64,86,0,189,PCM,21383
88,99,78,0,265,PCM,1915
37,54,0,39,130,PCB,125792
86,69,78,0,233,PCM,4895
60,82,0,71,213,PCB,14359
53,78,0,23,154,PCB,83644
81,40,0,86,207,PCB,16765
21,25,76,0,122,PCM,90527
43,77,66,0,186,PCM,23094
27,46,92,0,165,PCM,41725
40,37,75,0,152,PCM,57063
65,35,0,91,191,PCB,30585
98,73,0,71,242,PCB,5722
99,88,0,70,257,PCB,1505
96,97,91,0,284,PCM,365
24,77,39,0,140,PCM,72954
47,58,38,0,143,PCM,68989
57,36,0,62,155,PCB,81730
84,99,82,0,265,PCM,963
73,40,96,0,209,PCM,9309
98,69,81,0,248,PCM,3287
85,72,95,0,252,PCM,3143
63,75,0,98,236,PCB,4346
93,45,0,43,181,PCB,38641
24,68,0,72,164,PCB,67061
38,80,46,0,164,PCM,44697
38,83,65,0,186,PCM,22929
64,72,94,0,230,PCM,5056
84,29,61,0,174,PCM,33614
86,62,0,72,220,PCB,9076
72,84,93,0,249,PCM,3133
81,93,0,85,259,PCB,3544
99,62,0,58,219,PCB,10373
60,69,0,43,172,PCB,51785
68,61,0,76,205,PCB,19597
92,53,99,0,244,PCM,1908
22,45,40,0,107,PCM,101353
89,41,28,0,158,PCM,50499
22,100,0,61,183,PCB,39677
39,97,37,0,173,PCM,34203
84,77,35,0,196,PCM,15562
59,31,0,62,152,PCB,86492
62,71,0,90,223,PCB,8772
32,75,0,53,160,PCB,72526
21,69,0,91,181,PCB,40537
56,66,0,69,191,PCB,28740
47,50,49,0,146,PCM,63822
100,82,51,0,233,PCM,4255
49,55,0,41,145,PCB,99180
55,26,0,61,142,PCB,104710
79,45,71,0,195,PCM,16759
74,85,47,0,206,PCM,11873
97,24,0,39,160,PCB,70462
37,60,0,80,177,PCB,44782
51,92,40,0,183,PCM,24467
29,90,46,0,165,PCM,43288
64,60,0,84,208,PCB,17834
63,24,53,0,140,PCM,72447
97,81,0,95,273,PCB,1763
53,82,0,98,233,PCB,7303
86,83,0,54,223,PCB,9610
77,52,74,0,203,PCM,12831
20,81,0,24,125,PCB,133098
84,20,44,0,148,PCM,61472
89,60,0,76,225,PCB,8232
79,32,0,70,181,PCB,39237
94,52,0,85,231,PCB,5288
26,48,94,0,168,PCM,40026
73,20,0,41,134,PCB,116853
75,100,0,29,204,PCB,18173
52,86,49,0,187,PCM,21924
55,68,0,36,159,PCB,72338
43,24,0,90,157,PCB,76479
72,73,0,20,165,PCB,63552
53,86,37,0,176,PCM,31071
51,26,20,0,97,PCM,106684
75,55,0,61,191,PCB,30437
54,38,34,0,126,PCM,87537
73,95,48,0,216,PCM,7790
30,52,64,0,146,PCM,65142
68,81,36,0,185,PCM,24461
50,62,44,0,156,PCM,52688
89,46,36,0,171,PCM,35010
69,51,0,49,169,PCB,58502
91,39,0,27,157,PCB,79000
55,28,63,0,146,PCM,65396
80,33,0,48,161,PCB,69835
93,33,38,0,164,PCM,43022
63,48,0,74,185,PCB,34096
94,26,59,0,179,PCM,29375
28,37,0,25,90,PCB,164584
38,81,87,0,206,PCM,11647
36,93,0,38,167,PCB,60857
60,43,85,0,188,PCM,21785
74,21,0,92,187,PCB,33908
94,62,0,52,208,PCB,14636
94,79,0,42,215,PCB,11188
66,62,0,47,175,PCB,48462
87,29,76,0,192,PCM,19722
43,52,51,0,146,PCM,64770
40,20,0,80,140,PCB,109383
53,33,0,39,125,PCB,131724
82,77,32,0,191,PCM,19917
30,53,26,0,109,PCM,99986
25,74,0,43,142,PCB,105955
39,34,0,79,152,PCB,85577
30,27,57,0,114,PCM,96472
30,51,0,29,110,PCB,150310
99,95,0,67,261,PCB,1816
26,45,0,97,168,PCB,60722
87,98,98,0,283,PCM,1418
35,90,67,0,192,PCM,18723
62,46,0,68,176,PCB,45446
21,63,69,0,153,PCM,55279
80,53,0,82,215,PCB,12212
97,89,37,0,223,PCM,6001
45,87,0,92,224,PCB,10417
76,49,0,36,161,PCB,70558
72,65,97,0,234,PCM,5124
27,44,48,0,119,PCM,94014
43,99,0,60,202,PCB,20493
92,100,0,81,273,PCB,326
42,97,0,74,213,PCB,14436
40,27,0,59,126,PCB,129716
71,72,0,60,203,PCB,18428
73,24,30,0,127,PCM,85102
99,62,0,64,225,PCB,8486
62,24,45,0,131,PCM,82621
98,74,33,0,205,PCM,12571
63,87,0,94,244,PCB,3669
33,61,0,75,169,PCB,56076
66,34,55,0,155,PCM,54331
62,59,0,60,181,PCB,41414
92,32,0,32,156,PCB,79433
90,96,0,20,206,PCB,17096
43,99,0,49,191,PCB,29104
49,20,52,0,121,PCM,90203
77,57,0,20,154,PCB,84254
24,31,96,0,151,PCM,57834
44,95,0,83,222,PCB,10680
41,99,0,91,231,PCB,7195
22,66,43,0,131,PCM,81403
81,31,98,0,210,PCM,9347
33,75,0,67,175,PCB,49178
55,59,47,0,161,PCM,47854
25,71,0,94,190,PCB,29280
77,21,0,37,135,PCB,114423
85,45,70,0,200,PCM,13662
58,52,0,81,191,PCB,29390
89,81,28,0,198,PCM,15541
37,38,54,0,129,PCM,82884
69,30,0,61,160,PCB,73796
29,29,0,65,123,PCB,132734
80,51,70,0,201,PCM,13180
60,37,0,53,150,PCB,90883
37,64,0,29,130,PCB,124341
25,25,0,100,150,PCB,90844
29,70,69,0,168,PCM,39288
41,85,0,67,193,PCB,28406
49,58,49,0,156,PCM,52291
52,99,0,26,177,PCB,46101
26,49,0,27,102,PCB,158668
97,41,75,0,213,PCM,9752
96,77,98,0,271,PCM,30
80,34,0,76,190,PCB,29221
74,50,80,0,204,PCM,13497
27,46,52,0,125,PCM,87807
43,46,0,59,148,PCB,91825
92,42,0,77,211,PCB,15643
95,45,0,67,207,PCB,16421
70,90,0,48,208,PCB,16713
36,34,48,0,118,PCM,92700
100,95,0,33,228,PCB,6601
78,74,0,29,181,PCB,41923
67,43,34,0,144,PCM,66004
28,62,0,79,169,PCB,56604
85,46,0,78,209,PCB,15345
47,57,0,46,150,PCB,88658
59,31,0,67,157,PCB,77650
69,44,52,0,165,PCM,42359
53,58,0,74,185,PCB,35126
48,92,0,41,181,PCB,39279
50,77,0,88,215,PCB,12177
31,33,0,50,114,PCB,146809
96,69,50,0,215,PCM,8165
47,90,0,41,178,PCB,44163
90,45,0,82,217,PCB,13183
45,43,0,28,116,PCB,143480
76,100,79,0,255,PCM,2249
69,75,0,100,244,PCB,4170
48,63,0,97,208,PCB,15416
57,44,0,50,151,PCB,89553
21,64,0,58,143,PCB,101415
37,45,0,41,123,PCB,135929
78,57,52,0,187,PCM,22161
92,47,82,0,221,PCM,7503
39,58,72,0,169,PCM,37532
69,21,0,44,134,PCB,116429
74,72,60,0,206,PCM,10995
70,87,100,0,257,PCM,2491
74,75,77,0,226,PCM,4607
89,57,86,0,232,PCM,4776
92,91,73,0,256,PCM,523
79,43,0,100,222,PCB,9846
100,92,0,54,246,PCB,2945
97,93,28,0,218,PCM,6289
65,22,0,42,129,PCB,124570
44,69,0,95,208,PCB,15152
27,49,28,0,104,PCM,104743
38,98,0,59,195,PCB,24465
68,25,99,0,192,PCM,17879
55,74,44,0,173,PCM,34441
63,39,0,63,165,PCB,63266
44,63,92,0,199,PCM,15217
39,63,0,30,132,PCB,120311
81,58,68,0,207,PCM,10760
83,71,0,47,201,PCB,21256
86,60,0,93,239,PCB,4128
43,29,87,0,159,PCM,49620
100,89,0,50,239,PCB,6482
68,21,0,52,141,PCB,106258
73,98,0,67,238,PCB,5277
64,56,55,0,175,PCM,32549
98,22,62,0,182,PCM,26796
65,39,70,0,174,PCM,33487
87,40,0,38,165,PCB,62041
92,73,86,0,251,PCM,3058
35,91,0,24,150,PCB,88229
38,87,0,40,165,PCB,63335
46,35,26,0,107,PCM,102263
96,64,0,29,189,PCB,30187
73,71,0,44,188,PCB,33042
76,74,53,0,203,PCM,12498
81,72,74,0,227,PCM,4332
80,63,0,93,236,PCB,5151
41,93,21,0,155,PCM,54708
82,72,0,93,247,PCB,3169
34,68,0,43,145,PCB,99946
74,82,0,50,206,PCB,15671
30,71,86,0,187,PCM,23185
50,58,0,90,198,PCB,23273
70,68,95,0,233,PCM,3973
73,42,94,0,209,PCM,10925
84,45,64,0,193,PCM,17682
46,41,0,76,163,PCB,66367
53,69,0,76,198,PCB,23952
63,82,0,28,173,PCB,52063
49,94,0,42,185,PCB,36890
50,89,75,0,214,PCM,8247
76,40,77,0,193,PCM,18346
75,48,52,0,175,PCM,33096
79,39,0,39,157,PCB,78508
53,40,20,0,113,PCM,96867
69,45,0,35,149,PCB,93298
76,41,0,23,140,PCB,109004
34,61,93,0,188,PCM,20611
91,69,0,80,240,PCB,4198
51,57,69,0,177,PCM,31494
56,20,54,0,130,PCM,83575
41,28,0,98,167,PCB,62145
82,92,46,0,220,PCM,7278
81,44,0,99,224,PCB,10208
40,85,71,0,196,PCM,16389
80,81,40,0,201,PCM,12819
98,62,86,0,246,PCM,2192
26,91,60,0,177,PCM,29427
79,71,94,0,244,PCM,2289
33,51,0,97,181,PCB,41247
97,99,0,78,274,PCB,336
22,65,78,0,165,PCM,42693
26,66,68,0,160,PCM,48531
25,42,0,34,101,PCB,158412
33,55,43,0,131,PCM,81039
59,22,68,0,149,PCM,60197
39,64,22,0,125,PCM,88817
28,81,34,0,143,PCM,69450
72,64,95,0,231,PCM,4150
87,99,0,31,217,PCB,11541
93,34,66,0,193,PCM,17189
50,32,71,0,153,PCM,55265
98,44,0,23,165,PCB,65086
76,66,0,30,172,PCB,53538
77,93,33,0,203,PCM,13424
20,38,71,0,129,PCM,84902
54,56,0,62,172,PCB,51099
80,21,0,97,198,PCB,23541
81,48,85,0,214,PCM,9219
86,38,72,0,196,PCM,17123
64,50,29,0,143,PCM,68681
24,66,63,0,153,PCM,56777
43,77,0,86,206,PCB,18909
53,65,79,0,197,PCM,16343
97,56,0,94,247,PCB,4915
78,57,0,48,183,PCB,36910
20,92,0,61,173,PCB,52483
36,21,92,0,149,PCM,61424
21,43,72,0,136,PCM,75889
45,73,90,0,208,PCM,10950
47,40,55,0,142,PCM,69000
70,72,0,50,192,PCB,27775
22,37,50,0,109,PCM,101263
81,35,0,38,154,PCB,82961
67,61,31,0,159,PCM,48963
86,91,0,38,215,PCB,13838
82,66,78,0,226,PCM,4634
48,25,48,0,121,PCM,91582
54,79,0,22,155,PCB,79275
36,54,36,0,126,PCM,87087
41,67,0,30,138,PCB,110013
87,74,0,28,189,PCB,30266
55,92,81,0,228,PCM,6034
30,88,70,0,188,PCM,21658
52,82,0,78,212,PCB,13976
26,21,79,0,126,PCM,85987
49,94,41,0,184,PCM,25062
97,40,0,33,170,PCB,54583
53,58,0,33,144,PCB,102333
91,71,0,91,253,PCB,3206
53,84,0,51,188,PCB,32491
81,84,32,0,197,PCM,15562
34,47,0,70,151,PCB,86676
69,38,0,68,175,PCB,49476
55,57,93,0,205,PCM,12542
99,69,0,86,254,PCB,1695
79,78,52,0,209,PCM,10609
55,48,98,0,201,PCM,12806
72,31,45,0,148,PCM,61532
69,99,0,80,248,PCB,3646
35,55,0,80,170,PCB,57314
82,64,0,30,176,PCB,48021
46,65,44,0,155,PCM,54254
35,21,65,0,121,PCM,92217
20,27,83,0,130,PCM,82360
40,42,81,0,163,PCM,45168
84,43,86,0,213,PCM,9919
66,73,41,0,180,PCM,26856
78,28,84,0,190,PCM,21020
24,42,79,0,145,PCM,66925
49,42,69,0,160,PCM,47806
69,38,73,0,180,PCM,28644
65,86,67,0,218,PCM,6775
64,30,21,0,115,PCM,95442
26,87,100,0,213,PCM,9462
98,26,0,26,150,PCB,91256
26,61,0,69,156,PCB,80363
99,36,0,54,189,PCB,31757
67,54,0,38,159,PCB,74097
39,74,0,33,146,PCB,96780
84,70,84,0,238,PCM,4634
23,36,0,44,103,PCB,156710
54,38,43,0,135,PCM,77618
79,68,63,0,210,PCM,10497
26,95,69,0,190,PCM,20614
21,85,50,0,156,PCM,53200
52,62,24,0,138,PCM,73039
24,34,0,90,148,PCB,92922
82,53,0,56,191,PCB,30503
50,36,0,29,115,PCB,145257
84,64,20,0,168,PCM,38280
73,27,74,0,174,PCM,32196
33,39,43,0,115,PCM,96674
76,80,97,0,253,PCM,1252
71,35,31,0,137,PCM,75182
20,34,0,28,82,PCB,169018
43,63,0,33,139,PCB,108014
72,88,68,0,228,PCM,6114
71,26,29,0,126,PCM,86389
68,42,73,0,183,PCM,26473
45,45,37,0,127,PCM,86483
75,59,53,0,187,PCM,21983
58,88,60,0,206,PCM,10715
39,46,21,0,106,PCM,102466
54,31,41,0,126,PCM,87395
89,43,0,21,153,PCB,84740
70,67,61,0,198,PCM,16353
59,66,0,56,181,PCB,38833
93,52,84,0,229,PCM,5396
95,45,78,0,218,PCM,8230
29,40,58,0,127,PCM,86228
86,65,53,0,204,PCM,13152
79,24,83,0,186,PCM,21972
33,96,0,44,173,PCB,51229
94,24,0,38,156,PCB,79835
49,20,35,0,104,PCM,104601
53,27,0,63,143,PCB,102647
34,29,0,58,121,PCB,137481
88,29,22,0,139,PCM,72764
70,57,0,29,156,PCB,78436
83,91,22,0,196,PCM,15258
40,50,0,35,125,PCB,132784
82,99,69,0,250,PCM,1953
50,77,82,0,209,PCM,9831
73,90,0,45,208,PCB,17501
25,55,0,84,164,PCB,63642
95,36,0,87,218,PCB,11688
80,90,0,76,246,PCB,4912
80,62,77,0,219,PCM,6102
32,28,0,54,114,PCB,145668
40,65,76,0,181,PCM,25773
92,25,97,0,214,PCM,8778
44,73,0,84,201,PCB,19437
26,57,0,91,174,PCB,48572
52,65,0,75,192,PCB,26782
73,94,61,0,228,PCM,4070
91,31,0,48,170,PCB,55949
68,26,0,97,191,PCB,29080
23,90,0,37,150,PCB,91686
84,63,0,45,192,PCB,26755
51,24,47,0,122,PCM,90469
26,95,76,0,197,PCM,15540
31,81,0,79,191,PCB,30341
42,67,92,0,201,PCM,13092
39,95,32,0,166,PCM,40610
59,82,0,55,196,PCB,23902
35,30,0,40,105,PCB,156213
85,27,45,0,157,PCM,51385
41,73,56,0,170,PCM,37695
75,93,64,0,232,PCM,3305
92,80,68,0,240,PCM,4317
84,100,93,0,277,PCM,711
81,20,0,41,142,PCB,105681
83,96,49,0,228,PCM,5915
53,46,58,0,157,PCM,51256
28,40,0,73,141,PCB,106414
92,40,0,96,228,PCB,6597
73,54,72,0,199,PCM,15601
74,37,88,0,199,PCM,15742
39,27,39,0,105,PCM,103248
42,67,0,45,154,PCB,81247
27,66,77,0,170,PCM,38209
91,100,0,70,261,PCB,676
54,76,94,0,224,PCM,6689
37,75,0,31,143,PCB,103025
80,49,50,0,179,PCM,29477
33,98,39,0,170,PCM,36143
45,29,0,78,152,PCB,84934
27,86,100,0,213,PCM,8540
37,85,0,86,208,PCB,16917
88,21,0,58,167,PCB,59599
67,71,0,51,189,PCB,29785
22,92,64,0,178,PCM,29066
68,32,59,0,159,PCM,48188
58,93,0,30,181,PCB,40043
87,95,0,39,221,PCB,9904
20,72,78,0,170,PCM,36781
57,69,56,0,182,PCM,27054
56,56,64,0,176,PCM,31719
77,98,0,85,260,PCB,1577
23,32,0,20,75,PCB,170632
62,28,0,91,181,PCB,40616
82,44,50,0,176,PCM,30192
74,23,73,0,170,PCM,38133
62,23,0,69,154,PCB,81900
93,33,0,97,223,PCB,8978
64,86,0,68,218,PCB,9427
33,41,70,0,144,PCM,67942
59,42,93,0,194,PCM,18140
59,69,0,45,173,PCB,50232
90,57,99,0,246,PCM,2000
54,70,0,57,181,PCB,40141
68,78,0,65,211,PCB,14784
42,43,32,0,117,PCM,94327
30,28,0,41,99,PCB,160754
93,73,44,0,210,PCM,10760
61,41,0,38,140,PCB,107593
53,34,0,99,186,PCB,32994
43,75,0,25,143,PCB,102826
59,51,0,94,204,PCB,19221
27,33,97,0,157,PCM,50910
45,80,72,0,197,PCM,15074
62,56,64,0,182,PCM,26746
77,72,0,37,186,PCB,34081
68,87,0,34,189,PCB,31343
75,47,56,0,178,PCM,28502
54,64,0,37,155,PCB,79368
97,27,37,0,161,PCM,46515
63,26,0,56,145,PCB,99585
77,45,0,28,150,PCB,89664
86,28,0,82,196,PCB,25898
22,71,46,0,139,PCM,72963
39,91,92,0,222,PCM,6013
70,64,39,0,173,PCM,33631
83,80,0,70,233,PCB,7907
62,58,0,86,206,PCB,16509
36,30,0,69,135,PCB,115757
54,51,0,61,166,PCB,62063
70,38,44,0,152,PCM,57342
63,86,0,87,236,PCB,5758
70,70,49,0,189,PCM,19697
98,49,0,97,244,PCB,4473
38,25,96,0,159,PCM,49876
86,54,0,45,185,PCB,36416
62,56,22,0,140,PCM,70708
56,95,41,0,192,PCM,18022
53,22,56,0,131,PCM,80972
46,98,0,34,178,PCB,43364
23,37,0,84,144,PCB,100147
32,99,46,0,177,PCM,29377
61,100,56,0,217,PCM,7166
21,38,20,0,79,PCM,113931
62,95,0,78,235,PCB,4851
66,94,0,67,227,PCB,6940
48,79,58,0,185,PCM,23206
76,36,0,62,174,PCB,48603
73,85,0,80,238,PCB,6309
61,71,70,0,202,PCM,13469
60,83,0,92,235,PCB,4495
96,52,0,90,238,PCB,4226
23,25,37,0,85,PCM,111586
32,45,0,31,108,PCB,149953
74,88,24,0,186,PCM,23380
99,58,0,83,240,PCB,5799
53,93,80,0,226,PCM,6421
78,76,84,0,238,PCM,2866
67,84,0,59,210,PCB,13412
62,37,55,0,154,PCM,54769
44,67,0,99,210,PCB,16727
92,48,0,87,227,PCB,7541
72,79,0,68,219,PCB,11579
29,86,0,88,203,PCB,20988
83,91,0,62,236,PCB,5956
100,76,0,97,273,PCB,932
44,70,0,77,191,PCB,30439
42,37,54,0,133,PCM,80098
71,99,0,42,212,PCB,15000
94,88,0,85,267,PCB,3364
78,83,35,0,196,PCM,17523
44,63,76,0,183,PCM,24414
37,43,79,0,159,PCM,50072
48,76,0,38,162,PCB,69816
50,92,26,0,168,PCM,38238
39,46,66,0,151,PCM,59084
32,49,0,91,172,PCB,52000
53,59,29,0,141,PCM,70295
20,20,0,100,140,PCB,106365
49,57,0,87,193,PCB,25645
54,62,0,29,145,PCB,98595
92,89,28,0,209,PCM,10665
94,61,81,0,236,PCM,4915
66,66,0,74,206,PCB,17641
86,78,44,0,208,PCM,10913
91,96,0,90,277,PCB,1
89,47,79,0,215,PCM,7638
61,97,0,25,183,PCB,36306
21,58,0,35,114,PCB,145938
21,90,47,0,158,PCM,50653
66,56,93,0,215,PCM,9154
29,92,0,20,141,PCB,106049
58,61,0,34,153,PCB,85460
50,47,82,0,179,PCM,28890
40,71,56,0,167,PCM,39171
73,64,0,63,200,PCB,22370
61,22,25,0,108,PCM,101225
93,51,71,0,215,PCM,8511
92,53,71,0,216,PCM,7177
29,59,57,0,145,PCM,66049
64,77,93,0,234,PCM,4589
95,58,94,0,247,PCM,1290
42,98,0,72,212,PCB,13057
35,33,72,0,140,PCM,71716
54,58,0,60,172,PCB,53082
69,20,0,67,156,PCB,80364
93,66,63,0,222,PCM,5835
72,91,87,0,250,PCM,1961
86,29,30,0,145,PCM,66514
84,36,20,0,140,PCM,71730
83,39,0,57,179,PCB,43421
82,52,67,0,201,PCM,12818
67,67,76,0,210,PCM,10869
84,38,26,0,148,PCM,62756
29,30,65,0,124,PCM,88534
73,32,0,73,178,PCB,44178
41,95,0,23,159,PCB,74002
67,37,0,51,155,PCB,81514
34,75,61,0,170,PCM,37498
100,86,86,0,272,PCM,1010
36,30,28,0,94,PCM,109012
38,55,0,83,176,PCB,47086
36,46,0,98,180,PCB,42973
72,42,0,86,200,PCB,22515
98,78,64,0,240,PCM,2663
77,83,30,0,190,PCM,19901
81,99,0,21,201,PCB,19780
100,63,0,26,189,PCB,32233
30,75,0,31,136,PCB,114454
79,73,0,78,230,PCB,7289
67,82,0,73,222,PCB,9101
56,65,53,0,174,PCM,34387
76,32,41,0,149,PCM,62118
86,74,100,0,260,PCM,428
22,57,0,91,170,PCB,56700
50,37,87,0,174,PCM,33800
87,47,97,0,231,PCM,4511
48,44,0,54,146,PCB,96390
80,52,0,33,165,PCB,63944
53,56,0,57,166,PCB,62725
89,100,0,69,258,PCB,2043
93,81,24,0,198,PCM,14196
46,37,0,28,111,PCB,150527
53,73,34,0,160,PCM,47523
46,60,0,64,170,PCB,57312
80,100,0,79,259,PCB,2467
67,55,0,54,176,PCB,46473
42,81,0,69,192,PCB,26626
23,99,31,0,153,PCM,57348
67,32,0,85,184,PCB,35833
66,45,33,0,144,PCM,67487
51,62,33,0,146,PCM,65405
62,54,0,92,208,PCB,17192
47,33,31,0,111,PCM,98060
84,49,0,80,213,PCB,14702
41,70,38,0,149,PCM,62127
32,87,0,84,203,PCB,18092
60,80,0,22,162,PCB,69969
48,23,94,0,165,PCM,42173
54,20,39,0,113,PCM,98513
84,55,63,0,202,PCM,14334
47,55,35,0,137,PCM,76044
91,39,0,25,155,PCB,79959
45,59,64,0,168,PCM,40473
53,98,0,66,217,PCB,10612
22,87,0,79,188,PCB,33471
47,66,0,98,211,PCB,15402
83,38,0,30,151,PCB,86764
88,61,0,88,237,PCB,5783
98,58,0,32,188,PCB,32293
59,27,0,72,158,PCB,76899
30,48,86,0,164,PCM,44151
32,87,86,0,205,PCM,12121
62,90,47,0,199,PCM,15278
28,44,90,0,162,PCM,45710
83,27,83,0,193,PCM,18535
52,76,63,0,191,PCM,18997
56,44,77,0,177,PCM,30408
45,68,60,0,173,PCM,33578
96,97,25,0,218,PCM,7493
91,38,0,72,201,PCB,20577
74,68,80,0,222,PCM,6366
83,49,82,0,214,PCM,9465
82,66,0,72,220,PCB,9079
29,97,0,29,155,PCB,81670
74,62,0,96,232,PCB,6007
92,78,91,0,261,PCM,957
100,42,77,0,219,PCM,7360
21,23,72,0,116,PCM,94581
45,56,41,0,142,PCM,70245
49,66,30,0,145,PCM,66704
75,40,0,50,165,PCB,65367
34,48,92,0,174,PCM,32542
97,90,0,22,209,PCB,14112
75,32,96,0,203,PCM,13561
53,57,0,70,180,PCB,41172
74,26,0,99,199,PCB,23473
36,40,72,0,148,PCM,63043
44,86,0,78,208,PCB,15552
71,64,77,0,212,PCM,10208
40,35,0,33,108,PCB,150980
88,76,0,62,226,PCB,9382
61,92,44,0,197,PCM,16072
52,76,0,98,226,PCB,9278
72,87,0,69,228,PCB,7915
46,68,0,45,159,PCB,72601
97,25,0,79,201,PCB,20734
79,62,31,0,172,PCM,35058
83,72,0,37,192,PCB,26687
97,97,69,0,263,PCM,1823
56,52,0,98,206,PCB,18315
95,20,29,0,144,PCM,65978
88,48,44,0,180,PCM,28011
89,33,0,60,182,PCB,37492
75,94,0,60,229,PCB,7809
58,63,56,0,177,PCM,29319
61,68,0,53,182,PCB,39877
28,98,54,0,180,PCM,28806
24,51,0,27,102,PCB,157729
34,56,99,0,189,PCM,19703
28,66,0,90,184,PCB,37068
59,71,59,0,189,PCM,21624
40,59,25,0,124,PCM,89840
34,83,89,0,206,PCM,10657
32,66,55,0,153,PCM,57324
87,65,0,49,201,PCB,22339
52,44,0,75,171,PCB,54700
43,45,90,0,178,PCM,29212
96,36,0,32,164,PCB,65303
73,42,0,57,172,PCB,51730
32,48,0,84,164,PCB,64194
73,41,26,0,140,PCM,70821
73,77,0,35,185,PCB,37376
52,30,0,92,174,PCB,50363
47,32,0,75,154,PCB,82204
76,35,0,100,211,PCB,15038
44,73,52,0,169,PCM,38837
62,86,0,99,247,PCB,2991
43,34,96,0,173,PCM,35394
41,100,0,25,166,PCB,61273
91,56,0,53,200,PCB,19874
22,94,0,77,193,PCB,26834
54,49,0,58,161,PCB,68779
33,40,79,0,152,PCM,58566
96,86,0,75,257,PCB,3056
93,84,0,37,214,PCB,13297
75,63,0,98,236,PCB,5503
95,54,0,68,217,PCB,13340
86,20,86,0,192,PCM,18637
82,84,0,81,247,PCB,5407
22,40,0,91,153,PCB,83152
79,41,0,57,177,PCB,44380
32,94,75,0,201,PCM,12664
43,48,24,0,115,PCM,95550
43,79,58,0,180,PCM,27155
35,89,70,0,194,PCM,17169
100,41,76,0,217,PCM,7135
57,33,100,0,190,PCM,19254
95,71,0,68,234,PCB,5500
69,65,65,0,199,PCM,14615
22,30,0,27,79,PCB,171301
67,59,0,49,175,PCB,49774
97,41,0,57,195,PCB,25102
50,59,83,0,192,PCM,18870
61,69,53,0,183,PCM,26368
35,81,0,48,164,PCB,64527
43,90,27,0,160,PCM,46993
93,64,0,100,257,PCB,2911
62,28,0,66,156,PCB,78939
81,61,0,75,217,PCB,10244
60,29,0,92,181,PCB,39504
86,47,0,78,211,PCB,13958
94,55,0,61,210,PCB,16748
72,59,68,0,199,PCM,15666
92,72,0,96,260,PCB,580
47,20,0,40,107,PCB,151127
68,64,59,0,191,PCM,19155
30,43,53,0,126,PCM,87846
74,22,55,0,151,PCM,59846
55,75,0,85,215,PCB,11266
95,21,36,0,152,PCM,58304
61,85,0,27,173,PCB,50577
71,26,40,0,137,PCM,76328
50,44,50,0,144,PCM,68044
70,33,95,0,198,PCM,15140
71,44,37,0,152,PCM,58509
71,59,79,0,209,PCM,9758
55,70,71,0,196,PCM,17372
27,57,30,0,114,PCM,96266
45,80,0,66,191,PCB,30848
74,89,0,31,194,PCB,27624
32,48,25,0,105,PCM,103176
75,78,0,42,195,PCB,25296
21,56,0,74,151,PCB,87940
62,53,0,26,141,PCB,104776
77,77,47,0,201,PCM,12826
28,40,0,88,156,PCB,79356
99,97,0,69,265,PCB,1482
62,80,70,0,212,PCM,9608
26,92,54,0,172,PCM,36051
69,57,0,32,158,PCB,75982
78,55,100,0,233,PCM,4721
21,28,0,73,122,PCB,137311
20,45,97,0,162,PCM,46799
60,96,62,0,218,PCM,6703
35,89,67,0,191,PCM,18665
60,81,0,20,161,PCB,69669
58,36,48,0,142,PCM,69397
55,30,98,0,183,PCM,25757
59,67,0,48,174,PCB,51458
92,72,53,0,217,PCM,6649
50,74,0,40,164,PCB,66963
55,39,0,76,170,PCB,54950
91,23,100,0,214,PCM,8230
29,71,0,75,175,PCB,49912
84,64,0,27,175,PCB,49622
98,41,76,0,215,PCM,7684
49,64,0,30,143,PCB,101473
58,47,0,78,183,PCB,37807
32,83,62,0,177,PCM,30671
89,76,41,0,206,PCM,12229
27,89,0,57,173,PCB,50302
46,77,82,0,205,PCM,11583
86,80,42,0,208,PCM,11927
86,90,28,0,204,PCM,11845
93,68,67,0,228,PCM,5579
44,83,0,75,202,PCB,19269
25,94,0,22,141,PCB,107517
29,97,0,76,202,PCB,21262
25,34,66,0,125,PCM,88246
53,74,0,54,181,PCB,41965
100,92,0,94,286,PCB,1036
45,81,0,99,225,PCB,10192
36,41,48,0,125,PCM,87452
54,30,0,71,155,PCB,79598
52,91,53,0,196,PCM,17217
74,75,83,0,232,PCM,4944
55,75,81,0,211,PCM,8427
50,95,0,34,179,PCB,41664
22,78,0,57,157,PCB,76618
35,30,21,0,86,PCM,110356
77,75,0,91,243,PCB,5747
70,65,0,25,160,PCB,72798
53,79,0,80,212,PCB,12599
45,54,0,20,119,PCB,139597
93,85,61,0,239,PCM,2470
41,37,0,39,117,PCB,141901
73,74,80,0,227,PCM,5298
64,83,92,0,239,PCM,2685
95,95,0,96,286,PCB,180
42,71,0,54,167,PCB,61436
41,41,21,0,103,PCM,104481
45,20,0,60,125,PCB,131367
94,88,0,54,236,PCB,6808
38,53,0,73,164,PCB,65638
57,58,0,57,172,PCB,54505
26,48,0,66,140,PCB,108787
88,55,0,34,177,PCB,44725
49,53,62,0,164,PCM,43064
78,51,76,0,205,PCM,12896
27,93,0,76,196,PCB,26299
85,79,0,98,262,PCB,1166
35,50,0,97,182,PCB,39711
38,98,0,35,171,PCB,53556
41,38,0,44,123,PCB,136126
24,45,71,0,140,PCM,72051
93,59,0,99,251,PCB,3471
93,100,0,27,220,PCB,8640
96,68,67,0,231,PCM,3617
93,62,0,52,207,PCB,17508
96,28,52,0,176,PCM,32473
36,55,0,93,184,PCB,37902
61,36,0,86,183,PCB,36649
76,65,67,0,208,PCM,10206
80,28,0,64,172,PCB,53086
65,85,70,0,220,PCM,6006
74,50,74,0,198,PCM,14796
22,53,80,0,155,PCM,54372
100,73,82,0,255,PCM,2775
71,27,0,87,185,PCB,37393
55,54,45,0,154,PCM,55593
98,56,54,0,208,PCM,10986
70,46,26,0,142,PCM,70236
34,44,0,80,158,PCB,75025
30,52,37,0,119,PCM,92932
23,83,61,0,167,PCM,41382
43,29,0,96,168,PCB,59721
84,27,36,0,147,PCM,62951
47,74,80,0,201,PCM,12986
69,53,95,0,217,PCM,7247
24,73,41,0,138,PCM,75022
35,56,0,87,178,PCB,44255
62,79,24,0,165,PCM,43613
100,70,86,0,256,PCM,2861
69,49,0,62,180,PCB,40337
32,39,45,0,116,PCM,95710
92,72,41,0,205,PCM,12148
64,58,24,0,146,PCM,64278
51,23,60,0,134,PCM,78246
68,70,0,76,214,PCB,12305
61,80,0,96,237,PCB,3973
70,24,28,0,122,PCM,91101
97,89,51,0,237,PCM,4539
58,53,0,33,144,PCB,99220
84,97,0,45,226,PCB,6923
52,86,36,0,174,PCM,33498
50,45,0,42,137,PCB,111502
52,53,0,53,158,PCB,74927
42,72,0,66,180,PCB,40469
99,51,0,24,174,PCB,51012
29,25,0,66,120,PCB,137336
67,42,89,0,198,PCM,16084
85,39,0,80,204,PCB,17925
28,21,37,0,86,PCM,111882
49,34,0,30,113,PCB,145011
90,75,93,0,258,PCM,1139
80,35,0,49,164,PCB,65844
21,66,33,0,120,PCM,93110
77,77,0,87,241,PCB,4274
60,25,86,0,171,PCM,36727
38,80,0,67,185,PCB,34969
34,30,0,52,116,PCB,142996
30,56,0,75,161,PCB,72184
40,56,0,55,151,PCB,88866
40,92,84,0,216,PCM,7555
46,64,30,0,140,PCM,71079
48,83,54,0,185,PCM,23692
97,50,64,0,211,PCM,8744
25,35,87,0,147,PCM,64521
75,63,0,94,232,PCB,5977
47,31,87,0,165,PCM,41840
36,49,56,0,141,PCM,70147
47,83,78,0,208,PCM,9573
71,41,73,0,185,PCM,22934
59,42,52,0,153,PCM,57597
98,52,67,0,217,PCM,8499
45,69,0,99,213,PCB,14195
32,99,0,35,166,PCB,62092
57,28,0,76,161,PCB,69477
21,91,85,0,197,PCM,15174
49,88,0,32,169,PCB,59025
61,76,0,49,186,PCB,32866
22,20,0,27,69,PCB,172007
45,21,0,96,162,PCB,67989
85,75,0,58,218,PCB,9871
95,44,85,0,224,PCM,6464
63,95,39,0,197,PCM,16881
73,39,22,0,134,PCM,79064
53,27,86,0,166,PCM,41683
100,91,0,56,247,PCB,4824
64,62,72,0,198,PCM,15969
96,99,0,63,258,PCB,3609
64,63,0,85,212,PCB,13064
32,35,0,56,123,PCB,136160
87,33,0,92,212,PCB,14365
29,45,69,0,143,PCM,69435
31,79,0,53,163,PCB,66711
49,57,64,0,170,PCM,36007
53,45,0,68,166,PCB,63485
72,71,0,70,213,PCB,13275
86,44,23,0,153,PCM,55582
50,71,0,100,221,PCB,9536
99,48,0,47,194,PCB,27662
99,28,0,33,160,PCB,71034
83,34,0,32,149,PCB,92978
56,91,92,0,239,PCM,3865
77,21,0,38,136,PCB,114220
39,23,0,62,124,PCB,132722
82,81,0,81,244,PCB,2791
67,34,0,64,165,PCB,64422
71,20,0,72,163,PCB,66711
67,97,0,92,256,PCB,1825
62,38,0,52,152,PCB,84821
83,57,0,33,173,PCB,49724
65,53,0,56,174,PCB,49982
83,91,23,0,197,PCM,15819
76,100,71,0,247,PCM,2454
88,70,36,0,194,PCM,18435
92,63,41,0,196,PCM,17309
70,98,93,0,261,PCM,405
99,86,0,85,270,PCB,2595
30,83,0,86,199,PCB,24004
49,91,58,0,198,PCM,15441
90,78,68,0,236,PCM,3308
49,46,0,76,171,PCB,55435
27,99,0,24,150,PCB,90413
84,92,0,49,225,PCB,6837
49,62,0,21,132,PCB,121711
38,63,0,91,192,PCB,26701
66,45,54,0,165,PCM,41458
22,43,66,0,131,PCM,81133
27,99,0,49,175,PCB,48745
38,34,71,0,143,PCM,69183
63,40,51,0,154,PCM,54262
94,28,0,98,220,PCB,10970
81,26,0,83,190,PCB,28959
60,40,41,0,141,PCM,71599
92,74,87,0,253,PCM,2580
63,32,0,90,185,PCB,36113
50,26,0,99,175,PCB,49877
21,34,34,0,89,PCM,110707
85,64,27,0,176,PCM,30174
50,82,0,20,152,PCB,85005
22,52,0,61,135,PCB,116182
57,78,0,47,182,PCB,40029
80,62,0,29,171,PCB,53003
32,42,60,0,134,PCM,77426
36,47,36,0,119,PCM,92625
34,78,20,0,132,PCM,79783
20,60,100,0,180,PCM,28285
37,96,73,0,206,PCM,12225
21,36,52,0,109,PCM,101196
28,87,53,0,168,PCM,39590
70,88,0,44,202,PCB,20391
78,38,31,0,147,PCM,63852
57,30,0,26,113,PCB,145478
55,30,0,61,146,PCB,98794
69,27,96,0,192,PCM,19430
45,67,0,74,186,PCB,32897
75,51,30,0,156,PCM,52020
63,60,0,40,163,PCB,66716
54,29,96,0,179,PCM,29223
33,60,0,36,129,PCB,124425
85,51,0,96,232,PCB,6146
100,40,36,0,176,PCM,32435
28,88,76,0,192,PCM,19078
69,84,40,0,193,PCM,18538
39,31,97,0,167,PCM,41415
59,23,0,40,122,PCB,133964
33,52,0,77,162,PCB,70393
68,63,0,67,198,PCB,22026
70,42,23,0,135,PCM,76773
75,89,66,0,230,PCM,5897
49,97,30,0,176,PCM,31298
32,71,87,0,190,PCM,20860
63,71,0,71,205,PCB,18201
50,58,0,46,154,PCB,82537
29,92,52,0,173,PCM,33117
59,99,38,0,196,PCM,16436
88,55,0,31,174,PCB,49387
21,76,96,0,193,PCM,17308
85,85,0,86,256,PCB,4157
75,81,28,0,184,PCM,23835
80,38,0,93,211,PCB,13121
41,96,50,0,187,PCM,21748
68,33,64,0,165,PCM,42030
80,81,98,0,259,PCM,2039
75,66,0,20,161,PCB,69894
72,90,0,65,227,PCB,6405
75,27,0,99,201,PCB,20193
83,37,54,0,174,PCM,33359
46,61,53,0,160,PCM,47672
23,70,25,0,118,PCM,92821
27,21,68,0,116,PCM,96077
85,54,48,0,187,PCM,23208
40,33,0,27,100,PCB,159208
65,30,0,35,130,PCB,123146
25,20,49,0,94,PCM,107444
95,69,0,33,197,PCB,25155
69,21,38,0,128,PCM,84197
65,24,43,0,132,PCM,80297
25,93,73,0,191,PCM,20048
99,54,0,45,198,PCB,22660
35,62,0,57,154,PCB,83376
42,66,80,0,188,PCM,20503
40,29,95,0,164,PCM,43060
59,60,48,0,167,PCM,39807
74,92,0,91,257,PCB,3647
81,63,0,22,166,PCB,63673
51,87,0,40,178,PCB,44283
45,20,0,84,149,PCB,90536
29,40,0,27,96,PCB,160554
54,67,80,0,201,PCM,14119
52,96,0,50,198,PCB,23630
66,90,0,24,180,PCB,39960
86,95,0,64,245,PCB,5332
37,93,70,0,200,PCM,14461
37,96,73,0,206,PCM,10705
28,77,0,65,170,PCB,57560
100,80,46,0,226,PCM,5949
82,28,0,29,139,PCB,110282
54,37,0,46,137,PCB,111670
66,50,0,96,212,PCB,15176
63,51,37,0,151,PCM,57716
83,99,0,89,271,PCB,2895
31,43,0,52,126,PCB,129729
80,47,0,88,215,PCB,13172
82,54,60,0,196,PCM,16509
87,51,0,40,178,PCB,44730
45,83,90,0,218,PCM,7094
65,30,0,42,137,PCB,112650
34,39,69,0,142,PCM,69779
99,90,95,0,284,PCM,1
46,76,98,0,220,PCM,6610
45,77,78,0,200,PCM,15017
88,40,0,77,205,PCB,18030
21,45,0,46,112,PCB,146029
40,71,82,0,193,PCM,18720
95,45,43,0,183,PCM,25133
99,37,0,36,172,PCB,53184
46,71,86,0,203,PCM,11907
44,80,0,21,145,PCB,98285
49,42,84,0,175,PCM,32931
75,67,0,96,238,PCB,5868
86,45,0,79,210,PCB,15841
47,56,0,100,203,PCB,18264
84,72,89,0,245,PCM,3008
87,55,0,87,229,PCB,7641
87,94,79,0,260,PCM,384
34,52,0,33,119,PCB,139077
47,25,0,62,134,PCB,119297
23,75,83,0,181,PCM,26014
92,96,69,0,257,PCM,998
48,21,34,0,103,PCM,104558
93,92,0,27,212,PCB,12163
32,89,0,48,169,PCB,56228
29,33,0,41,103,PCB,157304
32,89,0,94,215,PCB,13738
87,23,60,0,170,PCM,36378
36,85,42,0,163,PCM,44323
22,66,0,39,127,PCB,127931
53,55,0,69,177,PCB,46745
40,45,73,0,158,PCM,50301
75,81,95,0,251,PCM,2477
89,27,0,62,178,PCB,45171
84,35,0,56,175,PCB,49860
25,43,24,0,92,PCM,110244
52,92,57,0,201,PCM,13194
23,93,0,100,216,PCB,12812
98,32,0,79,209,PCB,16974
86,87,0,34,207,PCB,16510
83,49,63,0,195,PCM,15944
88,94,72,0,254,PCM,2143
71,30,30,0,131,PCM,82235
87,87,0,89,263,PCB,2394
46,51,0,80,177,PCB,47342
63,67,35,0,165,PCM,43501
37,68,39,0,144,PCM,66591
86,33,0,98,217,PCB,12185
63,55,32,0,150,PCM,61175
57,77,63,0,197,PCM,16084
94,80,0,52,226,PCB,8552
74,65,0,74,213,PCB,12221
29,81,0,32,142,PCB,104401
62,72,57,0,191,PCM,18946
35,46,0,80,161,PCB,70976
78,29,96,0,203,PCM,13364
36,48,42,0,126,PCM,86692
37,85,0,72,194,PCB,25928
35,47,99,0,181,PCM,26352
45,60,84,0,189,PCM,19719
45,61,80,0,186,PCM,22852
76,98,0,33,207,PCB,15866
28,76,0,79,183,PCB,39060
94,34,0,31,159,PCB,73212
89,26,0,72,187,PCB,34300
43,38,79,0,160,PCM,47029
28,40,99,0,167,PCM,40883
54,91,63,0,208,PCM,11804
69,28,0,57,154,PCB,82644
25,81,88,0,194,PCM,18075
23,26,0,87,136,PCB,114146
54,89,43,0,186,PCM,23788
47,52,0,66,165,PCB,64376
95,78,0,88,261,PCB,1223
49,88,43,0,180,PCM,27465
22,73,78,0,173,PCM,35046
23,69,27,0,119,PCM,93024
36,83,69,0,188,PCM,22610
61,97,28,0,186,PCM,23492
47,39,36,0,122,PCM,89892
50,76,82,0,208,PCM,11798
55,88,0,36,179,PCB,42302
83,47,52,0,182,PCM,26143
47,49,45,0,141,PCM,70560
91,25,100,0,216,PCM,8660
100,36,0,59,195,PCB,25890
33,35,0,81,149,PCB,93430
84,81,31,0,196,PCM,15690
55,66,37,0,158,PCM,50902
43,42,43,0,128,PCM,84457
49,64,0,38,151,PCB,86884
20,88,72,0,180,PCM,27956
77,81,0,86,244,PCB,5427
96,22,0,21,139,PCB,110827
67,83,61,0,211,PCM,10318
80,33,0,37,150,PCB,91004
24,90,41,0,155,PCM,54915
54,24,0,54,132,PCB,121261
25,44,98,0,167,PCM,41148
61,36,0,26,123,PCB,135310
60,27,77,0,164,PCM,43920
42,35,52,0,129,PCM,83121
61,81,0,29,171,PCB,52856
81,33,100,0,214,PCM,7477
70,43,0,90,203,PCB,18665
60,22,93,0,175,PCM,31603
54,70,0,86,210,PCB,14522
70,38,68,0,176,PCM,30983
68,64,98,0,230,PCM,3800
51,24,0,62,137,PCB,114112
57,34,45,0,136,PCM,75704
49,23,0,68,140,PCB,107782
41,30,68,0,139,PCM,71996
44,27,0,65,136,PCB,114109
44,28,34,0,106,PCM,103007
62,39,0,77,178,PCB,44545
65,52,47,0,164,PCM,43889
53,32,0,63,148,PCB,91917
40,38,0,44,122,PCB,134705
68,70,98,0,236,PCM,3679
73,66,24,0,163,PCM,44876
40,46,0,20,106,PCB,153652
69,35,0,59,163,PCB,66916
82,51,96,0,229,PCM,5085
65,34,43,0,142,PCM,68673
78,54,76,0,208,PCM,11080
68,91,35,0,194,PCM,18395
88,39,0,36,163,PCB,67601
35,94,0,47,176,PCB,45399
54,71,0,70,195,PCB,25665
83,48,0,53,184,PCB,36644
59,65,0,91,215,PCB,12335
69,51,0,32,152,PCB,85555
93,100,43,0,236,PCM,2748
92,83,47,0,222,PCM,5717
46,88,54,0,188,PCM,22213
94,51,0,32,177,PCB,44499
62,98,0,84,244,PCB,3486
96,79,20,0,195,PCM,17099
71,96,25,0,192,PCM,18179
51,81,0,55,187,PCB,34590
97,68,74,0,239,PCM,2914
57,71,47,0,175,PCM,32352
73,36,88,0,197,PCM,16717
69,74,32,0,175,PCM,32368
58,56,0,53,167,PCB,62227
49,40,20,0,109,PCM,99355
31,66,64,0,161,PCM,47516
38,83,0,46,167,PCB,59272
43,78,0,70,191,PCB,28518
99,99,0,49,247,PCB,2957
20,84,35,0,139,PCM,71889
26,85,0,62,173,PCB,52827
78,44,0,80,202,PCB,21354
36,57,52,0,145,PCM,66031
97,79,32,0,208,PCM,10287
20,42,0,39,101,PCB,159222
94,75,70,0,239,PCM,2269
31,44,89,0,164,PCM,44762
96,92,0,93,281,PCB,1009
77,37,75,0,189,PCM,19922
77,97,75,0,249,PCM,1684
37,66,0,53,156,PCB,79973
97,99,0,96,292,PCB,1052
67,32,72,0,171,PCM,35036
45,33,88,0,166,PCM,40237
96,60,96,0,252,PCM,1609
86,37,72,0,195,PCM,16089
72,92,93,0,257,PCM,2551
27,31,79,0,137,PCM,75288
77,45,0,87,209,PCB,16073
22,24,56,0,102,PCM,104815
25,91,0,90,206,PCB,17538
81,49,0,78,208,PCB,17002
51,87,58,0,196,PCM,15259
78,45,56,0,179,PCM,27675
42,71,0,100,213,PCB,13320
70,66,91,0,227,PCM,4757
67,90,0,21,178,PCB,43705
25,62,0,70,157,PCB,78945
44,28,68,0,140,PCM,70827
100,43,96,0,239,PCM,3870
55,57,0,83,195,PCB,24494
23,91,75,0,189,PCM,20299
23,57,0,53,133,PCB,118661
59,88,0,77,224,PCB,9212
91,61,52,0,204,PCM,13495
45,46,93,0,184,PCM,25599
53,26,0,55,134,PCB,117831
66,50,49,0,165,PCM,41881
47,53,0,34,134,PCB,118803
34,74,44,0,152,PCM,57357
20,62,0,58,140,PCB,106656
55,77,36,0,168,PCM,38836
75,96,0,53,224,PCB,7955
91,28,0,60,179,PCB,42176
84,35,0,56,175,PCB,49937
20,28,0,79,127,PCB,127761
96,48,0,72,216,PCB,13086
29,76,78,0,183,PCM,25203
83,36,57,0,176,PCM,30443
92,21,0,36,149,PCB,90410
21,65,28,0,114,PCM,97130
88,32,69,0,189,PCM,21388
68,68,81,0,217,PCM,6958
60,78,0,63,201,PCB,21971
24,61,0,26,111,PCB,148050
84,61,44,0,189,PCM,20747
83,56,0,34,173,PCB,52808
88,77,0,38,203,PCB,20729
64,97,40,0,201,PCM,13821
41,60,89,0,190,PCM,20831
69,46,44,0,159,PCM,50295
34,30,55,0,119,PCM,92428
25,85,73,0,183,PCM,25288
42,73,75,0,190,PCM,19100
49,52,70,0,171,PCM,35990
97,83,0,55,235,PCB,7526
71,63,0,63,197,PCB,24897
96,38,82,0,216,PCM,8608
36,52,0,65,153,PCB,86115
25,20,0,86,131,PCB,123258
25,84,0,100,209,PCB,16742
78,100,75,0,253,PCM,1322
39,85,73,0,197,PCM,16480
78,55,0,61,194,PCB,27090
42,37,0,81,160,PCB,73245
40,39,0,45,124,PCB,133759
35,95,77,0,207,PCM,11071
87,55,0,69,211,PCB,16113
59,48,33,0,140,PCM,72197
39,61,32,0,132,PCM,81425
58,58,0,33,149,PCB,91117
76,80,82,0,238,PCM,2370
94,71,0,32,197,PCB,23168
83,51,0,25,159,PCB,72305
33,24,0,53,110,PCB,150326
100,21,0,53,174,PCB,50220
93,27,77,0,197,PCM,15565
26,56,66,0,148,PCM,63591
68,23,0,35,126,PCB,131430
57,25,32,0,114,PCM,96844
42,87,89,0,218,PCM,7392
56,39,20,0,115,PCM,96575
22,47,0,70,139,PCB,109552
41,91,0,70,202,PCB,19980
100,59,90,0,249,PCM,2340
92,35,27,0,154,PCM,55473
66,52,0,75,193,PCB,28018
92,35,93,0,220,PCM,7948
89,43,28,0,160,PCM,47543
57,87,0,42,186,PCB,32880
93,84,37,0,214,PCM,8419
82,36,0,64,182,PCB,38464
57,70,74,0,201,PCM,13821
74,98,0,41,213,PCB,13121
61,54,0,30,145,PCB,99193
38,51,29,0,118,PCM,93841
97,48,0,89,234,PCB,4381
72,95,98,0,265,PCM,658
48,51,0,66,165,PCB,64914
85,22,97,0,204,PCM,11494
43,65,0,75,183,PCB,38971
40,72,0,32,144,PCB,99544
46,37,0,67,150,PCB,88556
55,30,0,98,183,PCB,36809
42,51,0,82,175,PCB,48741
24,43,0,62,129,PCB,125285
34,96,0,28,158,PCB,77152
61,86,86,0,233,PCM,4331
22,62,58,0,142,PCM,68476
42,34,0,27,103,PCB,156475
48,50,0,94,192,PCB,28835
28,45,56,0,129,PCM,82883
87,58,89,0,234,PCM,3222
39,79,0,81,199,PCB,23959
84,29,0,61,174,PCB,50038
94,60,95,0,249,PCM,1927
27,44,0,97,168,PCB,59076
29,69,50,0,148,PCM,62201
33,58,0,50,141,PCB,107092
22,100,0,36,158,PCB,76011
70,44,0,88,202,PCB,18637
47,95,0,90,232,PCB,6128
49,43,59,0,151,PCM,58393
86,66,0,45,197,PCB,24713
36,32,64,0,132,PCM,80971
49,34,0,22,105,PCB,156169
76,93,0,73,242,PCB,5798
61,56,0,28,145,PCB,98666
45,79,38,0,162,PCM,44743
55,46,0,81,182,PCB,40652
25,33,48,0,106,PCM,101477
84,53,36,0,173,PCM,33220
48,27,29,0,104,PCM,102645
66,74,0,50,190,PCB,30719
54,31,0,21,106,PCB,153597
100,41,57,0,198,PCM,14874
55,40,72,0,167,PCM,39177
64,50,76,0,190,PCM,19124
39,61,64,0,164,PCM,43803
84,56,72,0,212,PCM,10181
54,23,0,61,138,PCB,109510
100,71,0,73,244,PCB,2437
55,42,23,0,120,PCM,91421
76,41,62,0,179,PCM,29752
76,95,0,95,266,PCB,833
96,97,46,0,239,PCM,2686
32,76,0,28,136,PCB,114820
74,66,49,0,189,PCM,21223
99,78,22,0,199,PCM,15501
46,39,0,33,118,PCB,140846
50,51,0,72,173,PCB,51493
87,26,0,94,207,PCB,15089
72,36,93,0,201,PCM,12699
65,33,66,0,164,PCM,43705
76,77,99,0,252,PCM,1292
23,36,50,0,109,PCM,100496
62,71,0,85,218,PCB,11830
72,61,22,0,155,PCM,54843
61,92,78,0,231,PCM,5110
96,24,52,0,172,PCM,36033
46,57,71,0,174,PCM,33771
46,82,0,95,223,PCB,10417
63,61,68,0,192,PCM,17820
94,75,52,0,221,PCM,7349
77,97,39,0,213,PCM,9040
80,50,42,0,172,PCM,34971
42,91,0,87,220,PCB,10936
49,40,0,85,174,PCB,48993
54,61,64,0,179,PCM,28470
92,43,63,0,198,PCM,14357
69,91,0,26,186,PCB,33909
75,88,62,0,225,PCM,4865
47,92,0,70,209,PCB,14001
88,63,0,60,211,PCB,14487
32,73,96,0,201,PCM,13965
85,29,0,97,211,PCB,14329
74,29,61,0,164,PCM,44502
55,66,0,32,153,PCB,82932
23,22,65,0,110,PCM,99536
91,69,29,0,189,PCM,20735
76,90,20,0,186,PCM,24073
40,21,0,91,152,PCB,85561
70,66,0,26,162,PCB,70294
71,56,0,100,227,PCB,8319
43,46,96,0,185,PCM,23897
55,50,0,39,144,PCB,99945
38,72,0,77,187,PCB,33045
84,68,51,0,203,PCM,13563
67,77,67,0,211,PCM,9512
28,37,0,93,158,PCB,74516
35,94,0,30,159,PCB,75009
31,98,71,0,200,PCM,14382
67,51,67,0,185,PCM,23470
46,31,83,0,160,PCM,48536
49,29,0,51,129,PCB,124075
53,68,91,0,212,PCM,9833
39,91,21,0,151,PCM,59833
24,39,86,0,149,PCM,61972
39,95,0,26,160,PCB,73697
66,37,79,0,182,PCM,27283
23,67,0,44,134,PCB,119399
26,50,0,50,126,PCB,129237
71,26,24,0,121,PCM,91595
50,53,0,94,197,PCB,25569
46,66,0,85,197,PCB,22420
20,21,75,0,116,PCM,94912
98,48,63,0,209,PCM,10582
66,66,0,82,214,PCB,12222
45,85,56,0,186,PCM,22711
89,42,0,49,180,PCB,42611
55,54,44,0,153,PCM,57271
72,68,43,0,183,PCM,25180
54,39,0,74,167,PCB,58730
32,69,0,35,136,PCB,113296
57,60,0,60,177,PCB,47040
63,86,0,93,242,PCB,5825
22,81,0,50,153,PCB,83670
88,86,68,0,242,PCM,2283
32,60,22,0,114,PCM,98117
76,53,0,83,212,PCB,15420
58,75,81,0,214,PCM,9322
22,25,95,0,142,PCM,68508
85,39,21,0,145,PCM,66427
34,23,0,30,87,PCB,165863
65,28,58,0,151,PCM,57720
82,77,0,49,208,PCB,15222
97,93,81,0,271,PCM,1
20,33,0,80,133,PCB,119173
57,33,0,86,176,PCB,45669
83,29,0,100,212,PCB,14072
86,28,0,88,202,PCB,20133
83,77,55,0,215,PCM,8857
73,27,20,0,120,PCM,91626
98,27,0,20,145,PCB,99483
64,99,0,96,259,PCB,2805
38,69,66,0,173,PCM,33994
47,91,58,0,196,PCM,16638
24,74,23,0,121,PCM,91656
87,68,52,0,207,PCM,10513
21,52,49,0,122,PCM,90642
32,74,0,52,158,PCB,74194
49,94,0,30,173,PCB,51011
68,46,0,83,197,PCB,24610
71,51,46,0,168,PCM,40266
40,30,0,43,113,PCB,147354
80,79,0,74,233,PCB,6963
21,57,53,0,131,PCM,80975
32,66,0,51,149,PCB,90381
53,52,99,0,204,PCM,11217
59,62,0,92,213,PCB,11764
28,28,0,78,134,PCB,118375
29,53,0,28,110,PCB,151179
35,94,27,0,156,PCM,53160
100,71,0,23,194,PCB,25879
44,35,59,0,138,PCM,74337
91,44,0,51,186,PCB,34882
79,29,42,0,150,PCM,59468
73,95,56,0,224,PCM,6249
20,40,0,85,145,PCB,99095
66,66,77,0,209,PCM,11494
86,21,0,40,147,PCB,94934
89,49,0,62,200,PCB,21387
40,77,97,0,214,PCM,9525
73,66,94,0,233,PCM,3827
58,86,86,0,230,PCM,3647
23,74,0,52,149,PCB,93318
41,30,37,0,108,PCM,101356
80,86,75,0,241,PCM,2286
90,46,0,78,214,PCB,11535
82,65,0,92,239,PCB,6602
100,58,0,65,223,PCB,8499
57,64,78,0,199,PCM,14486
32,62,0,33,127,PCB,129516
50,56,30,0,136,PCM,75640
40,27,79,0,146,PCM,64247
33,30,34,0,97,PCM,106868
64,57,0,26,147,PCB,96569
33,49,20,0,102,PCM,103606
57,39,30,0,126,PCM,85889
28,45,64,0,137,PCM,74422
45,80,33,0,158,PCM,49461
81,98,0,49,228,PCB,8062
55,55,51,0,161,PCM,47083
55,36,38,0,129,PCM,84186
62,94,0,35,191,PCB,28991
68,84,0,92,244,PCB,3707
97,66,0,90,253,PCB,1848
44,30,0,88,162,PCB,69546
95,39,92,0,226,PCM,6632
79,42,0,56,177,PCB,46620
73,86,100,0,259,PCM,1641
87,33,95,0,215,PCM,8446
56,87,0,96,239,PCB,6689
68,24,0,46,138,PCB,111023
32,47,88,0,167,PCM,40251
62,64,66,0,192,PCM,19228
60,55,0,75,190,PCB,31827
74,88,48,0,210,PCM,9078
65,40,0,35,140,PCB,106765
76,26,0,30,132,PCB,121899
38,56,76,0,170,PCM,37387
85,36,20,0,141,PCM,71366
22,68,0,93,183,PCB,38895
90,42,0,36,168,PCB,60605
49,65,0,100,214,PCB,11192
54,25,52,0,131,PCM,80912
84,99,0,22,205,PCB,18816
51,36,0,66,153,PCB,84896
33,69,97,0,199,PCM,15494
62,81,29,0,172,PCM,35959
80,64,0,72,216,PCB,13212
52,48,0,26,126,PCB,129515
86,100,0,84,270,PCB,329
76,47,0,21,144,PCB,102517
67,63,87,0,217,PCM,8774
78,44,0,30,152,PCB,87604
97,20,0,75,192,PCB,26613
24,47,0,93,164,PCB,65256
73,66,0,58,197,PCB,24088
68,91,27,0,186,PCM,23528
36,20,0,57,113,PCB,147817
96,92,95,0,283,PCM,26
90,36,74,0,200,PCM,14423
76,62,36,0,174,PCM,33710
47,53,0,100,200,PCB,22523
53,85,0,89,227,PCB,7481
82,60,0,80,222,PCB,11067
44,61,0,37,142,PCB,103771
28,98,0,28,154,PCB,81604
85,94,0,87,266,PCB,2774
53,44,0,99,196,PCB,23976
89,58,0,53,200,PCB,22450
33,99,59,0,191,PCM,19494
94,35,0,82,211,PCB,13925
33,57,0,37,127,PCB,128887
42,93,72,0,207,PCM,10973
79,78,0,28,185,PCB,35589
92,93,0,95,280,PCB,285
69,94,90,0,253,PCM,1561
39,72,90,0,201,PCM,14621
87,27,0,52,166,PCB,63795
41,39,43,0,123,PCM,89741
69,69,0,51,189,PCB,29991
65,35,0,38,138,PCB,112867
26,45,0,59,130,PCB,123806
100,59,0,84,243,PCB,4516
45,41,0,35,121,PCB,135490
71,29,0,86,186,PCB,34372
23,94,45,0,162,PCM,46401
90,86,95,0,271,PCM,257
20,47,0,77,144,PCB,100443
33,44,25,0,102,PCM,104411
73,27,20,0,120,PCM,92336
81,82,0,77,240,PCB,3159
49,35,0,31,115,PCB,146056
43,79,0,20,142,PCB,104088
52,83,92,0,227,PCM,4698
91,63,22,0,176,PCM,31862
28,48,0,79,155,PCB,80800
49,87,0,86,222,PCB,11212
51,69,0,57,177,PCB,47254
95,28,0,60,183,PCB,38262
84,42,0,24,150,PCB,90973
84,70,96,0,250,PCM,2546
20,70,77,0,167,PCM,41242
64,78,75,0,217,PCM,7274
27,38,0,89,154,PCB,84155
81,94,65,0,240,PCM,2561
39,30,0,33,102,PCB,156848
84,38,0,74,196,PCB,24742
78,54,0,78,210,PCB,14906
20,55,0,76,151,PCB,88815
70,65,47,0,182,PCM,26893
53,98,0,64,215,PCB,11782
25,86,52,0,163,PCM,44055
45,54,76,0,175,PCM,31752
42,69,94,0,205,PCM,13029
44,37,0,81,162,PCB,68641
75,52,83,0,210,PCM,9380
28,30,41,0,99,PCM,106781
27,70,35,0,132,PCM,80429
44,97,50,0,191,PCM,18295
34,59,89,0,182,PCM,24927
33,47,0,55,135,PCB,114729
24,96,0,74,194,PCB,24633
41,38,0,26,105,PCB,152935
96,56,0,30,182,PCB,37762
100,67,48,0,215,PCM,7834
82,79,59,0,220,PCM,5993
81,53,0,61,195,PCB,27180
62,26,85,0,173,PCM,33293
79,86,0,40,205,PCB,18422
43,38,24,0,105,PCM,102062
51,86,20,0,157,PCM,51319
56,71,81,0,208,PCM,11420
27,94,0,25,146,PCB,98507
66,100,75,0,241,PCM,2828
53,64,0,77,194,PCB,26847
42,89,0,64,195,PCB,26129
26,93,21,0,140,PCM,71553
100,46,87,0,233,PCM,4707
68,81,0,27,176,PCB,45526
80,21,0,48,149,PCB,93158
55,22,0,52,129,PCB,126668
93,42,93,0,228,PCM,6152
42,26,85,0,153,PCM,55884
31,89,28,0,148,PCM,62167
67,95,78,0,240,PCM,3318
27,77,0,66,170,PCB,54704
21,86,0,68,175,PCB,48966
41,68,96,0,205,PCM,13074
86,46,61,0,193,PCM,19153
46,70,0,94,210,PCB,14335
100,22,41,0,163,PCM,44790
98,30,49,0,177,PCM,31512
72,37,0,76,185,PCB,36452
40,25,70,0,135,PCM,77980
28,39,41,0,108,PCM,102201
62,60,0,82,204,PCB,17960
93,61,0,50,204,PCB,19595
74,65,75,0,214,PCM,8938
23,55,26,0,104,PCM,102952
86,89,0,93,268,PCB,2165
36,69,0,87,192,PCB,28299
99,83,27,0,209,PCM,10542
84,53,28,0,165,PCM,42105
69,99,0,73,241,PCB,5950
67,83,0,58,208,PCB,17401
55,86,0,57,198,PCB,23663
67,96,0,98,261,PCB,755
98,53,82,0,233,PCM,4922
25,72,0,49,146,PCB,98911
25,35,33,0,93,PCM,108518
77,31,0,71,179,PCB,41558
55,26,94,0,175,PCM,31235
86,72,0,95,253,PCB,2016
94,30,0,78,202,PCB,19952
66,27,23,0,116,PCM,96042
31,42,25,0,98,PCM,106128
55,50,61,0,166,PCM,41281
89,69,32,0,190,PCM,20886
47,31,0,78,156,PCB,80633
33,56,52,0,141,PCM,69855
27,42,0,24,93,PCB,161504
88,92,37,0,217,PCM,6609
86,72,27,0,185,PCM,23766
42,66,0,99,207,PCB,18455
68,33,0,75,176,PCB,48037
54,92,0,96,242,PCB,5778
71,46,0,76,193,PCB,28989
79,90,80,0,249,PCM,1597
42,36,0,85,163,PCB,67754
69,32,33,0,134,PCM,77780
40,81,89,0,210,PCM,10907
71,51,42,0,164,PCM,44210
23,85,85,0,193,PCM,17711
91,52,0,27,170,PCB,57488
41,68,41,0,150,PCM,60548
92,71,21,0,184,PCM,24205
62,65,75,0,202,PCM,14516
80,49,34,0,163,PCM,44784
49,89,47,0,185,PCM,23983
61,49,0,97,207,PCB,15863
85,100,0,74,259,PCB,1082
62,66,33,0,161,PCM,45809
22,32,0,54,108,PCB,151852
84,90,0,21,195,PCB,24037
47,71,0,20,138,PCB,112356
49,56,39,0,144,PCM,67744
63,35,55,0,153,PCM,57193
96,57,0,25,178,PCB,44394
57,55,56,0,168,PCM,39145
62,93,38,0,193,PCM,18022
44,23,0,40,107,PCB,153374
58,95,0,28,181,PCB,41279
47,93,92,0,232,PCM,3631
44,49,0,78,171,PCB,52491
36,21,0,81,138,PCB,109863
66,90,88,0,244,PCM,3833
97,79,59,0,235,PCM,2952
80,57,0,50,187,PCB,33585
63,32,0,61,156,PCB,80919
40,86,66,0,192,PCM,17869
76,30,0,83,189,PCB,32069
42,56,87,0,185,PCM,23831
77,85,0,33,195,PCB,24606
46,71,62,0,179,PCM,29244
96,61,0,96,253,PCB,3797
30,59,0,73,162,PCB,67233
24,77,0,48,149,PCB,91604
32,91,0,74,197,PCB,22624
49,90,90,0,229,PCM,4968
81,65,54,0,200,PCM,14967
44,95,0,77,216,PCB,12603
28,22,72,0,122,PCM,89716
37,94,54,0,185,PCM,24635
63,34,0,89,186,PCB,36270
62,63,0,66,191,PCB,27813
53,80,35,0,168,PCM,38476
84,27,0,64,175,PCB,49133
30,46,41,0,117,PCM,95062
74,20,0,87,181,PCB,40628
42,71,0,69,182,PCB,38536
42,49,91,0,182,PCM,26128
71,82,38,0,191,PCM,19792
71,22,73,0,166,PCM,42257
84,87,33,0,204,PCM,12967
54,59,0,42,155,PCB,82461
76,88,86,0,250,PCM,1106
85,63,32,0,180,PCM,27740
84,75,60,0,219,PCM,6439
88,24,0,20,132,PCB,119736
89,92,81,0,262,PCM,1122
27,21,35,0,83,PCM,112813
39,46,0,36,121,PCB,136262
99,55,0,61,215,PCB,11610
74,77,0,43,194,PCB,25709
93,59,0,46,198,PCB,24014
92,47,81,0,220,PCM,5891
94,32,84,0,210,PCM,10527
67,74,81,0,222,PCM,6243
89,62,0,36,187,PCB,32812
93,44,65,0,202,PCM,12285
71,67,0,37,175,PCB,48394
41,71,56,0,168,PCM,40068
29,86,69,0,184,PCM,24168
26,76,0,99,201,PCB,19167
43,76,58,0,177,PCM,29885
77,41,0,21,139,PCB,110631
45,22,54,0,121,PCM,91484
21,42,23,0,86,PCM,112359
76,77,0,61,214,PCB,11931
60,48,0,44,152,PCB,86763
98,70,40,0,208,PCM,9894
54,75,0,91,220,PCB,12021
53,92,0,76,221,PCB,10750
84,95,0,84,263,PCB,1809
79,41,59,0,179,PCM,29318
93,67,0,51,211,PCB,15682
40,72,24,0,136,PCM,76073
82,60,48,0,190,PCM,19529
95,100,0,67,262,PCB,866
41,81,34,0,156,PCM,52221
62,62,99,0,223,PCM,5016
39,93,21,0,153,PCM,56240
57,45,0,73,175,PCB,48216
90,36,0,32,158,PCB,76727
27,22,0,98,147,PCB,95491
89,94,0,71,254,PCB,4179
80,81,0,99,260,PCB,3319
78,84,0,32,194,PCB,26291
73,60,91,0,224,PCM,6116
87,74,80,0,241,PCM,3379
54,57,0,52,163,PCB,67153
79,92,0,91,262,PCB,2861
74,31,84,0,189,PCM,21687
30,87,93,0,210,PCM,9764
41,29,95,0,165,PCM,42287
47,98,0,78,223,PCB,8336
27,98,100,0,225,PCM,4780
96,44,58,0,198,PCM,16136
61,27,0,58,146,PCB,96100
24,32,90,0,146,PCM,63658
33,33,26,0,92,PCM,109374
39,39,65,0,143,PCM,67582
92,40,29,0,161,PCM,46953
44,29,88,0,161,PCM,47128
93,70,85,0,248,PCM,2628
47,71,0,58,176,PCB,47420
94,28,0,22,144,PCB,102301
49,75,0,74,198,PCB,23238
26,43,0,77,146,PCB,97560
65,53,0,27,145,PCB,97407
35,34,0,70,139,PCB,107785
86,48,0,72,206,PCB,16581
89,75,73,0,237,PCM,2444
59,85,0,24,168,PCB,58085
37,93,44,0,174,PCM,33288
55,26,80,0,161,PCM,45999
90,86,0,30,206,PCB,15734
30,68,0,60,158,PCB,73978
44,39,79,0,162,PCM,46154
46,97,94,0,237,PCM,2793
39,35,98,0,172,PCM,34070
46,80,0,49,175,PCB,49289
83,78,90,0,251,PCM,3138
81,24,30,0,135,PCM,76835
35,90,0,76,201,PCB,19596
24,29,0,67,120,PCB,137812
20,92,63,0,175,PCM,33402
67,99,47,0,213,PCM,9195
37,25,28,0,90,PCM,109520
97,93,90,0,280,PCM,539
52,65,67,0,184,PCM,24887
94,62,0,85,241,PCB,3878
59,69,0,47,175,PCB,47637
62,80,0,93,235,PCB,7116
45,33,0,44,122,PCB,136261
39,72,0,87,198,PCB,24661
76,66,61,0,203,PCM,12116
95,97,0,84,276,PCB,1256
29,99,60,0,188,PCM,22125
33,28,52,0,113,PCM,97787
57,86,98,0,241,PCM,3894
33,28,0,89,150,PCB,90613
77,59,0,87,223,PCB,8697
68,76,21,0,165,PCM,43048
83,22,94,0,199,PCM,14635
37,34,0,41,112,PCB,147437
50,65,81,0,196,PCM,15247
69,94,0,66,229,PCB,7863
63,70,51,0,184,PCM,25159
38,25,59,0,122,PCM,89478
98,87,51,0,236,PCM,3927
50,77,83,0,210,PCM,9554
95,79,43,0,217,PCM,7062
90,75,82,0,247,PCM,2346
28,70,0,64,162,PCB,67868
41,43,57,0,141,PCM,71334
31,57,54,0,142,PCM,69326
99,28,77,0,204,PCM,12679
85,47,76,0,208,PCM,11646
44,98,0,82,224,PCB,7767
39,31,0,98,168,PCB,58478
43,74,23,0,140,PCM,71471
73,41,0,59,173,PCB,52893
57,32,89,0,178,PCM,28880
65,20,24,0,109,PCM,99851
44,42,0,97,183,PCB,39132
48,67,0,62,177,PCB,44368
96,53,0,45,194,PCB,26789
42,42,0,38,122,PCB,136118
51,82,39,0,172,PCM,34904
70,63,100,0,233,PCM,5089
98,33,0,58,189,PCB,29946
81,99,0,47,227,PCB,6415
38,89,0,32,159,PCB,72726
41,79,49,0,169,PCM,37693
71,50,0,22,143,PCB,104076
64,46,0,41,151,PCB,89563
55,72,0,80,207,PCB,17308
97,92,0,25,214,PCB,11140
78,87,26,0,191,PCM,18956
88,67,77,0,232,PCM,4256
74,32,62,0,168,PCM,39945
35,76,98,0,209,PCM,10038
33,46,0,66,145,PCB,97958
36,67,95,0,198,PCM,15333
83,100,0,95,278,PCB,1546
23,42,0,30,95,PCB,163690
86,80,27,0,193,PCM,17960
27,38,0,30,95,PCB,162687
92,94,59,0,245,PCM,1775
83,20,85,0,188,PCM,21146
31,65,75,0,171,PCM,35596
55,71,22,0,148,PCM,62528
22,38,0,48,108,PCB,150663
69,42,91,0,202,PCM,12689
23,24,84,0,131,PCM,82316
39,61,45,0,145,PCM,65153
25,23,65,0,113,PCM,98400
90,47,51,0,188,PCM,20393
34,98,20,0,152,PCM,57878
55,29,36,0,120,PCM,91186
35,98,0,72,205,PCB,19361
24,23,0,24,71,PCB,173541
45,40,0,28,113,PCB,147687
39,65,32,0,136,PCM,77319
89,80,0,99,268,PCB,1954
39,65,0,60,164,PCB,66448
78,41,0,75,194,PCB,26146
100,63,0,64,227,PCB,8422
91,68,40,0,199,PCM,14482
26,50,0,70,146,PCB,95971
29,27,98,0,154,PCM,54276
27,88,0,70,185,PCB,36045
80,32,0,28,140,PCB,106069
43,52,28,0,123,PCM,88594
83,43,43,0,169,PCM,38745
72,65,0,51,188,PCB,34044
90,42,75,0,207,PCM,11065
97,63,0,31,191,PCB,30442
66,99,0,95,260,PCB,683
83,72,0,43,198,PCB,21275
62,72,0,93,227,PCB,6752
91,48,100,0,239,PCM,2159
75,87,0,80,242,PCB,4719
91,70,39,0,200,PCM,13246
100,62,48,0,210,PCM,9307
70,62,64,0,196,PCM,16703
27,64,0,31,122,PCB,135884
36,79,0,81,196,PCB,23580
88,51,91,0,230,PCM,4258
67,74,41,0,182,PCM,25929
45,45,0,49,139,PCB,108400
75,61,0,54,190,PCB,31849
93,85,56,0,234,PCM,4809
84,29,96,0,209,PCM,9638
21,48,0,91,160,PCB,71235
52,23,91,0,166,PCM,41233
94,63,46,0,203,PCM,14028
34,96,0,67,197,PCB,24161
63,43,0,67,173,PCB,50780
55,49,0,81,185,PCB,35330
43,85,0,38,166,PCB,60808
34,76,92,0,202,PCM,14507
91,73,44,0,208,PCM,10325
73,34,81,0,188,PCM,21645
58,78,39,0,175,PCM,31788
61,79,0,59,199,PCB,23889
54,61,0,27,142,PCB,104415
87,50,88,0,225,PCM,5392
78,41,0,23,142,PCB,102824
34,35,51,0,120,PCM,92526
35,97,87,0,219,PCM,6287
22,83,0,70,175,PCB,49399
93,75,34,0,202,PCM,13726
99,50,53,0,202,PCM,13311
36,65,25,0,126,PCM,87136
38,90,0,64,192,PCB,26832
61,64,0,69,194,PCB,26420
45,88,0,75,208,PCB,15874
30,89,45,0,164,PCM,43182
95,88,0,38,221,PCB,8397
97,65,0,52,214,PCB,13962
89,33,83,0,205,PCM,10921
92,67,0,33,192,PCB,28682
74,70,72,0,216,PCM,9090
60,68,48,0,176,PCM,32242
31,71,55,0,157,PCM,52825
24,90,84,0,198,PCM,16273
38,79,90,0,207,PCM,11191
21,83,84,0,188,PCM,22449
100,45,0,40,185,PCB,35388
20,100,0,32,152,PCB,87329
54,67,100,0,221,PCM,5508
20,33,76,0,129,PCM,84203
59,46,54,0,159,PCM,48428
82,61,22,0,165,PCM,42604
37,32,0,43,112,PCB,146579
29,46,54,0,129,PCM,84166
51,94,0,47,192,PCB,27662
87,99,0,58,244,PCB,5036
68,47,61,0,176,PCM,31730
81,45,21,0,147,PCM,64079
100,82,0,97,279,PCB,2122
72,71,71,0,214,PCM,9685
34,70,0,25,129,PCB,123998
67,25,100,0,192,PCM,17870
22,89,0,100,211,PCB,14679
92,100,76,0,268,PCM,1743
52,53,77,0,182,PCM,25541
23,40,0,57,120,PCB,139761
54,89,0,60,203,PCB,20002
91,21,0,88,200,PCB,22416
61,52,0,62,175,PCB,49283
23,53,0,60,136,PCB,114464
72,26,0,86,184,PCB,37536
42,21,79,0,142,PCM,70523
71,44,0,62,177,PCB,46427
29,35,82,0,146,PCM,65093
28,99,0,27,154,PCB,82373
76,46,67,0,189,PCM,20920
27,89,31,0,147,PCM,62926
84,22,45,0,151,PCM,59954
77,90,0,49,216,PCB,11193
46,56,0,27,129,PCB,126104
20,28,28,0,76,PCM,114440
64,38,53,0,155,PCM,55191
74,83,97,0,254,PCM,1335
66,48,0,28,142,PCB,105809
92,78,0,50,220,PCB,9636
70,61,83,0,214,PCM,9512
81,88,39,0,208,PCM,10262
78,36,0,60,174,PCB,50241
53,98,45,0,196,PCM,15822
72,52,0,84,208,PCB,16095
85,46,0,40,171,PCB,54235
45,40,0,26,111,PCB,148725
43,81,40,0,164,PCM,44030
20,76,0,38,134,PCB,119185
35,66,0,81,182,PCB,37468
74,88,67,0,229,PCM,5906
41,54,0,63,158,PCB,74340
78,40,96,0,214,PCM,8245
72,36,0,70,178,PCB,46069
95,81,86,0,262,PCM,1649
58,49,92,0,199,PCM,14171
29,98,84,0,211,PCM,9048
49,38,0,84,171,PCB,53999
45,32,0,94,171,PCB,53844
66,32,0,27,125,PCB,130619
94,88,0,89,271,PCB,1426
63,59,67,0,189,PCM,21761
81,66,45,0,192,PCM,19332
64,97,0,31,192,PCB,29559
74,100,32,0,206,PCM,10569
51,56,0,75,182,PCB,37857
83,47,61,0,191,PCM,20670
67,54,46,0,167,PCM,39401
24,44,0,69,137,PCB,112210
65,25,37,0,127,PCM,86975
20,77,71,0,168,PCM,39739
51,70,23,0,144,PCM,68338
58,86,33,0,177,PCM,29914
22,84,0,24,130,PCB,124146
32,23,0,27,82,PCB,168590
60,72,0,36,168,PCB,60218
57,80,0,21,158,PCB,77493
94,20,96,0,210,PCM,8983
54,24,37,0,115,PCM,96612
43,47,86,0,176,PCM,30361
50,56,74,0,180,PCM,27158
92,77,0,41,210,PCB,13562
70,50,0,98,218,PCB,12321
51,22,27,0,100,PCM,105370
66,58,0,29,153,PCB,86251
78,52,54,0,184,PCM,24550
84,59,85,0,228,PCM,4537
41,98,70,0,209,PCM,10537
99,80,0,53,232,PCB,7557
90,67,0,65,222,PCB,8773
32,28,0,44,104,PCB,154040
39,54,0,22,115,PCB,145778
83,77,51,0,211,PCM,10115
92,99,98,0,289,PCM,1
97,97,36,0,230,PCM,4654
74,60,0,68,202,PCB,21532
67,46,50,0,163,PCM,45493
79,88,74,0,241,PCM,4096
20,59,99,0,178,PCM,29850
89,54,75,0,218,PCM,6699
58,75,31,0,164,PCM,44539
78,26,23,0,127,PCM,86931
81,68,60,0,209,PCM,9701
47,69,0,87,203,PCB,17931
77,74,0,90,241,PCB,5604
45,54,41,0,140,PCM,72863
64,66,73,0,203,PCM,13658
80,75,78,0,233,PCM,4225
70,23,43,0,136,PCM,75801
24,47,33,0,104,PCM,102469
32,87,0,56,175,PCB,49197
63,87,78,0,228,PCM,4407
73,51,0,73,197,PCB,23373
78,73,26,0,177,PCM,30308
50,38,79,0,167,PCM,41263
58,61,70,0,189,PCM,20470
80,81,75,0,236,PCM,4304
83,52,0,88,223,PCB,9771
48,98,84,0,230,PCM,5828
42,98,0,70,210,PCB,15752
79,73,76,0,228,PCM,4999
97,96,94,0,287,PCM,1303
70,93,60,0,223,PCM,7286
74,80,67,0,221,PCM,5495
73,99,0,85,257,PCB,2502
68,51,73,0,192,PCM,19936
95,49,0,75,219,PCB,9607
46,31,98,0,175,PCM,31519
28,61,79,0,168,PCM,38689
51,99,0,23,173,PCB,50979
68,37,0,95,200,PCB,20939
30,48,86,0,164,PCM,42700
25,79,0,39,143,PCB,104280
87,92,65,0,244,PCM,2926
90,79,61,0,230,PCM,5089
34,29,91,0,154,PCM,56248
45,45,77,0,167,PCM,39369
80,72,0,67,219,PCB,9224
75,27,0,32,134,PCB,116907
82,95,90,0,267,PCM,905
69,88,0,63,220,PCB,9766
60,45,0,81,186,PCB,32938
78,26,83,0,187,PCM,21420
74,27,72,0,173,PCM,34229
79,37,0,68,184,PCB,35809
55,84,39,0,178,PCM,28867
86,93,33,0,212,PCM,9278
70,67,0,54,191,PCB,29431
45,37,80,0,162,PCM,47046
27,96,55,0,178,PCM,29773
35,32,0,47,114,PCB,145126
38,67,0,93,198,PCB,23751
96,57,98,0,251,PCM,1228
54,99,40,0,193,PCM,19295
48,47,0,52,147,PCB,94280
41,76,0,26,143,PCB,103483
68,79,0,96,243,PCB,5599
93,31,61,0,185,PCM,23440
31,21,71,0,123,PCM,89350
47,71,23,0,141,PCM,69722
32,99,29,0,160,PCM,47761
76,79,0,50,205,PCB,16972
38,26,0,32,96,PCB,161354
97,51,0,38,186,PCB,34204
31,55,0,60,146,PCB,98215
69,43,0,56,168,PCB,57786
21,55,93,0,169,PCM,38116
92,94,0,27,213,PCB,11934
65,59,0,71,195,PCB,25359
58,50,54,0,162,PCM,45541
37,88,0,73,198,PCB,23649
74,88,78,0,240,PCM,3379
55,89,95,0,239,PCM,2409
33,58,60,0,151,PCM,58390
80,25,0,41,146,PCB,98813
50,62,47,0,159,PCM,49219
57,97,0,93,247,PCB,2650
54,42,26,0,122,PCM,90660
50,73,0,39,162,PCB,68084
97,49,22,0,168,PCM,40247
56,49,0,53,158,PCB,77375
96,87,0,70,253,PCB,1487
62,46,29,0,137,PCM,74542
69,57,34,0,160,PCM,48537
95,74,0,44,213,PCB,12188
51,32,26,0,109,PCM,99953
35,59,0,64,158,PCB,76867
31,22,0,92,145,PCB,100716
21,34,0,56,111,PCB,148751
21,43,26,0,90,PCM,110983
88,23,0,68,179,PCB,43031
32,62,0,74,168,PCB,58212
89,54,31,0,174,PCM,32486
78,80,0,72,230,PCB,5695
84,70,0,94,248,PCB,3255
61,20,40,0,121,PCM,91579
22,41,0,72,135,PCB,114681
38,58,0,50,146,PCB,96277
82,22,28,0,132,PCM,80230
53,66,69,0,188,PCM,20524
62,46,22,0,130,PCM,82472
85,22,0,60,167,PCB,62200
67,71,90,0,228,PCM,5880
46,27,48,0,121,PCM,90496
71,60,93,0,224,PCM,5975
23,95,0,97,215,PCB,12319
54,81,0,42,177,PCB,45868
91,55,0,43,189,PCB,31494
34,39,0,90,163,PCB,67918
64,25,92,0,181,PCM,28014
44,72,0,81,197,PCB,22406
73,57,0,68,198,PCB,23094
56,42,0,30,128,PCB,127773
59,62,94,0,215,PCM,8679
100,37,0,74,211,PCB,14316
52,47,94,0,193,PCM,17752
24,69,0,93,186,PCB,35419
89,47,0,92,228,PCB,9319
74,80,73,0,227,PCM,5701
96,71,0,44,211,PCB,15090
40,61,60,0,161,PCM,46155
70,43,0,70,183,PCB,39170
74,80,0,76,230,PCB,7662
40,83,37,0,160,PCM,49084
88,79,69,0,236,PCM,3972
82,24,37,0,143,PCM,68997
63,54,66,0,183,PCM,24410
93,39,34,0,166,PCM,41240
29,99,0,32,160,PCB,71396
51,88,33,0,172,PCM,36189
47,75,77,0,199,PCM,14021
46,70,0,61,177,PCB,46645
72,55,37,0,164,PCM,44756
72,81,0,46,199,PCB,23318
55,94,69,0,218,PCM,6245
34,59,0,87,180,PCB,41785
61,77,0,66,204,PCB,19303
51,31,81,0,163,PCM,44230
100,39,0,36,175,PCB,48555
93,50,94,0,237,PCM,2684
46,57,0,49,152,PCB,86273
21,25,28,0,74,PCM,114801
44,25,0,80,149,PCB,93127
58,33,0,60,151,PCB,87991
31,74,97,0,202,PCM,12798
75,84,96,0,255,PCM,2386
84,38,31,0,153,PCM,55676
85,31,0,64,180,PCB,41803
95,67,0,65,227,PCB,8407
56,97,67,0,220,PCM,6521
25,88,62,0,175,PCM,32842
89,62,52,0,203,PCM,13720
44,27,49,0,120,PCM,92596
76,29,0,66,171,PCB,55925
31,40,0,86,157,PCB,77039
67,85,0,46,198,PCB,22776
66,64,0,31,161,PCB,71469
43,53,84,0,180,PCM,27451
33,79,70,0,182,PCM,25457
34,77,50,0,161,PCM,47921
44,52,32,0,128,PCM,85572
25,52,0,86,163,PCB,66899
79,45,48,0,172,PCM,34008
36,59,0,88,183,PCB,38242
44,23,0,57,124,PCB,131575
83,65,85,0,233,PCM,3714
41,87,40,0,168,PCM,39179
68,35,0,35,138,PCB,112555
41,57,48,0,146,PCM,64173
21,70,0,85,176,PCB,47622
89,25,0,24,138,PCB,112328
80,70,0,82,232,PCB,6096
88,20,100,0,208,PCM,10891
62,37,71,0,170,PCM,36985
58,81,32,0,171,PCM,35211
75,44,39,0,158,PCM,50985
33,93,0,49,175,PCB,46871
50,47,51,0,148,PCM,62899
42,76,0,77,195,PCB,24306
63,90,0,58,211,PCB,15248
91,81,77,0,249,PCM,3122
28,24,0,57,109,PCB,150891
81,84,0,45,210,PCB,13623
22,26,90,0,138,PCM,75079
23,28,0,60,111,PCB,148952
56,56,82,0,194,PCM,16466
69,66,0,76,211,PCB,14731
47,29,37,0,113,PCM,96842
73,90,75,0,238,PCM,2551
59,72,0,56,187,PCB,33654
29,90,38,0,157,PCM,51936
37,27,76,0,140,PCM,70692
94,42,0,24,160,PCB,72529
50,51,78,0,179,PCM,29405
59,76,61,0,196,PCM,15479
52,33,0,49,134,PCB,116984
83,87,0,29,199,PCB,21153
40,75,71,0,186,PCM,22917
74,99,0,98,271,PCB,670
20,88,0,69,177,PCB,45841
48,66,0,70,184,PCB,37027
83,46,0,65,194,PCB,26324
52,73,0,96,221,PCB,10116
95,86,0,35,216,PCB,13469
82,56,0,21,159,PCB,74651
75,50,33,0,158,PCM,50592
100,63,52,0,215,PCM,7715
56,87,0,97,240,PCB,6103
64,89,41,0,194,PCM,18010
21,99,27,0,147,PCM,63307
45,80,0,83,208,PCB,16755
69,53,38,0,160,PCM,49226
69,45,89,0,203,PCM,12334
58,46,26,0,130,PCM,81815
89,46,0,60,195,PCB,24190
99,88,0,39,226,PCB,8719
99,92,0,63,254,PCB,3449
58,41,0,39,138,PCB,110442
71,25,56,0,152,PCM,56456
62,93,40,0,195,PCM,16796
45,66,0,97,208,PCB,15998
26,37,0,68,131,PCB,122208
82,74,0,67,223,PCB,7441
29,36,28,0,93,PCM,108356
50,80,0,90,220,PCB,10762
93,92,0,98,283,PCB,1876
59,63,0,90,212,PCB,12477
91,69,0,98,258,PCB,2549
50,95,0,94,239,PCB,3213
64,78,35,0,177,PCM,30847
59,43,0,52,154,PCB,82129
26,75,0,67,168,PCB,57509
80,43,27,0,150,PCM,60453
100,85,0,87,272,PCB,805
81,65,0,83,229,PCB,6025
83,56,53,0,192,PCM,19071
77,52,31,0,160,PCM,48633
64,25,0,92,181,PCB,41552
76,81,39,0,196,PCM,16017
42,70,53,0,165,PCM,42680
50,31,0,24,105,PCB,153040
89,64,73,0,226,PCM,5965
29,47,0,61,137,PCB,114324
41,94,94,0,229,PCM,5864
98,84,26,0,208,PCM,9836
64,33,84,0,181,PCM,26165
23,40,30,0,93,PCM,109720
89,25,27,0,141,PCM,70139
29,44,0,50,123,PCB,132599
52,70,0,25,147,PCB,95969
40,20,75,0,135,PCM,76403
63,71,68,0,202,PCM,13691
21,52,0,81,154,PCB,83354
44,92,0,73,209,PCB,16248
85,70,35,0,190,PCM,21266
64,24,49,0,137,PCM,76155
45,65,61,0,171,PCM,35068
42,32,45,0,119,PCM,93259
100,23,71,0,194,PCM,16697
99,85,0,53,237,PCB,5305
30,89,48,0,167,PCM,40412
22,94,42,0,158,PCM,51532
97,70,64,0,231,PCM,4704
72,67,0,95,234,PCB,5625
81,84,86,0,251,PCM,1681
29,98,0,86,213,PCB,11910
83,92,77,0,252,PCM,2153
91,74,0,70,235,PCB,7481
55,84,0,80,219,PCB,9922
73,80,48,0,201,PCM,13149
88,22,66,0,176,PCM,31919
100,62,81,0,243,PCM,2811
46,83,0,75,204,PCB,17491
57,76,0,90,223,PCB,7505
91,20,0,31,142,PCB,105860
60,88,0,72,220,PCB,11196
79,76,0,84,239,PCB,6159
83,33,54,0,170,PCM,38239
61,93,87,0,241,PCM,3527
57,30,0,40,127,PCB,129611
38,96,29,0,163,PCM,43923
25,21,96,0,142,PCM,69054
25,86,0,50,161,PCB,69788
39,78,78,0,195,PCM,18120
26,46,0,95,167,PCB,59136
72,82,54,0,208,PCM,10529
38,53,76,0,167,PCM,40433
53,81,39,0,173,PCM,34252
80,51,0,31,162,PCB,67575
92,93,0,71,256,PCB,2080
24,63,50,0,137,PCM,74936
66,40,0,29,135,PCB,116003
38,52,0,94,184,PCB,35976
65,26,71,0,162,PCM,45589
92,61,0,52,205,PCB,16480
54,50,0,35,139,PCB,109410
38,76,64,0,178,PCM,28441
25,27,74,0,126,PCM,87034
87,60,0,57,204,PCB,17722
75,95,64,0,234,PCM,3992
78,82,86,0,246,PCM,2252
65,88,0,70,223,PCB,9424
81,43,49,0,173,PCM,35350
86,64,0,61,211,PCB,13796
43,83,0,76,202,PCB,21164
30,45,0,66,141,PCB,105684
77,75,0,94,246,PCB,3194
44,29,0,96,169,PCB,57839
49,25,76,0,150,PCM,59755
39,29,0,41,109,PCB,150318
61,20,0,44,125,PCB,132547
22,92,64,0,178,PCM,30292
66,84,92,0,242,PCM,3836
22,27,0,70,119,PCB,140419
99,73,0,73,245,PCB,5040
78,91,90,0,259,PCM,847
94,62,47,0,203,PCM,13384
26,44,0,34,104,PCB,154208
83,67,0,72,222,PCB,7990
59,33,0,82,174,PCB,50865
97,46,0,58,201,PCB,19488
21,70,0,38,129,PCB,125958
79,90,0,54,223,PCB,7799
98,39,87,0,224,PCM,5241
64,55,0,86,205,PCB,18930
35,59,67,0,161,PCM,47934
77,79,0,32,188,PCB,30644
23,51,0,54,128,PCB,128680
64,70,46,0,180,PCM,27356
30,94,0,95,219,PCB,10795
83,29,0,93,205,PCB,16427
59,20,94,0,173,PCM,34814
90,65,0,38,193,PCB,27505
34,65,0,59,158,PCB,74223
51,81,0,61,193,PCB,26268
30,72,0,54,156,PCB,78107
57,57,98,0,212,PCM,10430
99,20,53,0,172,PCM,35893
35,59,43,0,137,PCM,76104
87,56,0,88,231,PCB,7228
52,38,96,0,186,PCM,22377
60,83,67,0,210,PCM,9983
93,41,92,0,226,PCM,6527
35,94,0,93,222,PCB,9734
22,74,85,0,181,PCM,28110
57,75,0,37,169,PCB,58931
93,73,0,86,252,PCB,1599
48,80,31,0,159,PCM,48917
31,24,71,0,126,PCM,86050
38,75,0,24,137,PCB,113714
80,98,0,85,263,PCB,226
85,56,0,47,188,PCB,32238
57,44,92,0,193,PCM,19004
73,72,79,0,224,PCM,5018
43,92,0,48,183,PCB,36793
40,71,43,0,154,PCM,54218
31,87,31,0,149,PCM,60528
81,57,0,48,186,PCB,33477
87,34,91,0,212,PCM,8956
21,60,44,0,125,PCM,88628
58,43,49,0,150,PCM,60255
21,63,0,92,176,PCB,45231
54,42,0,74,170,PCB,55704
93,79,45,0,217,PCM,8177
64,92,96,0,252,PCM,1670
64,59,0,84,207,PCB,17410
32,33,0,46,111,PCB,148304
29,72,0,63,164,PCB,66062
95,20,66,0,181,PCM,27415
20,34,0,53,107,PCB,152694
52,85,26,0,163,PCM,45393
65,54,40,0,159,PCM,50393
67,58,29,0,154,PCM,54686
65,100,26,0,191,PCM,19826
52,58,0,36,146,PCB,96471
30,55,0,30,115,PCB,144667
39,20,67,0,126,PCM,85816
28,44,0,95,167,PCB,62269
58,59,89,0,206,PCM,12366
83,84,93,0,260,PCM,486
41,85,97,0,223,PCM,6321
36,89,32,0,157,PCM,51671
78,98,57,0,233,PCM,3656
30,89,93,0,212,PCM,10059
41,27,74,0,142,PCM,69357
84,34,36,0,154,PCM,55463
39,56,0,44,139,PCB,110664
86,47,0,20,153,PCB,83522
63,32,98,0,193,PCM,18058
67,86,0,50,203,PCB,17709
44,91,69,0,204,PCM,13538
36,42,49,0,127,PCM,85544
50,20,35,0,105,PCM,104051
62,54,0,59,175,PCB,47072
66,93,67,0,226,PCM,5989
80,48,31,0,159,PCM,48501
29,34,0,42,105,PCB,154896
59,78,0,72,209,PCB,15670
65,88,0,68,221,PCB,11344
84,27,0,45,156,PCB,78454
49,52,97,0,198,PCM,14756
99,67,94,0,260,PCM,1504
74,40,88,0,202,PCM,12906
100,40,0,27,167,PCB,59148
23,64,46,0,133,PCM,80011
93,33,0,73,199,PCB,21241
96,63,0,98,257,PCB,1939
39,21,0,63,123,PCB,133125
66,28,20,0,114,PCM,97175
25,65,89,0,179,PCM,29476
89,96,43,0,228,PCM,5746
27,42,68,0,137,PCM,75771
56,37,0,51,144,PCB,100135
53,26,0,64,143,PCB,100872
23,70,0,89,182,PCB,39991
44,86,82,0,212,PCM,9642
41,68,26,0,135,PCM,76943
62,70,0,50,182,PCB,40774
62,20,0,37,119,PCB,141321
80,61,85,0,226,PCM,5697
36,82,54,0,172,PCM,36065
70,90,0,31,191,PCB,28415
83,44,26,0,153,PCM,57001
84,35,25,0,144,PCM,66187
57,88,0,47,192,PCB,28514
78,79,0,32,189,PCB,31171
54,94,0,84,232,PCB,6840
60,49,0,45,154,PCB,81025
87,55,0,77,219,PCB,9629
78,77,63,0,218,PCM,7700
22,44,0,77,143,PCB,101047
58,57,0,56,171,PCB,55538
47,89,35,0,171,PCM,35953
58,26,0,42,126,PCB,130802
51,52,99,0,202,PCM,13703
61,37,24,0,122,PCM,90524
39,37,0,59,135,PCB,114540
43,48,29,0,120,PCM,91098
95,63,86,0,244,PCM,1945
63,51,0,60,174,PCB,51320
86,63,0,20,169,PCB,58342
44,34,58,0,136,PCM,76945
31,79,0,23,133,PCB,120494
21,89,44,0,154,PCM,54144
33,21,73,0,127,PCM,84614
51,74,23,0,148,PCM,62020
57,44,0,73,174,PCB,50686
83,53,0,66,202,PCB,19932
93,44,50,0,187,PCM,22821
91,21,75,0,187,PCM,22812
37,21,0,21,79,PCB,170877
64,81,69,0,214,PCM,7687
75,90,0,50,215,PCB,12313
41,81,0,21,143,PCB,100815
98,27,77,0,202,PCM,13560
39,56,0,39,134,PCB,118249
88,65,72,0,225,PCM,5856
37,77,35,0,149,PCM,61409
51,44,56,0,151,PCM,58525
25,39,94,0,158,PCM,49468
44,93,89,0,226,PCM,5929
26,68,0,100,194,PCB,24990
99,78,86,0,263,PCM,2095
97,60,82,0,239,PCM,2254
31,50,80,0,161,PCM,46330
66,74,90,0,230,PCM,4165
75,83,78,0,236,PCM,2734
37,65,0,95,197,PCB,22311
80,58,46,0,184,PCM,24105
75,88,0,74,237,PCB,4781
66,80,0,23,169,PCB,58443
89,62,0,56,207,PCB,16352
74,50,0,42,166,PCB,63073
36,30,56,0,122,PCM,89515
79,21,77,0,177,PCM,29778
61,30,71,0,162,PCM,44982
43,79,40,0,162,PCM,44801
57,94,0,41,192,PCB,29730
21,31,0,29,81,PCB,170515
62,33,0,97,192,PCB,29008
37,28,0,67,132,PCB,120465
93,85,0,66,244,PCB,5059
84,41,0,55,180,PCB,41131
76,70,66,0,212,PCM,8289
98,34,0,37,169,PCB,56343
56,91,0,64,211,PCB,16209
44,84,0,50,178,PCB,43820
64,45,40,0,149,PCM,61452
70,61,0,70,201,PCB,19533
61,72,41,0,174,PCM,33986
41,44,84,0,169,PCM,38186
47,86,69,0,202,PCM,13319
76,90,44,0,210,PCM,10109
27,95,40,0,162,PCM,45643
88,48,35,0,171,PCM,35124
50,39,72,0,161,PCM,46204
50,75,0,51,176,PCB,47260
88,32,0,20,140,PCB,107229
51,21,0,37,109,PCB,151510
43,73,0,38,154,PCB,84484
67,25,94,0,186,PCM,23479
21,72,50,0,143,PCM,69237
32,65,0,91,188,PCB,33381
63,59,78,0,200,PCM,14983
52,83,32,0,167,PCM,39675
83,38,96,0,217,PCM,6883
81,60,100,0,241,PCM,2748
29,62,79,0,170,PCM,36079
27,48,20,0,95,PCM,106918
71,89,0,27,187,PCB,35175
67,82,75,0,224,PCM,6904
34,78,0,100,212,PCB,13506
82,21,0,70,173,PCB,51142
65,66,0,81,212,PCB,15434
66,43,0,27,136,PCB,115606
43,28,84,0,155,PCM,54631
68,36,42,0,146,PCM,63763
64,90,55,0,209,PCM,10378
21,51,26,0,98,PCM,106177
72,77,0,75,224,PCB,10071
55,57,0,35,147,PCB,97177
23,32,0,29,84,PCB,168985
95,54,40,0,189,PCM,20597
67,34,67,0,168,PCM,38318
79,64,0,64,207,PCB,15699
90,22,0,36,148,PCB,93132
76,51,66,0,193,PCM,18754
90,51,0,53,194,PCB,25029
54,51,0,99,204,PCB,19697
43,54,95,0,192,PCM,18724
99,40,90,0,229,PCM,5349
87,41,45,0,173,PCM,35074
77,52,58,0,187,PCM,22268
80,59,0,53,192,PCB,27181
72,67,52,0,191,PCM,19634
57,36,89,0,182,PCM,25208
79,82,0,27,188,PCB,33527
28,41,47,0,116,PCM,96027
28,62,74,0,164,PCM,43202
50,46,0,96,192,PCB,28914
44,91,0,90,225,PCB,7755
36,56,95,0,187,PCM,22637
76,100,0,94,270,PCB,764
71,87,95,0,253,PCM,1389
97,58,26,0,181,PCM,26736
100,47,44,0,191,PCM,19134
58,48,25,0,131,PCM,81819
29,89,56,0,174,PCM,33789
44,92,0,72,208,PCB,17135
88,96,0,91,275,PCB,1
71,21,60,0,152,PCM,58077
72,90,0,23,185,PCB,35605
78,24,42,0,144,PCM,67870
32,55,0,86,173,PCB,50020
70,95,52,0,217,PCM,8063
52,49,0,64,165,PCB,63398
26,97,97,0,220,PCM,7621
59,98,0,98,255,PCB,2906
72,31,68,0,171,PCM,35486
99,91,0,47,237,PCB,4196
57,90,49,0,196,PCM,16195
49,20,0,23,92,PCB,163614
20,59,35,0,114,PCM,96694
45,69,0,82,196,PCB,24868
21,80,85,0,186,PCM,21893
74,87,82,0,243,PCM,3043
61,38,0,74,173,PCB,51629
56,68,0,63,187,PCB,34151
33,74,98,0,205,PCM,11428
87,46,25,0,158,PCM,51487
75,68,42,0,185,PCM,24014
54,80,97,0,231,PCM,3748
65,97,0,99,261,PCB,985
58,69,75,0,202,PCM,12654
26,79,0,64,169,PCB,57716
86,91,0,76,253,PCB,3944
63,84,72,0,219,PCM,7735
100,76,0,100,276,PCB,1
85,81,0,66,232,PCB,8001
29,61,0,64,154,PCB,81065
75,79,0,90,244,PCB,5458
67,23,35,0,125,PCM,88517
54,61,53,0,168,PCM,39665
50,26,69,0,145,PCM,65072
35,37,69,0,141,PCM,70322
97,39,23,0,159,PCM,49105
21,63,31,0,115,PCM,96494
22,63,0,49,134,PCB,118074
81,35,56,0,172,PCM,35116
35,86,82,0,203,PCM,13459
49,43,0,65,157,PCB,76393
95,23,80,0,198,PCM,14883
25,85,0,78,188,PCB,33877
43,90,0,44,177,PCB,47130
57,73,77,0,207,PCM,10139
86,22,0,26,134,PCB,118711
50,58,47,0,155,PCM,53643
69,94,27,0,190,PCM,21080
26,32,71,0,129,PCM,84765
80,41,45,0,166,PCM,42502
41,79,61,0,181,PCM,25906
26,89,0,50,165,PCB,62318
31,41,0,39,111,PCB,147124
96,43,100,0,239,PCM,2794
41,30,52,0,123,PCM,89626
83,20,0,96,199,PCB,23747
82,73,0,33,188,PCB,30535
77,21,63,0,161,PCM,47769
24,71,44,0,139,PCM,72057
46,41,0,42,129,PCB,125226
58,89,0,90,237,PCB,4903
35,72,0,36,143,PCB,101200
93,64,90,0,247,PCM,2547
85,66,0,43,194,PCB,28131
87,44,38,0,169,PCM,37238
86,78,49,0,213,PCM,9740
86,70,0,83,239,PCB,3500
55,38,92,0,185,PCM,23657
78,27,0,94,199,PCB,23070
65,24,93,0,182,PCM,25545
88,47,0,70,205,PCB,17421
42,24,0,43,109,PCB,149478
30,24,26,0,80,PCM,114289
20,40,97,0,157,PCM,52456
90,88,0,50,228,PCB,8648
81,36,0,37,154,PCB,82849
71,86,46,0,203,PCM,12946
39,99,0,23,161,PCB,70460
60,87,0,41,188,PCB,31515
98,60,86,0,244,PCM,3669
55,27,55,0,137,PCM,74957
22,45,60,0,127,PCM,84895
54,25,0,49,128,PCB,128580
82,99,0,51,232,PCB,6041
46,26,66,0,138,PCM,74603
86,63,97,0,246,PCM,2080
73,36,0,22,131,PCB,123916
35,24,0,71,130,PCB,125563
80,46,61,0,187,PCM,23221
70,81,0,23,174,PCB,49740
67,81,0,93,241,PCB,4165
41,58,83,0,182,PCM,26602
32,31,70,0,133,PCM,79733
57,48,0,70,175,PCB,47132
41,44,66,0,151,PCM,59389
44,98,0,91,233,PCB,6981
53,37,42,0,132,PCM,80310
22,76,26,0,124,PCM,87997
43,87,62,0,192,PCM,18506
55,36,27,0,118,PCM,93908
59,38,48,0,145,PCM,66938
93,97,0,45,235,PCB,7456
86,74,0,52,212,PCB,15564
25,99,0,64,188,PCB,31055
38,50,0,60,148,PCB,94057
68,64,0,95,227,PCB,6994
100,64,0,31,195,PCB,25869
62,59,0,26,147,PCB,93636
60,87,67,0,214,PCM,9721
60,85,0,23,168,PCB,58190
69,72,0,27,168,PCB,58894
21,84,0,77,182,PCB,39496
39,44,0,41,124,PCB,132666
87,90,86,0,263,PCM,1149
57,33,0,25,115,PCB,143324
97,91,44,0,232,PCM,3505
83,59,0,94,236,PCB,6239
91,39,28,0,158,PCM,50856
91,80,43,0,214,PCM,8699
95,67,24,0,186,PCM,22170
22,90,0,48,160,PCB,72136
27,21,82,0,130,PCM,82147
92,48,60,0,200,PCM,15442
66,66,44,0,176,PCM,32391
88,70,78,0,236,PCM,2881
34,33,50,0,117,PCM,95500
39,90,0,57,186,PCB,33214
21,87,0,85,193,PCB,29129
41,74,0,79,194,PCB,26639
97,93,39,0,229,PCM,4528
47,71,76,0,194,PCM,17992
94,53,88,0,235,PCM,4465
48,65,56,0,169,PCM,38477
20,55,0,40,115,PCB,145180
40,85,43,0,168,PCM,38353
55,22,0,45,122,PCB,136322
43,92,80,0,215,PCM,7896
53,91,0,96,240,PCB,4538
49,30,83,0,162,PCM,45581
24,79,0,29,132,PCB,120097
43,24,69,0,136,PCM,75837
93,42,0,61,196,PCB,25639
24,92,0,53,169,PCB,58561
92,68,0,37,197,PCB,23175
25,45,0,91,161,PCB,69276
99,40,26,0,165,PCM,43144
81,56,0,42,179,PCB,41979
36,20,0,68,124,PCB,132669
54,38,87,0,179,PCM,28210
100,53,0,78,231,PCB,5637
75,94,0,97,266,PCB,2594
100,63,0,22,185,PCB,36856
74,100,0,78,252,PCB,2653
42,57,0,61,160,PCB,73868
40,76,42,0,158,PCM,50193
71,20,68,0,159,PCM,48666
76,38,0,97,211,PCB,14383
42,24,0,42,108,PCB,153371
25,90,0,23,138,PCB,111100
63,37,59,0,159,PCM,48653
96,62,36,0,194,PCM,18103
47,34,94,0,175,PCM,32735
54,83,0,75,212,PCB,12944
90,26,28,0,144,PCM,67721
49,63,71,0,183,PCM,24728
99,46,48,0,193,PCM,17891
79,88,81,0,248,PCM,2850
62,58,0,50,170,PCB,56851
62,53,0,81,196,PCB,23414
74,67,0,44,185,PCB,34275
26,42,0,86,154,PCB,83814
44,27,0,89,160,PCB,73096
89,32,0,38,159,PCB,74065
23,37,57,0,117,PCM,93839
96,92,26,0,214,PCM,9409
27,98,40,0,165,PCM,42818
68,42,0,37,147,PCB,94046
30,82,71,0,183,PCM,25321
81,88,61,0,230,PCM,4966
85,81,64,0,230,PCM,4878
81,49,0,28,158,PCB,77515
49,34,78,0,161,PCM,47922
36,24,36,0,96,PCM,107199
91,49,0,87,227,PCB,7735
40,20,37,0,97,PCM,106536
85,74,82,0,241,PCM,3067
75,74,58,0,207,PCM,12134
83,82,29,0,194,PCM,17814
55,54,0,34,143,PCB,101852
45,20,0,32,97,PCB,159247
80,64,0,88,232,PCB,7968
99,93,0,92,284,PCB,1499
99,80,0,64,243,PCB,2962
24,40,0,37,101,PCB,156331
85,87,84,0,256,PCM,2900
62,76,37,0,175,PCM,31141
42,31,0,67,140,PCB,106986
54,67,0,54,175,PCB,48878
53,52,47,0,152,PCM,57890
22,92,80,0,194,PCM,17899
73,24,0,56,153,PCB,83496
44,81,68,0,193,PCM,19182
62,30,46,0,138,PCM,75106
75,37,84,0,196,PCM,15599
79,63,56,0,198,PCM,14282
28,92,82,0,202,PCM,14108
58,39,0,26,123,PCB,135531
29,95,0,26,150,PCB,90394
95,49,0,50,194,PCB,27073
73,60,0,73,206,PCB,18615
85,68,0,50,203,PCB,18976
90,64,0,98,252,PCB,3463
97,88,0,60,245,PCB,2975
66,65,31,0,162,PCM,46349
31,64,40,0,135,PCM,76720
45,93,90,0,228,PCM,4926
45,39,45,0,129,PCM,83285
51,58,41,0,150,PCM,58951
83,43,22,0,148,PCM,61962
33,63,96,0,192,PCM,19166
69,70,0,36,175,PCB,48605
69,80,39,0,188,PCM,21134
50,55,50,0,155,PCM,54545
51,71,0,86,208,PCB,16499
93,31,0,90,214,PCB,14661
83,93,0,70,246,PCB,3093
31,84,55,0,170,PCM,36665
65,98,0,81,244,PCB,2970
57,72,0,68,197,PCB,22776
23,44,96,0,163,PCM,44883
86,85,24,0,195,PCM,16201
83,77,64,0,224,PCM,5132
58,92,91,0,241,PCM,2651
29,29,0,57,115,PCB,144730
62,91,0,97,250,PCB,1855
90,77,47,0,214,PCM,8611
28,61,0,84,173,PCB,52486
66,71,0,93,230,PCB,7822
24,39,0,87,150,PCB,89112
82,84,0,44,210,PCB,14993
98,93,55,0,246,PCM,3208
56,78,0,68,202,PCB,20200
74,85,39,0,198,PCM,15655
89,58,50,0,197,PCM,15213
96,90,0,42,228,PCB,6359
39,66,61,0,166,PCM,40748
74,51,0,68,193,PCB,27749
81,38,71,0,190,PCM,19424
49,49,65,0,163,PCM,45854
83,21,0,22,126,PCB,131147
37,27,28,0,92,PCM,108072
40,28,37,0,105,PCM,103539
29,41,0,43,113,PCB,145355
95,88,94,0,277,PCM,53
94,69,52,0,215,PCM,9384
47,29,26,0,102,PCM,104649
88,27,0,86,201,PCB,19900
71,83,0,88,242,PCB,4402
94,96,0,37,227,PCB,7705
25,31,0,54,110,PCB,150740
60,85,84,0,229,PCM,5663
45,77,0,36,158,PCB,77245
42,59,62,0,163,PCM,44819
20,89,53,0,162,PCM,47002
65,90,0,58,213,PCB,13120
71,100,0,23,194,PCB,25337
87,71,95,0,253,PCM,1033
75,97,52,0,224,PCM,7050
33,55,27,0,115,PCM,96235
84,63,92,0,239,PCM,2595
47,90,40,0,177,PCM,31100
85,72,0,25,182,PCB,37535
64,53,93,0,210,PCM,9815
34,53,0,60,147,PCB,94436
38,86,0,76,200,PCB,20413
48,88,0,27,163,PCB,65864
89,63,0,84,236,PCB,4892
66,20,0,74,160,PCB,72157
97,20,34,0,151,PCM,58213
35,92,97,0,224,PCM,5684
64,63,0,42,169,PCB,57418
77,62,0,80,219,PCB,12274
24,56,58,0,138,PCM,73049
96,87,0,46,229,PCB,8489
87,51,0,68,206,PCB,17108
52,35,27,0,114,PCM,96095
47,23,43,0,113,PCM,97649
27,41,0,60,128,PCB,125804
59,80,0,24,163,PCB,68634
22,96,0,28,146,PCB,97442
61,60,50,0,171,PCM,35971
97,97,70,0,264,PCM,73
90,54,0,98,242,PCB,5465
52,66,0,51,169,PCB,55719
80,85,48,0,213,PCM,9344
91,49,0,50,190,PCB,30086
44,80,0,88,212,PCB,14795
77,26,0,94,197,PCB,22659
34,47,0,70,151,PCB,89171
92,28,61,0,181,PCM,26426
25,50,76,0,151,PCM,59582
84,83,33,0,200,PCM,13848
48,34,39,0,121,PCM,91001
27,85,0,99,211,PCB,12795
38,50,31,0,119,PCM,92169
81,47,0,98,226,PCB,7573
87,36,72,0,195,PCM,17568
52,35,0,62,149,PCB,91457
67,57,70,0,194,PCM,16917
83,95,89,0,267,PCM,1367
33,67,86,0,186,PCM,22068
59,56,0,90,205,PCB,19182
99,78,0,50,227,PCB,8017
27,36,68,0,131,PCM,80644
71,50,56,0,177,PCM,30179
82,57,0,27,166,PCB,62978
77,24,0,72,173,PCB,49761
21,96,0,93,210,PCB,13844
93,82,0,85,260,PCB,3973
35,68,96,0,199,PCM,14767
33,65,81,0,179,PCM,28737
89,67,0,88,244,PCB,4481
90,69,82,0,241,PCM,3596
21,68,0,26,115,PCB,145870
41,24,0,36,101,PCB,157174
79,31,62,0,172,PCM,35951
26,97,95,0,218,PCM,7226
56,66,0,24,146,PCB,96488
81,93,67,0,241,PCM,3292
24,85,89,0,198,PCM,16064
92,22,0,49,163,PCB,68020
29,87,0,87,203,PCB,17804
29,33,0,78,140,PCB,107944
64,25,0,22,111,PCB,149052
75,42,99,0,216,PCM,7581
76,57,0,70,203,PCB,18139
62,41,89,0,192,PCM,19979
30,34,0,90,154,PCB,84092
26,86,0,70,182,PCB,39541
49,47,0,74,170,PCB,55980
45,67,0,70,182,PCB,37998
81,69,43,0,193,PCM,18158
83,97,69,0,249,PCM,1369
40,81,0,32,153,PCB,84667
63,85,0,38,186,PCB,35736
80,94,0,83,257,PCB,862
81,89,20,0,190,PCM,20567
78,58,51,0,187,PCM,23287
84,48,0,72,204,PCB,19542
43,87,73,0,203,PCM,13563
81,83,66,0,230,PCM,4419
42,36,0,77,155,PCB,82041
77,46,93,0,216,PCM,7805
59,39,28,0,126,PCM,87846
77,49,0,97,223,PCB,10213
92,50,29,0,171,PCM,36184
75,65,77,0,217,PCM,7793
87,30,50,0,167,PCM,39306
78,66,49,0,193,PCM,18741
89,87,0,96,272,PCB,2810
22,53,0,69,144,PCB,100410
68,37,37,0,142,PCM,69223
66,54,0,69,189,PCB,30154
47,24,0,45,116,PCB,142372
37,60,58,0,155,PCM,53057
59,22,0,40,121,PCB,137539
87,53,94,0,234,PCM,3972
60,87,0,78,225,PCB,8132
82,100,24,0,206,PCM,10394
62,78,29,0,169,PCM,38625
32,24,0,29,85,PCB,166058
83,88,53,0,224,PCM,4814
46,92,34,0,172,PCM,34801
60,83,0,42,185,PCB,35780
70,24,0,63,157,PCB,76885
32,70,71,0,173,PCM,35221
74,24,50,0,148,PCM,61656
41,94,91,0,226,PCM,5835
62,60,54,0,176,PCM,32454
97,56,37,0,190,PCM,20770
53,67,35,0,155,PCM,54280
63,75,0,59,197,PCB,24502
87,79,83,0,249,PCM,1957
76,54,83,0,213,PCM,9209
65,52,83,0,200,PCM,15266
95,65,0,21,181,PCB,38864
56,85,47,0,188,PCM,20808
26,37,27,0,90,PCM,109478
65,69,28,0,162,PCM,45280
94,72,67,0,233,PCM,5280
64,91,85,0,240,PCM,2592
70,80,54,0,204,PCM,11998
53,25,44,0,122,PCM,89877
35,72,40,0,147,PCM,64030
33,21,0,87,141,PCB,106517
50,78,0,29,157,PCB,77495
54,98,29,0,181,PCM,26796
23,85,21,0,129,PCM,84809
27,20,83,0,130,PCM,82610
94,84,0,86,264,PCB,1760
39,89,43,0,171,PCM,35042
34,32,69,0,135,PCM,77340
55,90,0,23,168,PCB,60637
71,72,60,0,203,PCM,12445
22,37,0,22,81,PCB,170687
82,26,27,0,135,PCM,78591
82,21,0,76,179,PCB,44451
80,84,0,75,239,PCB,6416
88,40,88,0,216,PCM,6874
27,80,0,60,167,PCB,59326
87,100,0,43,230,PCB,7172
63,80,0,96,239,PCB,5972
47,47,95,0,189,PCM,20454
43,100,0,60,203,PCB,20874
88,25,43,0,156,PCM,53173
30,74,63,0,167,PCM,40553
29,51,96,0,176,PCM,32061
84,39,0,72,195,PCB,25107
48,23,0,72,143,PCB,104171
79,78,0,93,250,PCB,3501
97,86,0,88,271,PCB,2612
71,73,0,87,231,PCB,7487
58,70,98,0,226,PCM,5426
25,54,79,0,158,PCM,51343
38,98,92,0,228,PCM,4430
37,20,0,29,86,PCB,165807
40,99,97,0,236,PCM,4220
69,80,73,0,222,PCM,5908
53,98,0,79,230,PCB,6599
23,82,0,43,148,PCB,92519
98,63,0,50,211,PCB,14372
68,65,84,0,217,PCM,7456
86,78,0,76,240,PCB,5381
46,89,0,92,227,PCB,6215
83,60,66,0,209,PCM,11203
93,77,0,32,202,PCB,18734
42,84,62,0,188,PCM,21084
42,41,75,0,158,PCM,49782
100,67,100,0,267,PCM,870
26,69,84,0,179,PCM,27995
90,43,0,39,172,PCB,54417
23,61,44,0,128,PCM,85796
24,89,0,22,135,PCB,115871
43,26,36,0,105,PCM,103325
100,71,85,0,256,PCM,1610
91,40,0,32,163,PCB,67541
46,50,0,86,182,PCB,37369
97,23,0,42,162,PCB,67818
39,66,0,62,167,PCB,59137
62,65,0,52,179,PCB,44617
38,22,0,93,153,PCB,85571
45,90,0,51,186,PCB,34280
26,93,32,0,151,PCM,57685
55,63,0,67,185,PCB,37030
72,75,0,55,202,PCB,20952
56,39,66,0,161,PCM,46449
63,68,70,0,201,PCM,14784
60,37,0,45,142,PCB,103606
69,81,0,24,174,PCB,49766
83,84,0,63,230,PCB,8058
61,27,69,0,157,PCM,51870
79,52,0,34,165,PCB,63149
58,48,0,87,193,PCB,28776
100,57,0,94,251,PCB,4678
72,79,0,34,185,PCB,34950
93,84,73,0,250,PCM,1235
44,90,39,0,173,PCM,33090
56,86,0,38,180,PCB,41677
29,86,0,44,159,PCB,73980
75,48,41,0,164,PCM,44060
68,53,54,0,175,PCM,32490
38,92,0,28,158,PCB,77490
45,92,74,0,211,PCM,9043
65,52,0,60,177,PCB,46592
64,39,67,0,170,PCM,37031
31,49,38,0,118,PCM,92766
22,33,0,55,110,PCB,150263
41,68,0,38,147,PCB,94691
51,28,0,37,116,PCB,142346
83,71,66,0,220,PCM,7534
50,79,96,0,225,PCM,6801
55,69,53,0,177,PCM,29319
63,38,89,0,190,PCM,20799
56,93,70,0,219,PCM,6597
94,72,67,0,233,PCM,4696
69,52,0,77,198,PCB,22961
36,80,100,0,216,PCM,8057
75,75,100,0,250,PCM,3219
40,70,0,39,149,PCB,90902
22,85,0,27,134,PCB,119339
30,62,0,69,161,PCB,69385
88,52,86,0,226,PCM,5274
50,70,0,91,211,PCB,15763
83,87,0,57,227,PCB,6927
31,81,0,57,169,PCB,58364
43,86,0,81,210,PCB,14499
57,33,59,0,149,PCM,61534
51,24,0,24,99,PCB,158396
66,40,77,0,183,PCM,25376
24,42,0,43,109,PCB,151310
88,94,0,100,282,PCB,1
97,46,37,0,180,PCM,28051
44,62,31,0,137,PCM,75700
74,61,27,0,162,PCM,44884
75,99,60,0,234,PCM,3759
68,100,84,0,252,PCM,3168
79,98,26,0,203,PCM,12282
36,64,41,0,141,PCM,70722
56,39,50,0,145,PCM,65589
90,72,82,0,244,PCM,1712
91,74,0,84,249,PCB,3383
98,32,94,0,224,PCM,5883
47,48,42,0,137,PCM,75111
49,23,0,26,98,PCB,158282
95,81,88,0,264,PCM,557
68,20,35,0,123,PCM,88430
69,89,92,0,250,PCM,3077
47,53,82,0,182,PCM,26870
37,32,70,0,139,PCM,74094
82,75,69,0,226,PCM,4787
56,82,0,53,191,PCB,29040
62,43,90,0,195,PCM,16639
41,80,0,50,171,PCB,56011
62,80,25,0,167,PCM,39687
92,99,22,0,213,PCM,7805
99,85,33,0,217,PCM,7880
35,41,74,0,150,PCM,59008
65,76,0,50,191,PCB,27874
52,96,98,0,246,PCM,3391
37,80,0,35,152,PCB,87910
91,63,0,81,235,PCB,5361
97,28,35,0,160,PCM,47165
53,81,52,0,186,PCM,23423
67,35,0,70,172,PCB,54550
85,84,84,0,253,PCM,2371
75,64,37,0,176,PCM,31951
55,95,74,0,224,PCM,5293
26,100,0,92,218,PCB,9522
99,99,0,69,267,PCB,2314
98,33,0,69,200,PCB,23120
74,26,0,87,187,PCB,32110
92,97,35,0,224,PCM,5419
83,72,46,0,201,PCM,14014
63,59,0,79,201,PCB,22381
50,75,79,0,204,PCM,12404
64,92,45,0,201,PCM,14908
74,38,0,29,141,PCB,106386
74,56,0,23,153,PCB,84324
91,36,0,91,218,PCB,9916
34,26,0,24,84,PCB,168998
61,59,0,45,165,PCB,65395
99,94,80,0,273,PCM,1020
57,91,40,0,188,PCM,22061
53,20,0,28,101,PCB,158315
43,26,38,0,107,PCM,102340
45,54,46,0,145,PCM,65769
60,22,89,0,171,PCM,35958
99,95,0,54,248,PCB,3984
47,93,81,0,221,PCM,6782
60,36,0,98,194,PCB,26054
48,83,48,0,179,PCM,28583
81,90,87,0,258,PCM,1049
71,34,0,85,190,PCB,29434
24,70,38,0,132,PCM,81168
94,80,0,20,194,PCB,26527
99,100,30,0,229,PCM,4899
99,37,0,79,215,PCB,13892
67,34,0,100,201,PCB,21223
56,57,47,0,160,PCM,47553
54,78,94,0,226,PCM,5800
55,54,0,96,205,PCB,17013
32,40,51,0,123,PCM,89841
61,29,45,0,135,PCM,76647
28,58,88,0,174,PCM,33144
97,81,0,84,262,PCB,878
54,32,72,0,158,PCM,50241
43,25,0,31,99,PCB,158089
75,88,0,45,208,PCB,15354
43,99,60,0,202,PCM,13860
93,64,81,0,238,PCM,2278
77,36,0,44,157,PCB,76335
57,34,45,0,136,PCM,77445
55,61,0,83,199,PCB,23326
48,92,26,0,166,PCM,42410
59,60,61,0,180,PCM,27813
91,95,0,34,220,PCB,11243
36,78,80,0,194,PCM,17908
49,70,99,0,218,PCM,7237
54,24,0,28,106,PCB,152056
33,44,58,0,135,PCM,76583
93,100,37,0,230,PCM,5774
66,37,0,28,131,PCB,123247
49,87,0,99,235,PCB,4871
42,32,0,99,173,PCB,52778
79,58,0,44,181,PCB,41258
60,61,93,0,214,PCM,8922
95,67,83,0,245,PCM,2694
44,58,0,84,186,PCB,32957
30,34,97,0,161,PCM,46991
67,28,0,69,164,PCB,64865
35,21,0,70,126,PCB,131171
28,87,0,66,181,PCB,41814
61,96,0,44,201,PCB,19922
66,44,62,0,172,PCM,35868
54,91,70,0,215,PCM,8501
83,99,0,86,268,PCB,2096
52,47,22,0,121,PCM,91557
69,50,0,78,197,PCB,25238
99,77,28,0,204,PCM,12744
80,34,0,100,214,PCB,11863
70,61,38,0,169,PCM,37080
65,54,78,0,197,PCM,15012
93,42,38,0,173,PCM,35145
26,97,0,54,177,PCB,46417
29,47,23,0,99,PCM,107298
87,84,25,0,196,PCM,16552
98,56,93,0,247,PCM,2294
71,50,0,72,193,PCB,25554
98,94,0,78,270,PCB,2677
83,49,0,40,172,PCB,54093
47,93,0,62,202,PCB,18817
57,67,0,46,170,PCB,56675
31,46,0,84,161,PCB,68936
85,58,0,36,179,PCB,44147
66,64,0,30,160,PCB,71257
23,82,0,97,202,PCB,21278
30,90,0,84,204,PCB,17656
92,35,94,0,221,PCM,7041
99,92,0,38,229,PCB,8318
68,87,0,49,204,PCB,17889
55,32,0,94,181,PCB,41808
46,38,0,52,136,PCB,113729
54,91,40,0,185,PCM,24144
24,43,0,98,165,PCB,64943
85,75,90,0,250,PCM,2951
58,35,87,0,180,PCM,27252
87,84,0,94,265,PCB,1559
78,36,0,87,201,PCB,21774
89,43,0,87,219,PCB,9837
59,59,0,64,182,PCB,37528
25,58,0,21,104,PCB,153847
96,68,68,0,232,PCM,5114
48,57,0,99,204,PCB,19883
49,85,0,56,190,PCB,32023
83,74,0,73,230,PCB,6690
96,93,0,51,240,PCB,4587
80,86,21,0,187,PCM,21886
52,73,0,79,204,PCB,19730
80,46,0,70,196,PCB,26143
94,46,0,60,200,PCB,21787
60,22,0,28,110,PCB,151484
59,32,22,0,113,PCM,98256
74,27,0,70,171,PCB,54374
32,64,97,0,193,PCM,18053
49,33,82,0,164,PCM,44638
50,58,0,74,182,PCB,40430
42,20,72,0,134,PCM,79256
80,78,0,45,203,PCB,20065
92,93,0,24,209,PCB,15017
84,25,0,38,147,PCB,96750
96,33,29,0,158,PCM,49661
99,57,99,0,255,PCM,2857
42,38,0,81,161,PCB,69656
88,21,0,49,158,PCB,76975
86,92,57,0,235,PCM,3656
74,43,0,69,186,PCB,32977
48,52,0,96,196,PCB,23211
83,62,0,78,223,PCB,7846
51,27,0,36,114,PCB,145320
61,96,0,43,200,PCB,22885
77,81,0,88,246,PCB,3138
34,29,0,100,163,PCB,66148
27,87,0,38,152,PCB,86344
65,23,36,0,124,PCM,88076
100,52,0,49,201,PCB,21587
61,83,0,38,182,PCB,39861
98,25,0,32,155,PCB,81812
95,85,0,97,277,PCB,1
96,78,0,31,205,PCB,17737
36,29,0,66,131,PCB,121393
57,94,0,100,251,PCB,1989
49,37,0,86,172,PCB,53795
49,94,85,0,228,PCM,4082
20,21,0,31,72,PCB,172183
25,27,0,23,75,PCB,170778
47,91,47,0,185,PCM,23395
70,72,0,46,188,PCB,30686
37,84,83,0,204,PCM,11614
27,24,36,0,87,PCM,110205
23,77,57,0,157,PCM,52127
94,71,47,0,212,PCM,8172
51,72,54,0,177,PCM,29859
89,45,0,76,210,PCB,16771
78,60,0,20,158,PCB,75387
45,23,78,0,146,PCM,64197
66,45,83,0,194,PCM,17387
47,43,51,0,141,PCM,70686
34,72,0,47,153,PCB,85044
91,21,0,69,181,PCB,40552
50,68,0,86,204,PCB,18705
45,32,0,90,167,PCB,59059
84,39,25,0,148,PCM,63327
58,73,0,29,160,PCB,72400
86,41,97,0,224,PCM,6162
94,72,0,22,188,PCB,30678
35,29,0,49,113,PCB,146181
71,84,65,0,220,PCM,7809
83,97,88,0,268,PCM,2253
34,38,0,26,98,PCB,161327
71,77,0,96,244,PCB,3800
75,29,0,88,192,PCB,27842
58,93,88,0,239,PCM,2507
56,59,82,0,197,PCM,16205
69,86,31,0,186,PCM,22724
57,24,0,59,140,PCB,106283
36,61,27,0,124,PCM,89773
97,64,0,74,235,PCB,5525
76,59,48,0,183,PCM,24440
59,32,67,0,158,PCM,49833
57,39,33,0,129,PCM,83497
64,63,0,96,223,PCB,9761
91,29,0,90,210,PCB,13555
65,42,72,0,179,PCM,28560
37,88,22,0,147,PCM,64543
47,86,86,0,219,PCM,7014
91,26,31,0,148,PCM,62129
73,42,48,0,163,PCM,45670
55,100,0,28,183,PCB,38943
76,45,27,0,148,PCM,62482
84,43,51,0,178,PCM,29409
99,57,0,50,206,PCB,17686
80,30,0,70,180,PCB,41284
27,64,0,82,173,PCB,52282
23,75,0,100,198,PCB,23534
44,84,25,0,153,PCM,55513
53,39,0,97,189,PCB,31332
29,70,21,0,120,PCM,91039
53,41,52,0,146,PCM,64223
96,35,0,90,221,PCB,9225
20,89,0,28,137,PCB,113588
93,34,0,91,218,PCB,9900
67,53,96,0,216,PCM,7388
61,59,74,0,194,PCM,17423
86,21,47,0,154,PCM,55977
72,27,57,0,156,PCM,52402
80,80,0,74,234,PCB,6381
36,58,0,28,122,PCB,136986
33,54,0,86,173,PCB,49858
22,34,0,97,153,PCB,83410
39,77,65,0,181,PCM,25924
81,20,46,0,147,PCM,64036
24,78,26,0,128,PCM,83664
25,78,24,0,127,PCM,84661
74,54,0,88,216,PCB,11599
66,65,0,61,192,PCB,28210
47,73,34,0,154,PCM,56077
47,32,97,0,176,PCM,30750
25,51,0,34,110,PCB,150677
97,74,0,70,241,PCB,5306
93,36,0,22,151,PCB,87757
56,22,0,88,166,PCB,62735
87,66,0,35,188,PCB,33559
70,70,51,0,191,PCM,19227
70,31,0,88,189,PCB,32636
39,28,56,0,123,PCM,89960
23,56,0,74,153,PCB,85481
69,33,0,96,198,PCB,24543
36,25,75,0,136,PCM,75461
76,30,0,23,129,PCB,126122
30,22,0,83,135,PCB,116530
81,59,0,81,221,PCB,8908
63,74,0,32,169,PCB,56851
21,60,55,0,136,PCM,76565
92,53,76,0,221,PCM,5661
58,62,98,0,218,PCM,7301
26,67,0,64,157,PCB,78289
94,89,0,22,205,PCB,17251
45,82,0,69,196,PCB,24162
39,48,0,30,117,PCB,140393
20,92,30,0,142,PCM,69277
94,51,94,0,239,PCM,3534
29,97,0,59,185,PCB,35171
31,52,0,58,141,PCB,105436
27,80,99,0,206,PCM,10680
67,58,97,0,222,PCM,6331
86,82,62,0,230,PCM,3872
69,94,48,0,211,PCM,9624
73,89,74,0,236,PCM,2950
68,59,0,65,192,PCB,26921
25,42,86,0,153,PCM,55726
34,90,27,0,151,PCM,59909
59,75,91,0,225,PCM,6521
40,46,28,0,114,PCM,96693
79,77,47,0,203,PCM,13296
60,89,0,26,175,PCB,46831
89,22,0,35,146,PCB,95531
40,71,0,90,201,PCB,19144
87,67,0,21,175,PCB,48072
66,27,0,55,148,PCB,93964
59,46,20,0,125,PCM,87390
51,79,50,0,180,PCM,28638
52,66,48,0,166,PCM,41630
60,51,78,0,189,PCM,21211
36,38,53,0,127,PCM,86205
24,50,61,0,135,PCM,78443
71,100,0,87,258,PCB,3169
38,40,0,49,127,PCB,130178
28,78,65,0,171,PCM,37265
24,85,23,0,132,PCM,80771
59,42,24,0,125,PCM,86562
34,87,99,0,220,PCM,5686
87,27,0,66,180,PCB,39981
96,90,0,89,275,PCB,2006
20,47,0,62,129,PCB,125776
66,33,0,32,131,PCB,123780
45,76,22,0,143,PCM,69431
53,60,72,0,185,PCM,24419
58,99,0,98,255,PCB,2786
77,83,0,82,242,PCB,3412
31,93,59,0,183,PCM,26486
29,100,36,0,165,PCM,43576
61,80,96,0,237,PCM,2953
85,46,0,20,151,PCB,88478
43,70,79,0,192,PCM,19310
74,25,0,83,182,PCB,39130
47,21,95,0,163,PCM,43574
40,30,0,41,111,PCB,149072
21,62,0,94,177,PCB,43874
33,26,0,64,123,PCB,135199
69,88,0,30,187,PCB,34943
24,36,0,81,141,PCB,105749
21,82,0,29,132,PCB,119457
89,52,0,23,164,PCB,64503
79,88,0,83,250,PCB,2807
73,75,0,33,181,PCB,39885
42,39,0,48,129,PCB,126567
49,62,0,27,138,PCB,111139
53,39,0,44,136,PCB,113409
90,66,69,0,225,PCM,4493
25,43,97,0,165,PCM,43215
27,68,52,0,147,PCM,63576
86,29,71,0,186,PCM,23336
42,52,86,0,180,PCM,27736
28,23,40,0,91,PCM,110316
51,25,94,0,170,PCM,37962
51,41,0,66,158,PCB,74336
42,62,0,59,163,PCB,65640
46,49,0,95,190,PCB,31229
66,81,0,26,173,PCB,50472
85,78,0,60,223,PCB,9387
25,69,0,41,135,PCB,117922
45,86,46,0,177,PCM,29888
46,28,0,61,135,PCB,115390
28,75,41,0,144,PCM,66872
67,90,31,0,188,PCM,21776
33,24,0,42,99,PCB,160265
23,43,62,0,128,PCM,85532
87,40,0,89,216,PCB,12509
33,29,0,51,113,PCB,147910
95,33,0,71,199,PCB,21910
45,46,0,41,132,PCB,122200
96,90,0,68,254,PCB,4060
37,98,46,0,181,PCM,27112
30,100,38,0,168,PCM,38893
40,43,29,0,112,PCM,97497
50,64,90,0,204,PCM,13532
95,67,0,32,194,PCB,24867
42,24,41,0,107,PCM,101327
80,85,39,0,204,PCM,12246
70,48,0,82,200,PCB,22687
26,77,30,0,133,PCM,80813
56,67,0,29,152,PCB,87321
82,64,0,24,170,PCB,55976
93,46,41,0,180,PCM,26984
38,51,72,0,161,PCM,47138
68,51,71,0,190,PCM,21062
22,59,55,0,136,PCM,76118
62,39,0,87,188,PCB,32099
86,52,38,0,176,PCM,32170
37,100,87,0,224,PCM,5344
98,60,47,0,205,PCM,11540
90,49,0,22,161,PCB,71612
35,68,0,40,143,PCB,102377
42,65,83,0,190,PCM,19110
22,81,43,0,146,PCM,63660
81,72,0,35,188,PCB,32853
67,34,0,41,142,PCB,104545
36,34,0,21,91,PCB,165224
37,92,62,0,191,PCM,19495
84,29,0,21,134,PCB,118754
44,81,0,29,154,PCB,83389
49,22,0,93,164,PCB,64812
71,41,0,78,190,PCB,30433
35,64,0,80,179,PCB,41280
78,22,0,92,192,PCB,29007
75,78,95,0,248,PCM,1710
25,60,54,0,139,PCM,72953
59,91,39,0,189,PCM,21143
20,33,98,0,151,PCM,59311
89,87,56,0,232,PCM,3304
78,31,0,31,140,PCB,108048
42,73,36,0,151,PCM,58384
88,100,74,0,262,PCM,391
43,71,0,88,202,PCB,20927
27,50,47,0,124,PCM,87654
39,93,81,0,213,PCM,9372
67,77,0,48,192,PCB,27891
83,92,0,52,227,PCB,6415
23,40,60,0,123,PCM,89668
76,71,0,89,236,PCB,7217
88,20,0,83,191,PCB,28429
39,64,27,0,130,PCM,82479
55,42,96,0,193,PCM,18692
98,52,22,0,172,PCM,34133
54,49,55,0,158,PCM,50895
70,44,0,73,187,PCB,34252
91,20,0,62,173,PCB,50683
61,48,0,38,147,PCB,93991
55,65,22,0,142,PCM,70551
77,71,0,30,178,PCB,43028
61,21,0,69,151,PCB,89046
80,41,0,57,178,PCB,44488
26,84,0,55,165,PCB,64891
82,71,0,60,213,PCB,12899
65,24,90,0,179,PCM,28744
97,38,0,58,193,PCB,26819
73,97,0,100,270,PCB,2381
46,53,44,0,143,PCM,67646
70,82,98,0,250,PCM,3306
30,34,46,0,110,PCM,100752
95,89,63,0,247,PCM,2747
23,36,0,84,143,PCB,104199
94,98,0,88,280,PCB,276
72,21,58,0,151,PCM,59741
88,96,83,0,267,PCM,472
68,88,0,85,241,PCB,3537
42,64,91,0,197,PCM,15461
64,86,0,47,197,PCB,24102
86,46,0,28,160,PCB,73820
24,82,0,58,164,PCB,66069
39,99,0,64,202,PCB,19431
72,51,48,0,171,PCM,35848
87,47,0,60,194,PCB,27039
100,94,57,0,251,PCM,3000
26,34,34,0,94,PCM,107508
33,71,0,60,164,PCB,65171
75,65,0,65,205,PCB,18598
41,71,0,97,209,PCB,15143
25,31,0,41,97,PCB,159203
46,77,88,0,211,PCM,10394
38,31,25,0,94,PCM,109604
61,57,0,55,173,PCB,51928
30,58,53,0,141,PCM,69834
96,56,40,0,192,PCM,18163
100,97,0,94,291,PCB,1
23,45,54,0,122,PCM,90792
67,32,73,0,172,PCM,36240
90,66,0,71,227,PCB,8418
28,100,83,0,211,PCM,9625
26,93,45,0,164,PCM,43726
29,64,78,0,171,PCM,37375
57,29,99,0,185,PCM,24543
94,26,0,46,166,PCB,63500
43,76,0,51,170,PCB,55172
34,32,30,0,96,PCM,107597
63,78,63,0,204,PCM,13142
30,100,0,90,220,PCB,11002
29,78,0,91,198,PCB,21753
25,31,51,0,107,PCM,102526
78,31,0,79,188,PCB,32496
78,45,23,0,146,PCM,65065
39,84,0,71,194,PCB,24937
68,79,0,98,245,PCB,2226
94,78,47,0,219,PCM,6486
37,28,21,0,86,PCM,110520
52,58,0,68,178,PCB,43441
45,72,0,59,176,PCB,48261
27,20,0,78,125,PCB,130799
66,59,68,0,193,PCM,19205
48,92,0,96,236,PCB,6538
69,83,0,90,242,PCB,5027
65,45,86,0,196,PCM,17507
47,60,0,93,200,PCB,21281
85,66,22,0,173,PCM,35235
23,82,56,0,161,PCM,46831
83,42,70,0,195,PCM,18120
52,85,68,0,205,PCM,11174
81,97,0,44,222,PCB,11254
91,34,96,0,221,PCM,6342
42,37,86,0,165,PCM,42490
86,46,62,0,194,PCM,18180
92,96,0,63,251,PCB,3492
82,55,38,0,175,PCM,33339
31,93,44,0,168,PCM,39566
95,99,62,0,256,PCM,2220
25,59,76,0,160,PCM,47100
86,39,36,0,161,PCM,46824
68,25,25,0,118,PCM,94465
88,92,29,0,209,PCM,9728
25,55,0,40,120,PCB,139488
20,72,0,28,120,PCB,138061
33,29,90,0,152,PCM,57159
80,87,0,59,226,PCB,9174
71,82,0,76,229,PCB,7523
36,38,70,0,144,PCM,67735
95,72,64,0,231,PCM,5315
21,48,0,43,112,PCB,146424
38,30,89,0,157,PCM,52394
45,35,0,36,116,PCB,142016
65,41,50,0,156,PCM,53923
93,57,0,36,186,PCB,34781
74,81,0,59,214,PCB,13378
20,25,99,0,144,PCM,67741
78,25,90,0,193,PCM,18172
24,51,26,0,101,PCM,105960
79,61,86,0,226,PCM,4477
72,28,0,21,121,PCB,136711
50,64,65,0,179,PCM,28933
98,31,0,62,191,PCB,27812
53,22,45,0,120,PCM,91251
85,85,0,63,233,PCB,6160
86,85,75,0,246,PCM,1743
21,31,67,0,119,PCM,94122
96,93,99,0,288,PCM,1
28,63,0,52,143,PCB,101403
99,86,0,50,235,PCB,6092
34,84,0,94,212,PCB,15258
58,70,0,46,174,PCB,50631
90,65,99,0,254,PCM,2851
23,29,0,63,115,PCB,144287
81,62,0,71,214,PCB,13916
64,49,96,0,209,PCM,11426
65,80,0,97,242,PCB,5817
20,60,0,24,104,PCB,155936
55,63,0,53,171,PCB,53851
92,42,26,0,160,PCM,47901
87,98,0,25,210,PCB,16577
24,34,0,77,135,PCB,115560
20,98,0,70,188,PCB,33913
84,59,0,24,167,PCB,59139
83,25,57,0,165,PCM,42319
52,72,0,86,210,PCB,14758
36,48,0,77,161,PCB,70645
59,45,59,0,163,PCM,45442
77,76,0,61,214,PCB,11527
20,100,65,0,185,PCM,24590
93,37,0,91,221,PCB,9716
98,23,0,35,156,PCB,79975
55,32,0,53,140,PCB,107663
75,85,73,0,233,PCM,4357
93,53,52,0,198,PCM,15355
54,44,0,92,190,PCB,28729
80,26,0,79,185,PCB,34757
38,36,31,0,105,PCM,103940
23,31,0,29,83,PCB,166965
22,24,0,49,95,PCB,161865
99,99,60,0,258,PCM,2109
95,47,65,0,207,PCM,9971
92,25,0,42,159,PCB,72568
91,86,0,83,260,PCB,1543
90,82,0,96,268,PCB,539
71,95,43,0,209,PCM,11421
73,75,0,70,218,PCB,10512
68,28,22,0,118,PCM,94320
65,74,46,0,185,PCM,24306
95,38,88,0,221,PCM,6712
55,28,0,46,129,PCB,126291
51,75,0,41,167,PCB,60082
26,65,0,58,149,PCB,92193
74,49,26,0,149,PCM,60697
22,27,76,0,125,PCM,86690
83,48,51,0,182,PCM,26101
90,99,0,92,281,PCB,136
42,91,85,0,218,PCM,6315
91,34,0,68,193,PCB,26475
25,95,0,49,169,PCB,58586
90,50,0,41,181,PCB,40409
65,99,44,0,208,PCM,10240
95,77,93,0,265,PCM,388
76,90,94,0,260,PCM,478
23,39,0,39,101,PCB,158598
35,26,50,0,111,PCM,99217
72,69,0,100,241,PCB,5988
31,98,27,0,156,PCM,54016
96,27,0,56,179,PCB,43708
88,65,0,25,178,PCB,44813
64,68,22,0,154,PCM,56166
39,35,95,0,169,PCM,39188
87,27,0,67,181,PCB,39948
82,62,40,0,184,PCM,23716
70,27,34,0,131,PCM,81152
88,79,47,0,214,PCM,9806
91,21,0,93,205,PCB,16957
30,77,37,0,144,PCM,68258
24,65,0,68,157,PCB,76704
83,34,0,88,205,PCB,18029
61,25,99,0,185,PCM,23107
73,93,0,34,200,PCB,21830
82,34,0,22,138,PCB,110436
52,76,49,0,177,PCM,29403
99,77,0,24,200,PCB,22418
67,20,0,65,152,PCB,85870
95,61,0,54,210,PCB,16021
75,84,0,90,249,PCB,2097
60,76,0,40,176,PCB,47147
98,68,0,98,264,PCB,3207
47,42,0,47,136,PCB,115216
43,24,76,0,143,PCM,67794
44,68,23,0,135,PCM,76430
74,45,23,0,142,PCM,69766
61,40,85,0,186,PCM,21866
38,26,77,0,141,PCM,70618
87,49,0,41,177,PCB,46163
56,33,0,39,128,PCB,127585
43,87,40,0,170,PCM,37060
54,51,0,93,198,PCB,23444
20,21,41,0,82,PCM,111973
63,29,0,59,151,PCB,89419
96,89,0,54,239,PCB,5183
24,34,0,55,113,PCB,145215
94,21,45,0,160,PCM,49271
90,42,0,54,186,PCB,36107
79,34,0,85,198,PCB,21440
97,59,76,0,232,PCM,3290
73,31,0,85,189,PCB,32305
21,27,0,49,97,PCB,160464
33,45,0,80,158,PCB,76578
25,73,0,91,189,PCB,31329
60,27,30,0,117,PCM,95837
32,21,30,0,83,PCM,112138
47,68,0,30,145,PCB,98939
93,20,38,0,151,PCM,59160
34,72,0,29,135,PCB,116668
55,50,0,81,186,PCB,34036
52,63,0,93,208,PCB,15571
36,81,0,22,139,PCB,107894
43,29,25,0,97,PCM,108212
68,96,0,69,233,PCB,6453
59,96,97,0,252,PCM,2064
76,54,0,44,174,PCB,50369
98,90,72,0,260,PCM,676
97,30,0,57,184,PCB,36394
62,64,94,0,220,PCM,8031
87,41,98,0,226,PCM,5282
69,62,0,78,209,PCB,15627
29,44,59,0,132,PCM,81336
47,94,0,31,172,PCB,51351
37,83,0,70,190,PCB,29404
30,71,0,85,186,PCB,34819
67,59,87,0,213,PCM,9654
78,46,44,0,168,PCM,39251
72,89,70,0,231,PCM,3724
40,36,0,69,145,PCB,99681
26,69,0,42,137,PCB,113989
95,91,22,0,208,PCM,9556
94,29,79,0,202,PCM,12501
75,98,0,94,267,PCB,2455
27,34,59,0,120,PCM,91516
66,87,0,49,202,PCB,19467
44,92,40,0,176,PCM,31415
46,88,28,0,162,PCM,44747
20,50,0,81,151,PCB,86563
31,73,99,0,203,PCM,12867
49,78,26,0,153,PCM,57584
76,89,35,0,200,PCM,15404
91,47,0,90,228,PCB,7398
29,29,0,52,110,PCB,148211
71,99,0,34,204,PCB,20216
91,28,0,57,176,PCB,47780
76,45,0,54,175,PCB,50062
64,80,0,32,176,PCB,45234
55,98,40,0,193,PCM,18081
90,22,87,0,199,PCM,14971
72,27,0,43,142,PCB,105514
69,83,45,0,197,PCM,15416
52,39,0,27,118,PCB,139804
93,83,0,47,223,PCB,8112
85,52,50,0,187,PCM,21720
75,51,32,0,158,PCM,51031
49,87,0,50,186,PCB,34539
32,26,0,99,157,PCB,75861
79,93,43,0,215,PCM,8144
95,26,53,0,174,PCM,32960
81,83,0,74,238,PCB,6758
44,88,58,0,190,PCM,20091
75,39,0,48,162,PCB,69313
70,66,97,0,233,PCM,5220
40,93,92,0,225,PCM,4663
91,21,63,0,175,PCM,31400
97,51,0,89,237,PCB,4683
71,32,0,79,182,PCB,38497
28,31,45,0,104,PCM,103532
56,71,0,89,216,PCB,11945
31,28,0,53,112,PCB,147203
63,44,0,62,169,PCB,55999
100,77,81,0,258,PCM,2586
92,59,89,0,240,PCM,3336
95,62,29,0,186,PCM,22791
59,42,0,94,195,PCB,24688
44,20,95,0,159,PCM,49166
62,87,0,60,209,PCB,14885
91,90,32,0,213,PCM,8874
84,47,0,41,172,PCB,52884
73,76,20,0,169,PCM,37330
95,59,0,100,254,PCB,3963
72,79,33,0,184,PCM,25142
30,59,57,0,146,PCM,64697
47,64,0,98,209,PCB,15485
44,53,0,84,181,PCB,39039
77,90,97,0,264,PCM,2304
33,99,81,0,213,PCM,9367
81,42,32,0,155,PCM,53225
24,30,90,0,144,PCM,67418
82,30,0,93,205,PCB,16672
77,85,86,0,248,PCM,1903
67,25,79,0,171,PCM,36788
45,41,59,0,145,PCM,65744
56,24,62,0,142,PCM,68703
66,81,0,85,232,PCB,6826
36,85,31,0,152,PCM,57864
22,70,64,0,156,PCM,51979
77,85,59,0,221,PCM,7111
60,39,0,88,187,PCB,31680
42,66,40,0,148,PCM,61982
57,78,41,0,176,PCM,30986
59,64,0,52,175,PCB,47512
64,60,0,41,165,PCB,63839
58,60,0,50,168,PCB,60022
76,50,0,51,177,PCB,45816
73,49,0,94,216,PCB,13587
60,84,0,94,238,PCB,3608
46,61,89,0,196,PCM,15810
31,72,76,0,179,PCM,29388
88,100,0,54,242,PCB,4720
87,88,0,66,241,PCB,4207
96,50,88,0,234,PCM,3421
85,76,21,0,182,PCM,25863
72,71,65,0,208,PCM,11430
77,64,61,0,202,PCM,13495
89,91,37,0,217,PCM,8816
93,42,21,0,156,PCM,51881
31,81,96,0,208,PCM,11280
69,94,0,65,228,PCB,7364
26,54,0,31,111,PCB,148690
82,97,0,59,238,PCB,5080
92,64,0,86,242,PCB,4454
75,56,34,0,165,PCM,43102
63,72,0,41,176,PCB,48039
70,45,0,85,200,PCB,20030
33,85,0,30,148,PCB,94084
28,39,72,0,139,PCM,72499
46,22,93,0,161,PCM,46794
36,97,0,100,233,PCB,5703
35,21,0,30,86,PCB,165750
80,85,0,20,185,PCB,36015
37,57,0,60,154,PCB,82525
72,66,45,0,183,PCM,25047
96,58,0,28,182,PCB,40543
40,38,0,95,173,PCB,52298
33,98,0,93,224,PCB,9334
68,45,0,77,190,PCB,31473
50,20,0,61,131,PCB,123109
53,77,85,0,215,PCM,8091
33,31,91,0,155,PCM,54523
70,24,0,26,120,PCB,139818
89,79,58,0,226,PCM,4359
80,65,0,68,213,PCB,11874
55,26,75,0,156,PCM,54023
41,95,0,71,207,PCB,17571
97,62,73,0,232,PCM,5039
73,68,0,79,220,PCB,10996
20,97,0,94,211,PCB,15155
26,76,0,41,143,PCB,104087
64,50,27,0,141,PCM,69912
41,26,83,0,150,PCM,60723
58,78,56,0,192,PCM,19455
41,56,0,31,128,PCB,125574
97,60,34,0,191,PCM,20427
52,46,0,49,147,PCB,96235
80,79,48,0,207,PCM,11335
59,32,0,60,151,PCB,86596
97,88,0,44,229,PCB,6113
73,23,46,0,142,PCM,68600
23,44,80,0,147,PCM,64772
79,84,0,71,234,PCB,4267
90,42,0,82,214,PCB,13895
87,52,66,0,205,PCM,12010
70,53,92,0,215,PCM,7164
50,45,63,0,158,PCM,50746
23,52,0,64,139,PCB,111214
27,76,60,0,163,PCM,44957
75,42,0,70,187,PCB,34405
23,43,64,0,130,PCM,83404
73,99,58,0,230,PCM,3881
43,61,20,0,124,PCM,87539
70,39,0,57,166,PCB,63557
24,95,0,28,147,PCB,95211
52,30,25,0,107,PCM,100833
75,67,0,31,173,PCB,52933
29,52,0,75,156,PCB,78512
30,53,32,0,115,PCM,95600
39,83,0,34,156,PCB,79632
80,64,29,0,173,PCM,34970
59,37,0,38,134,PCB,116989
98,83,0,23,204,PCB,20389
33,27,97,0,157,PCM,52127
24,67,79,0,170,PCM,36047
72,28,0,82,182,PCB,37480
30,82,0,54,166,PCB,60731
21,96,96,0,213,PCM,9510
50,97,0,86,233,PCB,5759
85,43,0,31,159,PCB,72530
56,93,0,60,209,PCB,16511
34,27,0,53,114,PCB,144870
75,100,40,0,215,PCM,7766
21,73,54,0,148,PCM,62390
27,38,24,0,89,PCM,111109
20,22,0,47,89,PCB,165137
56,38,0,67,161,PCB,69532
25,97,29,0,151,PCM,57923
26,96,88,0,210,PCM,8961
83,95,0,98,276,PCB,1
66,29,36,0,131,PCM,80673
31,81,0,41,153,PCB,82998
82,69,44,0,195,PCM,17770
52,91,0,69,212,PCB,14711
97,71,55,0,223,PCM,5428
76,24,24,0,124,PCM,87794
36,56,70,0,162,PCM,45250
61,35,0,93,189,PCB,31718
51,48,30,0,129,PCM,84810
68,88,57,0,213,PCM,9486
50,42,31,0,123,PCM,88998
71,28,0,27,126,PCB,130973
35,60,0,27,122,PCB,136116
24,23,0,79,126,PCB,128743
78,96,0,97,271,PCB,914
33,56,0,54,143,PCB,102421
85,54,95,0,234,PCM,3505
59,72,37,0,168,PCM,40277
65,59,69,0,193,PCM,19395
35,22,0,39,96,PCB,160104
37,85,20,0,142,PCM,68987
72,67,77,0,216,PCM,7071
55,43,0,92,190,PCB,28477
44,65,0,33,142,PCB,104488
41,100,70,0,211,PCM,9309
69,95,76,0,240,PCM,3968
75,29,0,48,152,PCB,85267
62,75,0,52,189,PCB,30222
81,51,0,78,210,PCB,15501
26,63,0,63,152,PCB,85563
25,37,61,0,123,PCM,89332
66,39,0,83,188,PCB,30507
100,49,0,87,236,PCB,7022
37,76,0,40,153,PCB,83013
91,32,0,99,222,PCB,10430
94,50,0,54,198,PCB,21407
98,32,23,0,153,PCM,55209
48,36,0,89,173,PCB,52344
81,86,53,0,220,PCM,7486
64,100,37,0,201,PCM,13184
69,93,89,0,251,PCM,1363
86,86,0,34,206,PCB,18869
94,21,89,0,204,PCM,13037
44,32,0,37,113,PCB,145014
76,74,49,0,199,PCM,15168
69,96,0,36,201,PCB,18959
34,83,0,69,186,PCB,36113
51,38,82,0,171,PCM,35639
46,43,0,38,127,PCB,126954
37,29,0,28,94,PCB,164409
92,39,36,0,167,PCM,40747
65,36,90,0,191,PCM,19876
79,25,39,0,143,PCM,67740
78,48,0,65,191,PCB,30508
59,28,0,44,131,PCB,121883
61,37,0,65,163,PCB,66218
92,79,0,20,191,PCB,29563
24,72,0,32,128,PCB,125735
56,67,58,0,181,PCM,27215
36,88,0,24,148,PCB,93919
74,100,81,0,255,PCM,1741
34,96,90,0,220,PCM,5829
21,98,74,0,193,PCM,18895
39,76,22,0,137,PCM,75478
98,79,91,0,268,PCM,1216
21,34,0,30,85,PCB,167058
22,78,0,44,144,PCB,99299
46,80,0,99,225,PCB,7224
79,80,62,0,221,PCM,5481
66,59,88,0,213,PCM,9216
20,49,30,0,99,PCM,106687
96,43,0,79,218,PCB,12914
80,48,0,73,201,PCB,22512
66,59,43,0,168,PCM,38437
52,50,0,77,179,PCB,43189
68,88,0,25,181,PCB,42152
45,35,50,0,130,PCM,82873
29,51,57,0,137,PCM,74082
69,26,0,78,173,PCB,50318
47,91,53,0,191,PCM,19998
66,51,52,0,169,PCM,38926
73,98,0,79,250,PCB,3717
94,80,99,0,273,PCM,337
51,94,0,53,198,PCB,24164
65,64,0,56,185,PCB,34890
79,36,70,0,185,PCM,24124
44,75,95,0,214,PCM,7710
22,71,0,71,164,PCB,65686
48,46,49,0,143,PCM,68874
22,100,0,48,170,PCB,55348
86,86,69,0,241,PCM,2208
55,34,0,98,187,PCB,32878
80,44,0,22,146,PCB,96288
95,73,0,65,233,PCB,7541
43,64,81,0,188,PCM,22310
93,30,76,0,199,PCM,14929
20,27,0,81,128,PCB,128253
67,25,0,71,163,PCB,68342
51,20,86,0,157,PCM,52061
34,83,0,21,138,PCB,110614
74,41,0,46,161,PCB,68850
98,85,80,0,263,PCM,1862
20,53,0,78,151,PCB,88938
95,75,0,77,247,PCB,4889
62,79,0,45,186,PCB,33825
75,29,0,38,142,PCB,102482
27,37,0,81,145,PCB,98890
44,66,41,0,151,PCM,58233
44,42,0,80,166,PCB,62100
51,30,80,0,161,PCM,47667
86,64,0,85,235,PCB,6598
37,52,0,94,183,PCB,37184
84,79,89,0,252,PCM,1228
66,49,26,0,141,PCM,71351
84,81,0,33,198,PCB,23081
47,41,0,46,134,PCB,116620
63,87,57,0,207,PCM,10381
34,30,0,73,137,PCB,111813
41,68,0,30,139,PCB,109876
93,48,0,74,215,PCB,13661
37,74,76,0,187,PCM,23142
71,83,27,0,181,PCM,26139
71,77,95,0,243,PCM,2664
64,91,0,81,236,PCB,7257
49,69,0,46,164,PCB,64667
64,45,0,48,157,PCB,77068
20,23,91,0,134,PCM,78592
73,98,91,0,262,PCM,741
79,74,21,0,174,PCM,34108
35,54,27,0,116,PCM,94984
61,69,0,56,186,PCB,34954
74,93,76,0,243,PCM,1768
44,83,80,0,207,PCM,11951
67,55,60,0,182,PCM,25735
41,77,0,27,145,PCB,100602
72,40,50,0,162,PCM,45519
58,36,78,0,172,PCM,34062
51,70,93,0,214,PCM,9771
99,81,0,38,218,PCB,10746
56,30,79,0,165,PCM,42576
46,69,0,83,198,PCB,22391
61,60,0,30,151,PCB,87917
41,35,94,0,170,PCM,37518
67,68,28,0,163,PCM,45320
99,62,64,0,225,PCM,4550
53,21,86,0,160,PCM,48712
91,46,55,0,192,PCM,19295
58,35,42,0,135,PCM,77067
60,49,37,0,146,PCM,65373
30,51,0,78,159,PCB,73064
30,44,0,62,136,PCB,113041
33,46,72,0,151,PCM,59650
45,83,0,82,210,PCB,15270
69,23,37,0,129,PCM,83228
93,39,35,0,167,PCM,39504
83,47,0,68,198,PCB,23044
83,21,0,20,124,PCB,131880
69,76,0,79,224,PCB,8834
64,50,0,88,202,PCB,19180
49,23,0,20,92,PCB,165209
84,71,0,39,194,PCB,27703
67,91,0,77,235,PCB,4074
85,51,46,0,182,PCM,25272
53,49,96,0,198,PCM,15730
94,26,100,0,220,PCM,7591
91,92,25,0,208,PCM,11720
91,48,100,0,239,PCM,3149
98,35,78,0,211,PCM,10490
86,91,97,0,274,PCM,1
52,70,0,77,199,PCB,22249
96,95,0,34,225,PCB,7963
64,27,0,36,127,PCB,128421
72,57,0,62,191,PCB,29039
91,89,0,95,275,PCB,974
97,31,0,84,212,PCB,14187
48,82,93,0,223,PCM,5964
25,85,0,85,195,PCB,26607
68,23,0,92,183,PCB,38184
41,28,76,0,145,PCM,65730
75,61,0,90,226,PCB,8972
39,96,89,0,224,PCM,5108
35,83,30,0,148,PCM,61874
28,72,77,0,177,PCM,30704
49,100,66,0,215,PCM,7639
25,96,0,58,179,PCB,41516
69,21,40,0,130,PCM,82904
37,36,0,83,156,PCB,77701
84,79,50,0,213,PCM,8853
28,39,0,55,122,PCB,135256
71,63,94,0,228,PCM,4921
57,38,75,0,170,PCM,37110
39,65,0,67,171,PCB,53961
99,93,0,97,289,PCB,1241
31,29,97,0,157,PCM,50601
36,53,30,0,119,PCM,94129
33,72,0,85,190,PCB,30311
56,33,0,76,165,PCB,62856
49,38,0,93,180,PCB,40195
50,82,0,63,195,PCB,24938
74,66,43,0,183,PCM,26154
35,35,0,46,116,PCB,144985
62,48,0,78,188,PCB,33817
67,23,67,0,157,PCM,52240
56,62,0,91,209,PCB,14347
76,58,71,0,205,PCM,11216
70,97,0,73,240,PCB,3451
81,80,0,79,240,PCB,6012
41,99,61,0,201,PCM,14498
80,100,0,29,209,PCB,16668
41,52,56,0,149,PCM,60113
45,53,100,0,198,PCM,15449
22,56,45,0,123,PCM,89228
42,54,0,66,162,PCB,68560
87,70,0,25,182,PCB,39287
27,98,0,67,192,PCB,29272
82,65,0,74,221,PCB,9386
21,42,0,58,121,PCB,137884
35,91,0,74,200,PCB,21903
57,45,62,0,164,PCM,43892
97,61,75,0,233,PCM,4289
35,46,0,33,114,PCB,145342
24,75,58,0,157,PCM,51656
28,48,0,75,151,PCB,88269
38,81,72,0,191,PCM,18628
22,63,0,21,106,PCB,155104
69,37,58,0,164,PCM,43041
25,67,33,0,125,PCM,88475
31,41,0,36,108,PCB,153091
26,89,33,0,148,PCM,62604
27,86,73,0,186,PCM,22175
66,83,0,52,201,PCB,20819
95,30,32,0,157,PCM,51259
24,93,36,0,153,PCM,56590
72,86,34,0,192,PCM,19226
89,100,92,0,281,PCM,1634
79,51,0,50,180,PCB,41633
90,45,99,0,234,PCM,3142
39,94,92,0,225,PCM,5968
79,92,0,43,214,PCB,13177
39,21,0,29,89,PCB,165455
96,91,37,0,224,PCM,5456
87,65,0,24,176,PCB,46210
91,86,98,0,275,PCM,1061
68,73,0,37,178,PCB,45431
84,65,0,97,246,PCB,3302
33,62,0,62,157,PCB,76344
26,20,0,92,138,PCB,111839
55,78,0,82,215,PCB,11850
38,62,38,0,138,PCM,73532
26,49,0,45,120,PCB,139881
73,38,91,0,202,PCM,13847
21,88,25,0,134,PCM,77583
95,83,30,0,208,PCM,10835
44,39,0,65,148,PCB,94854
56,96,0,100,252,PCB,2964
81,88,41,0,210,PCM,10979
24,33,0,43,100,PCB,159690
94,51,100,0,245,PCM,2014
29,51,0,31,111,PCB,148545
97,97,0,62,256,PCB,4008
22,99,0,22,143,PCB,102346
95,64,34,0,193,PCM,18697
42,49,28,0,119,PCM,93706
91,95,56,0,242,PCM,3647
96,69,47,0,212,PCM,8151
96,66,88,0,250,PCM,2497
62,83,0,57,202,PCB,21180
57,62,60,0,179,PCM,28715
41,52,87,0,180,PCM,27709
22,73,0,68,163,PCB,67397
59,53,23,0,135,PCM,77644
90,77,0,55,222,PCB,10754
85,84,64,0,233,PCM,3935
48,44,0,23,115,PCB,143598
39,25,0,73,137,PCB,114677
32,25,0,20,77,PCB,171044
40,31,66,0,137,PCM,75588
61,77,98,0,236,PCM,4735
91,25,0,99,215,PCB,12409
85,34,29,0,148,PCM,62164
71,76,0,63,210,PCB,15694
49,87,20,0,156,PCM,53436
87,52,0,73,212,PCB,14783
23,79,0,23,125,PCB,130602
79,57,69,0,205,PCM,11390
79,80,0,97,256,PCB,2857
41,31,54,0,126,PCM,86933
76,100,0,34,210,PCB,13494
33,45,0,60,138,PCB,109807
70,24,0,65,159,PCB,72411
85,36,38,0,159,PCM,48504
36,83,95,0,214,PCM,9792
85,70,84,0,239,PCM,3378
64,99,0,51,214,PCB,13726
47,42,0,21,110,PCB,150619
58,67,27,0,152,PCM,58794
37,69,51,0,157,PCM,51073
54,92,54,0,200,PCM,13649
73,54,0,97,224,PCB,8109
82,89,0,84,255,PCB,3519
25,43,56,0,124,PCM,89609
47,47,66,0,160,PCM,47698
89,43,0,74,206,PCB,17859
95,20,51,0,166,PCM,40975
44,31,30,0,105,PCM,102929
58,96,0,38,192,PCB,29539
90,26,0,36,152,PCB,86500
65,61,78,0,204,PCM,12122
56,92,62,0,210,PCM,9102
65,24,27,0,116,PCM,95911
60,80,0,55,195,PCB,26480
50,45,0,55,150,PCB,91459
43,51,0,61,155,PCB,80596
48,84,22,0,154,PCM,56095
36,88,0,24,148,PCB,95206
70,71,0,65,206,PCB,15536
73,84,0,40,197,PCB,25447
93,75,0,22,190,PCB,31720
95,54,46,0,195,PCM,16347
79,79,0,61,219,PCB,10649
72,67,66,0,205,PCM,12654
84,90,74,0,248,PCM,3103
57,98,0,50,205,PCB,17273
100,33,0,46,179,PCB,43998
67,39,0,41,147,PCB,93687
39,90,57,0,186,PCM,22889
29,75,0,51,155,PCB,81436
59,94,0,77,230,PCB,5853
61,60,0,66,187,PCB,31779
41,84,91,0,216,PCM,8201
58,31,0,30,119,PCB,140392
45,79,99,0,223,PCM,7165
65,64,22,0,151,PCM,59738
91,80,80,0,251,PCM,3141
24,51,0,41,116,PCB,142587
75,70,63,0,208,PCM,9704
96,73,93,0,262,PCM,1982
49,64,0,38,151,PCB,89568
63,31,66,0,160,PCM,48350
96,87,78,0,261,PCM,1637
24,97,0,98,219,PCB,11658
61,76,0,23,160,PCB,72881
30,78,0,36,144,PCB,101698
87,20,0,74,181,PCB,41886
58,54,23,0,135,PCM,78524
66,58,0,20,144,PCB,102009
80,35,71,0,186,PCM,22330
60,31,0,31,122,PCB,136462
53,86,0,86,225,PCB,7096
96,68,48,0,212,PCM,9861
71,23,0,48,142,PCB,103092
70,90,0,70,230,PCB,5415
86,76,0,57,219,PCB,11629
100,97,0,91,288,PCB,1074
42,95,0,70,207,PCB,15245
48,91,27,0,166,PCM,42140
70,54,68,0,192,PCM,19382
21,40,0,81,142,PCB,105776
93,80,48,0,221,PCM,5810
81,72,0,71,224,PCB,9836
38,20,0,44,102,PCB,155184
74,94,0,27,195,PCB,23972
98,66,72,0,236,PCM,4218
94,35,0,42,171,PCB,53064
32,97,0,42,171,PCB,53048
35,66,35,0,136,PCM,75510
98,41,47,0,186,PCM,22641
99,50,0,22,171,PCB,54613
39,38,100,0,177,PCM,31470
95,24,0,84,203,PCB,19265
50,54,0,87,191,PCB,28548
73,57,0,89,219,PCB,10241
51,23,0,29,103,PCB,156703
36,47,29,0,112,PCM,97732
95,55,0,49,199,PCB,21217
22,48,22,0,92,PCM,108462
96,62,95,0,253,PCM,1478
27,92,0,69,188,PCB,33361
70,87,0,47,204,PCB,18683
47,46,0,54,147,PCB,97011
30,32,99,0,161,PCM,47061
71,95,60,0,226,PCM,5171
29,57,33,0,119,PCM,94202
66,28,36,0,130,PCM,81765
98,62,74,0,234,PCM,5032
59,72,0,81,212,PCB,12425
35,66,0,39,140,PCB,109473
85,71,89,0,245,PCM,2864
99,96,91,0,286,PCM,57
38,98,0,44,180,PCB,42229
60,66,35,0,161,PCM,46922
57,55,0,72,184,PCB,36930
86,85,0,55,226,PCB,8522
28,72,0,88,188,PCB,31952
56,77,0,99,232,PCB,7225
25,32,0,28,85,PCB,168666
47,45,80,0,172,PCM,34088
29,52,95,0,176,PCM,31671
74,31,0,39,144,PCB,102450
21,42,0,93,156,PCB,78972
30,50,46,0,126,PCM,87739
76,53,0,81,210,PCB,15127
78,94,0,59,231,PCB,6031
26,66,0,83,175,PCB,47908
60,91,0,93,244,PCB,4265
78,79,0,50,207,PCB,17733
82,38,28,0,148,PCM,62861
63,68,94,0,225,PCM,5157
85,46,0,81,212,PCB,15074
34,53,99,0,186,PCM,22915
41,36,56,0,133,PCM,79115
58,47,44,0,149,PCM,61409
39,88,0,98,225,PCB,8350
69,37,29,0,135,PCM,78083
88,20,0,54,162,PCB,68789
74,23,0,50,147,PCB,95721
44,22,58,0,124,PCM,89421
96,37,0,95,228,PCB,8946
80,55,40,0,175,PCM,31918
93,69,32,0,194,PCM,18790
89,42,66,0,197,PCM,14846
40,83,0,33,156,PCB,77895
21,52,0,73,146,PCB,95622
85,38,43,0,166,PCM,42538
44,82,32,0,158,PCM,50453
96,67,0,76,239,PCB,5490
57,72,0,47,176,PCB,45234
99,94,0,77,270,PCB,1
72,58,80,0,210,PCM,10710
74,46,0,57,177,PCB,45112
57,35,21,0,113,PCM,97432
41,52,63,0,156,PCM,52576
74,59,0,93,226,PCB,9819
23,35,37,0,95,PCM,108142
66,89,57,0,212,PCM,10025
76,23,68,0,167,PCM,40543
36,99,0,36,171,PCB,54322
59,100,0,57,216,PCB,12609
82,73,0,48,203,PCB,20886
89,68,0,58,215,PCB,13191
56,66,70,0,192,PCM,18876
94,85,0,85,264,PCB,946
88,45,0,63,196,PCB,24544
86,92,0,92,270,PCB,738
74,57,0,91,222,PCB,10191
56,61,37,0,154,PCM,55807
94,35,52,0,181,PCM,27899
82,78,0,25,185,PCB,37152
50,81,0,43,174,PCB,51072
70,31,35,0,136,PCM,76818
87,23,53,0,163,PCM,44247
37,77,40,0,154,PCM,55388
90,86,72,0,248,PCM,1645
71,40,74,0,185,PCM,23919
68,38,0,54,160,PCB,71517
39,30,97,0,166,PCM,42453
65,74,60,0,199,PCM,14302
83,37,69,0,189,PCM,20137
98,25,0,54,177,PCB,44996
86,41,96,0,223,PCM,6447
69,32,34,0,135,PCM,78417
29,38,84,0,151,PCM,58682
36,48,0,43,127,PCB,127401
62,45,58,0,165,PCM,42649
84,57,21,0,162,PCM,46445
27,24,0,47,98,PCB,159981
70,78,0,49,197,PCB,23757
42,25,0,47,114,PCB,146004
51,91,0,86,228,PCB,9118
40,59,94,0,193,PCM,19207
98,71,89,0,258,PCM,2636
54,95,72,0,221,PCM,6015
46,57,0,43,146,PCB,98072
67,23,0,61,151,PCB,86524
33,44,0,20,97,PCB,159461
72,67,24,0,163,PCM,44545
30,65,92,0,187,PCM,21816
54,31,89,0,174,PCM,34020
34,20,97,0,151,PCM,57726
45,92,97,0,234,PCM,5030
26,93,0,99,218,PCB,11607
30,93,94,0,217,PCM,7033
90,29,51,0,170,PCM,37095
66,70,97,0,233,PCM,5063
46,47,36,0,129,PCM,84541
47,64,29,0,140,PCM,72729
31,92,0,64,187,PCB,32136
39,70,30,0,139,PCM,73860
53,96,0,57,206,PCB,16461
44,31,0,59,134,PCB,119509
80,44,0,86,210,PCB,15893
27,47,0,28,102,PCB,155519
62,63,0,48,173,PCB,51554
26,56,0,86,168,PCB,57470
91,76,44,0,211,PCM,9985
20,30,0,48,98,PCB,160972
38,93,0,100,231,PCB,5820
100,77,0,47,224,PCB,9393
39,41,20,0,100,PCM,106334
97,47,0,93,237,PCB,5299
97,31,0,36,164,PCB,67211
23,28,60,0,111,PCM,99992
36,35,0,71,142,PCB,105924
91,23,62,0,176,PCM,30189
37,89,0,84,210,PCB,16756
20,74,0,95,189,PCB,30372
55,72,81,0,208,PCM,11906
75,63,0,65,203,PCB,18964
46,50,48,0,144,PCM,66687
25,23,64,0,112,PCM,98438
47,70,26,0,143,PCM,68284
47,73,0,41,161,PCB,70839
47,23,64,0,134,PCM,78250
22,50,66,0,138,PCM,75027
33,40,25,0,98,PCM,107551
27,85,0,51,163,PCB,67715
100,62,0,54,216,PCB,12545
77,29,25,0,131,PCM,81563
90,29,0,77,196,PCB,24740
94,23,0,28,145,PCB,97648
34,54,0,36,124,PCB,131633
53,44,26,0,123,PCM,89245
58,83,0,22,163,PCB,66556
81,65,0,74,220,PCB,11256
43,50,22,0,115,PCM,96302
70,55,21,0,146,PCM,64100
34,41,0,36,111,PCB,148166
57,44,49,0,150,PCM,60952
79,59,83,0,221,PCM,6417
79,22,78,0,179,PCM,28395
73,39,0,89,201,PCB,19972
78,73,0,24,175,PCB,48237
89,89,43,0,221,PCM,6638
37,47,60,0,144,PCM,66734
99,86,0,67,252,PCB,2088
77,82,0,21,180,PCB,41781
98,25,53,0,176,PCM,30961
97,81,0,72,250,PCB,2414
72,36,42,0,150,PCM,59090
84,38,0,75,197,PCB,22446
81,26,83,0,190,PCM,19369
71,88,0,93,252,PCB,2301
30,95,0,40,165,PCB,62818
32,21,42,0,95,PCM,106958
53,28,69,0,150,PCM,60061
86,95,26,0,207,PCM,11161
58,40,0,49,147,PCB,95541
93,48,53,0,194,PCM,17216
32,41,0,52,125,PCB,132165
74,31,0,64,169,PCB,57337
81,23,85,0,189,PCM,20076
92,32,0,49,173,PCB,50995
80,30,0,20,130,PCB,125547
64,90,0,25,179,PCB,43212
61,22,84,0,167,PCM,39459
33,91,58,0,182,PCM,26557
79,33,0,86,198,PCB,23523
76,48,0,21,145,PCB,100507
100,77,0,32,209,PCB,15184
70,21,0,26,117,PCB,142785
28,42,81,0,151,PCM,57907
63,69,0,60,192,PCB,29395
34,69,0,54,157,PCB,77378
69,55,44,0,168,PCM,39952
70,86,88,0,244,PCM,2603
64,100,91,0,255,PCM,2084
83,92,94,0,269,PCM,1703
27,22,40,0,89,PCM,109221
54,65,0,91,210,PCB,15882
24,63,23,0,110,PCM,100878
43,50,76,0,169,PCM,39257
42,51,32,0,125,PCM,88666
29,92,78,0,199,PCM,14111
24,39,56,0,119,PCM,92773
34,94,0,34,162,PCB,70269
61,21,43,0,125,PCM,88661
64,20,94,0,178,PCM,28612
29,91,0,66,186,PCB,34053
47,52,99,0,198,PCM,16335
20,32,0,32,84,PCB,168212
39,58,67,0,164,PCM,43931
97,97,25,0,219,PCM,7906
95,63,0,75,233,PCB,7284
96,97,74,0,267,PCM,1670
38,82,42,0,162,PCM,46271
26,91,0,22,139,PCB,108832
78,69,0,97,244,PCB,4786
99,61,0,100,260,PCB,2923
46,78,0,32,156,PCB,77968
62,87,53,0,202,PCM,12453
57,100,0,38,195,PCB,24449
38,24,47,0,109,PCM,100336
21,53,83,0,157,PCM,51774
43,28,68,0,139,PCM,73375
71,23,0,75,169,PCB,58219
98,82,23,0,203,PCM,13187
36,77,41,0,154,PCM,54032
47,26,65,0,138,PCM,73440
63,61,36,0,160,PCM,48856
88,59,0,34,181,PCB,41886
64,76,0,84,224,PCB,9185
27,22,0,53,102,PCB,155803
33,26,0,100,159,PCB,74979
31,68,44,0,143,PCM,68025
38,34,75,0,147,PCM,63514
21,36,84,0,141,PCM,70623
37,63,0,29,129,PCB,125238
96,48,25,0,169,PCM,37207
41,78,0,23,142,PCB,105611
49,35,50,0,134,PCM,77986
26,90,74,0,190,PCM,21328
29,71,33,0,133,PCM,79233
68,32,0,61,161,PCB,72040
85,89,0,72,246,PCB,4144
68,33,0,85,186,PCB,34473
78,87,0,90,255,PCB,1858
63,74,78,0,215,PCM,9025
47,82,65,0,194,PCM,18642
21,69,0,94,184,PCB,38512
92,44,83,0,219,PCM,5984
77,82,0,50,209,PCB,17086
69,24,24,0,117,PCM,94747
43,82,0,51,176,PCB,45520
75,33,0,79,187,PCB,33578
34,66,43,0,143,PCM,67888
64,97,0,43,204,PCB,19581
94,38,0,91,223,PCB,8840
64,83,0,45,192,PCB,26513
45,94,0,95,234,PCB,7268
79,33,39,0,151,PCM,59623
47,64,0,44,155,PCB,80134
63,89,27,0,179,PCM,27526
55,60,0,51,166,PCB,63369
64,37,66,0,167,PCM,40899
92,31,0,47,170,PCB,54985
39,24,45,0,108,PCM,101744
65,73,95,0,233,PCM,4701
51,57,55,0,163,PCM,44266
84,92,94,0,270,PCM,1198
75,66,0,44,185,PCB,36656
25,33,0,66,124,PCB,131384
63,48,0,42,153,PCB,84041
79,27,65,0,171,PCM,37029
51,64,39,0,154,PCM,55494
75,34,87,0,196,PCM,17373
63,50,91,0,204,PCM,12181
79,82,0,41,202,PCB,19215
80,82,0,23,185,PCB,35794
67,78,0,72,217,PCB,11521
30,83,83,0,196,PCM,15917
97,72,38,0,207,PCM,10142
83,96,0,88,267,PCB,2431
22,36,80,0,138,PCM,72950
39,27,72,0,138,PCM,73814
53,65,26,0,144,PCM,66717
77,60,80,0,217,PCM,8282
37,86,61,0,184,PCM,24975
68,91,0,98,257,PCB,3901
86,47,0,29,162,PCB,70036
24,76,0,60,160,PCB,70445
40,84,56,0,180,PCM,27301
64,81,0,28,173,PCB,52976
94,55,28,0,177,PCM,30294
94,59,0,90,243,PCB,3841
24,80,0,93,197,PCB,23527
73,65,21,0,159,PCM,50124
26,28,82,0,136,PCM,75305
78,30,54,0,162,PCM,45574
29,63,99,0,191,PCM,19162
92,85,0,75,252,PCB,1475
79,24,0,79,182,PCB,39165
92,42,0,42,176,PCB,47917
92,44,25,0,161,PCM,47891
82,69,0,73,224,PCB,10194
58,50,48,0,156,PCM,53904
61,73,0,87,221,PCB,10093
20,31,0,33,84,PCB,168851
42,30,0,58,130,PCB,123059
45,31,37,0,113,PCM,97953
94,23,0,85,202,PCB,18910
34,87,38,0,159,PCM,49755
60,63,0,84,207,PCB,17816
55,40,0,83,178,PCB,43014
86,42,83,0,211,PCM,10656
94,49,0,24,167,PCB,58883
79,25,62,0,166,PCM,40657
23,68,0,47,138,PCB,112914
97,48,27,0,172,PCM,34659
58,41,87,0,186,PCM,23327
38,53,70,0,161,PCM,45845
91,77,52,0,220,PCM,7819
49,54,0,55,158,PCB,74258
31,80,96,0,207,PCM,11216
73,46,23,0,142,PCM,68318
88,36,69,0,193,PCM,17611
47,20,24,0,91,PCM,108721
81,85,0,71,237,PCB,5955
84,53,0,57,194,PCB,25982
71,36,56,0,163,PCM,44785
41,71,66,0,178,PCM,29633
21,70,0,57,148,PCB,93857
98,77,68,0,243,PCM,3146
56,85,79,0,220,PCM,6151
94,65,0,55,214,PCB,11149
96,89,0,41,226,PCB,7057
88,35,0,95,218,PCB,9736
53,70,26,0,149,PCM,61389
34,99,39,0,172,PCM,36217
89,66,0,74,229,PCB,7709
71,58,24,0,153,PCM,57462
73,54,0,24,151,PCB,89098
55,87,0,43,185,PCB,36462
78,50,64,0,192,PCM,18704
28,41,0,93,162,PCB,67521
92,59,0,70,221,PCB,9745
88,40,0,47,175,PCB,49757
40,22,63,0,125,PCM,87999
22,46,0,74,142,PCB,102660
22,70,0,71,163,PCB,65733
60,61,44,0,165,PCM,41929
20,25,30,0,75,PCM,113590
94,51,0,88,233,PCB,6834
69,59,0,38,166,PCB,61995
92,75,34,0,201,PCM,13038
66,76,0,25,167,PCB,61476
95,54,0,75,224,PCB,10080
42,54,0,35,131,PCB,124317
51,28,34,0,113,PCM,98258
36,53,0,84,173,PCB,50490
55,44,62,0,161,PCM,48129
21,63,38,0,122,PCM,91057
77,58,0,42,177,PCB,46075
90,61,0,20,171,PCB,52569
60,82,0,88,230,PCB,7230
99,87,25,0,211,PCM,9498
39,34,66,0,139,PCM,74165
77,48,0,52,177,PCB,46573
27,28,0,54,109,PCB,150458
63,82,34,0,179,PCM,27771
92,91,76,0,259,PCM,2478
62,65,0,84,211,PCB,15889
25,61,0,91,177,PCB,44006
40,70,85,0,195,PCM,17773
47,31,34,0,112,PCM,97660
25,81,0,58,164,PCB,65724
91,43,82,0,216,PCM,7151
35,51,78,0,164,PCM,43011
29,38,0,68,135,PCB,114938
21,79,0,77,177,PCB,46361
72,82,0,32,186,PCB,34348
48,40,0,57,145,PCB,100439
77,72,71,0,220,PCM,7739
24,42,45,0,111,PCM,98382
51,74,0,98,223,PCB,9523
42,83,93,0,218,PCM,7218
84,51,0,71,206,PCB,15687
21,68,0,40,129,PCB,125274
31,73,0,93,197,PCB,24260
98,74,0,81,253,PCB,1183
97,64,0,47,208,PCB,16655
100,46,0,55,201,PCB,20918
60,35,68,0,163,PCM,43846
59,42,39,0,140,PCM,71083
30,30,86,0,146,PCM,65442
55,53,91,0,199,PCM,15762
34,64,0,97,195,PCB,25829
82,35,47,0,164,PCM,42517
26,74,0,63,163,PCB,68484
94,82,0,96,272,PCB,1030
61,48,0,61,170,PCB,56447
52,40,85,0,177,PCM,30008
74,56,0,69,199,PCB,21907
23,99,0,75,197,PCB,24191
92,53,0,64,209,PCB,14167
71,38,61,0,170,PCM,36435
95,29,36,0,160,PCM,48166
20,33,32,0,85,PCM,112096
39,97,0,39,175,PCB,47532
82,29,0,69,180,PCB,43222
93,66,0,48,207,PCB,15322
90,93,0,44,227,PCB,8968
20,73,65,0,158,PCM,51584
66,43,89,0,198,PCM,14728
85,46,0,92,223,PCB,10363
57,34,25,0,116,PCM,96163
33,38,20,0,91,PCM,109918
36,41,0,83,160,PCB,71032
49,32,70,0,151,PCM,57929
86,43,60,0,189,PCM,21288
24,75,0,93,192,PCB,29748
53,33,0,64,150,PCB,89971
62,96,90,0,248,PCM,1494
22,54,44,0,120,PCM,92340
75,88,0,84,247,PCB,4175
28,62,0,49,139,PCB,110346
56,76,0,87,219,PCB,11024
73,37,0,97,207,PCB,16171
43,69,0,99,211,PCB,13068
79,72,0,91,242,PCB,5646
88,79,0,99,266,PCB,3306
71,66,0,71,208,PCB,16632
62,23,62,0,147,PCM,63187
54,37,66,0,157,PCM,52605
40,58,0,74,172,PCB,53882
95,45,0,36,176,PCB,45609
21,98,0,43,162,PCB,69352
60,37,0,84,181,PCB,41512
71,54,0,43,168,PCB,57982
38,82,52,0,172,PCM,34902
85,50,0,85,220,PCB,9541
31,81,0,86,198,PCB,22910
74,91,0,100,265,PCB,2890
97,37,0,79,213,PCB,14810
58,85,70,0,213,PCM,8468
90,40,61,0,191,PCM,20292
64,60,0,28,152,PCB,87778
87,25,0,30,142,PCB,105318
29,30,67,0,126,PCM,85912
64,41,66,0,171,PCM,36121
60,38,89,0,187,PCM,21380
72,76,20,0,168,PCM,38280
52,85,0,98,235,PCB,6109
68,56,44,0,168,PCM,39796
82,28,31,0,141,PCM,69786
79,86,0,51,216,PCB,10989
56,36,0,71,163,PCB,66853
92,99,92,0,283,PCM,1141
97,57,72,0,226,PCM,6485
92,56,0,85,233,PCB,7513
36,44,0,54,134,PCB,117050
91,54,26,0,171,PCM,37050
97,87,0,86,270,PCB,999
65,50,52,0,167,PCM,40976
83,35,0,43,161,PCB,69602
62,21,63,0,146,PCM,65331
29,28,0,44,101,PCB,156323
89,37,63,0,189,PCM,20923
88,56,0,39,183,PCB,38281
62,44,24,0,130,PCM,83347
100,77,45,0,222,PCM,5777
37,65,0,68,170,PCB,57477
36,33,0,77,146,PCB,96952
50,23,22,0,95,PCM,108739
64,71,38,0,173,PCM,34250
59,66,90,0,215,PCM,7550
93,100,36,0,229,PCM,4848
74,34,0,22,130,PCB,123002
75,69,81,0,225,PCM,4921
60,70,52,0,182,PCM,27121
78,65,26,0,169,PCM,37172
75,61,0,48,184,PCB,37021
78,22,0,56,156,PCB,78305
20,37,42,0,99,PCM,105289
92,69,0,45,206,PCB,18183
24,30,0,96,150,PCB,91111
39,46,0,91,176,PCB,48748
54,100,36,0,190,PCM,19940
100,96,0,76,272,PCB,3135
76,21,0,70,167,PCB,61554
85,83,27,0,195,PCM,17253
94,94,99,0,287,PCM,1379
53,43,34,0,130,PCM,82126
86,44,94,0,224,PCM,5065
88,99,84,0,271,PCM,1302
71,71,0,82,224,PCB,10527
68,99,0,82,249,PCB,3811
35,100,0,21,156,PCB,78183
39,27,94,0,160,PCM,48942
84,26,0,60,170,PCB,57443
57,65,0,54,176,PCB,45396
59,55,0,94,208,PCB,14504
78,75,98,0,251,PCM,2636
79,63,91,0,233,PCM,4295
47,73,39,0,159,PCM,49041
75,86,0,49,210,PCB,16460
63,65,0,71,199,PCB,21514
33,62,0,20,115,PCB,144862
54,75,0,27,156,PCB,78191
93,56,26,0,175,PCM,31606
30,49,0,89,168,PCB,58107
38,69,0,37,144,PCB,99121
56,32,26,0,114,PCM,97723
92,78,0,65,235,PCB,7480
48,43,35,0,126,PCM,87333
52,100,0,39,191,PCB,30384
41,54,0,94,189,PCB,32068
54,61,0,62,177,PCB,46396
26,93,0,40,159,PCB,75445
51,82,30,0,163,PCM,44994
72,21,0,28,121,PCB,136798
40,75,87,0,202,PCM,13424
52,68,0,36,156,PCB,78792
79,65,0,67,211,PCB,15513
32,43,70,0,145,PCM,66710
76,54,0,73,203,PCB,17790
35,79,49,0,163,PCM,45056
77,50,55,0,182,PCM,26538
80,22,81,0,183,PCM,25522
44,51,95,0,190,PCM,20581
71,89,0,62,222,PCB,11160
99,77,0,56,232,PCB,6844
20,40,93,0,153,PCM,55338
92,21,0,34,147,PCB,94528
92,48,0,75,215,PCB,10949
49,70,0,71,190,PCB,28822
28,82,0,34,144,PCB,101890
40,49,0,90,179,PCB,44155
90,21,83,0,194,PCM,17533
50,45,36,0,131,PCM,81573
54,87,27,0,168,PCM,39749
88,38,51,0,177,PCM,29862
86,74,83,0,243,PCM,2311
74,42,91,0,207,PCM,11081
54,44,0,84,182,PCB,40419
75,31,0,25,131,PCB,122644
77,60,0,24,161,PCB,72163
74,24,0,25,123,PCB,134310
80,87,69,0,236,PCM,4768
47,22,0,84,153,PCB,84497
78,53,0,86,217,PCB,12969
67,74,0,44,185,PCB,35572
76,50,0,22,148,PCB,93853
98,58,0,60,216,PCB,12857
56,56,31,0,143,PCM,69241
81,74,0,76,231,PCB,6195
97,98,38,0,233,PCM,3373
46,90,85,0,221,PCM,7699
57,39,43,0,139,PCM,73137
63,82,0,65,210,PCB,14779
81,25,0,28,134,PCB,119549
48,89,0,37,174,PCB,48845
42,100,0,82,224,PCB,7859
36,71,0,69,176,PCB,48362
97,36,80,0,213,PCM,7814
46,94,0,65,205,PCB,17015
78,30,90,0,198,PCM,14639
95,44,25,0,164,PCM,44615
98,78,0,45,221,PCB,8627
36,74,0,33,143,PCB,104049
24,79,62,0,165,PCM,41557
58,73,67,0,198,PCM,15203
73,62,0,69,204,PCB,17330
25,25,97,0,147,PCM,63541
66,99,63,0,228,PCM,4396
83,87,97,0,267,PCM,333
38,29,47,0,114,PCM,98191
82,40,0,95,217,PCB,11959
29,51,46,0,126,PCM,87887
50,44,86,0,180,PCM,27701
26,72,99,0,197,PCM,14979
34,77,45,0,156,PCM,52528
60,94,0,90,244,PCB,4691
88,21,56,0,165,PCM,42879
49,81,62,0,192,PCM,19085
45,47,0,70,162,PCB,69893
64,98,29,0,191,PCM,18769
46,25,0,34,105,PCB,154851
82,31,96,0,209,PCM,9283
57,99,0,82,238,PCB,5544
44,92,0,82,218,PCB,10023
87,51,71,0,209,PCM,10193
65,25,0,80,170,PCB,56960
75,45,0,62,182,PCB,38055
34,79,29,0,142,PCM,70206
83,88,0,66,237,PCB,5680
39,76,20,0,135,PCM,77530
41,99,0,23,163,PCB,66197
23,30,43,0,96,PCM,107350
24,96,0,86,206,PCB,17001
84,95,98,0,277,PCM,1
56,43,0,71,170,PCB,57343
47,51,0,93,191,PCB,30234
74,62,0,50,186,PCB,35334
53,75,35,0,163,PCM,43611
44,65,0,71,180,PCB,42104
83,23,0,87,193,PCB,29075
24,30,0,73,127,PCB,129713
83,25,0,20,128,PCB,127257
69,55,0,69,193,PCB,27529
39,40,57,0,136,PCM,75818
66,66,0,93,225,PCB,10026
65,22,0,89,176,PCB,47121
71,95,0,63,229,PCB,9102
30,45,84,0,159,PCM,48651
97,52,54,0,203,PCM,12356
73,43,0,77,193,PCB,26291
90,31,0,95,216,PCB,11286
65,36,64,0,165,PCM,42255
73,46,20,0,139,PCM,73125
89,84,84,0,257,PCM,2553
40,79,0,36,155,PCB,80552
92,98,0,33,223,PCB,9652
51,68,83,0,202,PCM,14151
75,21,0,86,182,PCB,40751
49,53,0,94,196,PCB,24073
51,27,22,0,100,PCM,105930
91,88,92,0,271,PCM,1232
81,33,26,0,140,PCM,71756
97,25,88,0,210,PCM,8910
43,27,88,0,158,PCM,50109
64,51,62,0,177,PCM,31344
35,60,46,0,141,PCM,71153
92,52,69,0,213,PCM,8539
98,72,82,0,252,PCM,2580
87,30,44,0,161,PCM,46198
21,87,64,0,172,PCM,35398
21,25,96,0,142,PCM,70560
41,59,71,0,171,PCM,36953
41,62,30,0,133,PCM,79921
100,40,0,47,187,PCB,33746
95,58,91,0,244,PCM,3819
64,81,50,0,195,PCM,17445
95,33,0,90,218,PCB,10366
50,57,23,0,130,PCM,83214
76,86,0,90,252,PCB,3168
75,31,34,0,140,PCM,72692
29,79,0,98,206,PCB,18496
28,33,51,0,112,PCM,99109
75,68,41,0,184,PCM,24398
95,60,42,0,197,PCM,15606
89,71,54,0,214,PCM,9798
81,39,0,81,201,PCB,21650
86,72,23,0,181,PCM,25858
98,31,0,35,164,PCB,65041
62,60,0,83,205,PCB,16951
71,79,0,32,182,PCB,38185
23,56,0,69,148,PCB,91798
93,77,0,42,212,PCB,14852
94,85,98,0,277,PCM,929
87,74,50,0,211,PCM,10732
32,60,84,0,176,PCM,31254
28,48,0,89,165,PCB,62624
35,64,0,79,178,PCB,45184
94,42,62,0,198,PCM,15335
95,25,83,0,203,PCM,13613
38,91,86,0,215,PCM,7512
98,64,82,0,244,PCM,1974
35,27,0,32,94,PCB,164057
80,73,0,88,241,PCB,3141
85,71,0,24,180,PCB,41673
20,66,0,70,156,PCB,81048
21,82,0,66,169,PCB,57279
87,34,78,0,199,PCM,13703
100,47,51,0,198,PCM,15445
96,31,47,0,174,PCM,32447
99,51,66,0,216,PCM,8639
72,58,0,55,185,PCB,35703
38,63,0,65,166,PCB,60666
66,98,0,91,255,PCB,2461
50,25,0,91,166,PCB,62605
66,45,82,0,193,PCM,17189
85,52,0,57,194,PCB,25254
20,86,72,0,178,PCM,29379
74,98,0,51,223,PCB,10856
30,47,59,0,136,PCM,76996
26,66,0,68,160,PCB,73714
27,86,75,0,188,PCM,22681
30,47,86,0,163,PCM,45124
44,96,0,26,166,PCB,61281
51,94,0,92,237,PCB,4707
70,97,0,48,215,PCB,11207
73,97,57,0,227,PCM,4910
72,69,40,0,181,PCM,26817
80,23,0,66,169,PCB,58160
25,20,0,51,96,PCB,161864
70,82,20,0,172,PCM,35414
68,80,0,60,208,PCB,17734
65,98,79,0,242,PCM,3160
35,56,0,84,175,PCB,50048
100,35,0,68,203,PCB,18434
91,43,0,44,178,PCB,43308
57,42,29,0,128,PCM,85527
38,96,58,0,192,PCM,17855
96,100,82,0,278,PCM,569
30,88,57,0,175,PCM,31881
63,22,32,0,117,PCM,94571
43,63,52,0,158,PCM,49364
58,82,20,0,160,PCM,47125
35,65,0,84,184,PCB,38371
99,21,43,0,163,PCM,44378
95,78,63,0,236,PCM,3854
87,41,0,36,164,PCB,65952
28,28,68,0,124,PCM,89258
62,77,0,80,219,PCB,12464
96,42,0,100,238,PCB,3847
100,24,0,83,207,PCB,17035
54,31,0,76,161,PCB,70916
62,50,0,94,206,PCB,19066
60,71,0,51,182,PCB,38998
48,27,99,0,174,PCM,33453
97,21,97,0,215,PCM,8462
88,31,0,73,192,PCB,27859
74,66,0,67,207,PCB,15271
32,64,23,0,119,PCM,92130
34,30,66,0,130,PCM,82745
68,22,0,66,156,PCB,78316
99,37,0,98,234,PCB,5911
38,94,92,0,224,PCM,5144
21,41,43,0,105,PCM,102936
82,34,0,61,177,PCB,43942
52,57,57,0,166,PCM,40378
44,20,0,98,162,PCB,69703
89,60,24,0,173,PCM,33102
94,45,0,98,237,PCB,5410
62,92,44,0,198,PCM,16054
46,90,0,23,159,PCB,75053
48,93,67,0,208,PCM,11439
81,64,0,99,244,PCB,3592
36,29,0,49,114,PCB,146905
35,34,0,31,100,PCB,158119
90,46,57,0,193,PCM,18620
62,92,0,52,206,PCB,18806
26,26,76,0,128,PCM,83793
21,22,99,0,142,PCM,69735
68,68,0,56,192,PCB,29712
63,45,75,0,183,PCM,26383
43,23,0,93,159,PCB,73709
89,92,46,0,227,PCM,5161
27,48,29,0,104,PCM,104581
94,65,66,0,225,PCM,5828
97,80,48,0,225,PCM,4710
21,46,53,0,120,PCM,91327
84,50,82,0,216,PCM,8249
37,91,88,0,216,PCM,7931
82,26,0,72,180,PCB,40654
86,84,0,100,270,PCB,2057
93,90,0,42,225,PCB,10111
84,38,0,79,201,PCB,21421
66,23,52,0,141,PCM,70961
88,57,83,0,228,PCM,4451
78,95,0,87,260,PCB,2291
40,54,44,0,138,PCM,74868
35,85,0,32,152,PCB,87838
88,39,96,0,223,PCM,5573
81,98,0,74,253,PCB,3858
28,31,0,94,153,PCB,83587
80,76,0,100,256,PCB,4093
41,72,0,48,161,PCB,71639
65,48,0,78,191,PCB,28554
93,75,0,20,188,PCB,32887
22,97,71,0,190,PCM,20620
86,69,0,52,207,PCB,17880
87,50,0,35,172,PCB,52756
38,51,46,0,135,PCM,77894
34,41,0,58,133,PCB,121101
48,79,0,73,200,PCB,21446
47,45,33,0,125,PCM,88841
96,57,0,63,216,PCB,10879
50,49,0,45,144,PCB,101968
28,33,0,62,123,PCB,135391
56,40,96,0,192,PCM,18566
52,37,0,70,159,PCB,73251
63,28,0,65,156,PCB,78371
96,87,0,87,270,PCB,2684
42,43,94,0,179,PCM,29324
82,40,50,0,172,PCM,34416
31,45,100,0,176,PCM,30620
71,61,0,27,159,PCB,75439
49,49,0,63,161,PCB,68789
30,52,62,0,144,PCM,66487
20,36,0,46,102,PCB,158239
58,37,46,0,141,PCM,70099
66,95,0,36,197,PCB,25418
94,80,95,0,269,PCM,1681
95,57,0,36,188,PCB,33578
86,48,0,24,158,PCB,74845
58,29,29,0,116,PCM,94636
35,76,58,0,169,PCM,38438
86,27,0,65,178,PCB,44600
70,77,50,0,197,PCM,15193
89,68,0,62,219,PCB,9602
48,58,0,77,183,PCB,39339
84,46,25,0,155,PCM,54838
83,25,78,0,186,PCM,22722
43,81,87,0,211,PCM,10172
40,76,69,0,185,PCM,24741
27,58,95,0,180,PCM,28242
35,48,0,50,133,PCB,119015
43,25,0,61,129,PCB,126629
91,74,30,0,195,PCM,17348
52,21,0,69,142,PCB,105466
58,69,66,0,193,PCM,19155
79,27,46,0,152,PCM,56688
91,48,99,0,238,PCM,4639
36,94,20,0,150,PCM,60044
30,27,0,55,112,PCB,147251
41,55,93,0,189,PCM,21731
31,91,0,47,169,PCB,57563
86,98,0,30,214,PCB,12946
35,46,90,0,171,PCM,36488
86,79,0,28,193,PCB,28670
26,54,0,33,113,PCB,146275
23,93,87,0,203,PCM,12300
65,95,0,70,230,PCB,6436
61,35,62,0,158,PCM,51115
100,72,62,0,234,PCM,3931
48,89,0,36,173,PCB,51773
88,81,63,0,232,PCM,4252
26,69,84,0,179,PCM,29047
40,31,34,0,105,PCM,103190
96,60,61,0,217,PCM,7456
96,54,76,0,226,PCM,5861
47,36,0,63,146,PCB,95865
53,24,89,0,166,PCM,42243
41,94,0,26,161,PCB,70546
93,22,67,0,182,PCM,25636
49,52,0,98,199,PCB,21196
41,51,96,0,188,PCM,21441
49,27,75,0,151,PCM,58779
43,95,64,0,202,PCM,13053
23,93,0,56,172,PCB,51219
53,75,0,32,160,PCB,73101
95,49,0,49,193,PCB,27277
64,84,0,60,208,PCB,15321
54,47,45,0,146,PCM,64682
85,98,0,67,250,PCB,4714
89,66,33,0,188,PCM,21331
54,40,24,0,118,PCM,94376
28,74,88,0,190,PCM,19962
38,75,0,66,179,PCB,44664
87,63,0,86,236,PCB,5060
89,30,65,0,184,PCM,25471
53,26,0,99,178,PCB,43288
66,22,38,0,126,PCM,86588
49,37,32,0,118,PCM,94049
51,58,72,0,181,PCM,27361
53,72,0,41,166,PCB,63930
95,27,0,55,177,PCB,47166
41,86,100,0,227,PCM,4832
100,50,0,35,185,PCB,37011
63,40,30,0,133,PCM,78936
51,70,34,0,155,PCM,53727
69,56,35,0,160,PCM,47710
57,71,47,0,175,PCM,32650
34,75,61,0,170,PCM,36053
61,30,44,0,135,PCM,76671
36,42,0,86,164,PCB,65656
20,43,0,98,161,PCB,72205
55,98,79,0,232,PCM,5187
22,75,0,86,183,PCB,37926
48,70,0,52,170,PCB,56883
58,91,42,0,191,PCM,18701
52,92,70,0,214,PCM,8976
88,90,0,24,202,PCB,21005
50,33,34,0,117,PCM,94075
53,22,0,72,147,PCB,94356
75,67,82,0,224,PCM,5935
77,88,0,81,246,PCB,5511
30,70,43,0,143,PCM,67439
66,46,39,0,151,PCM,57848
44,43,0,94,181,PCB,41105
63,81,0,57,201,PCB,19557
52,80,0,98,230,PCB,6427
75,82,80,0,237,PCM,3639
84,68,74,0,226,PCM,4584
52,21,0,95,168,PCB,58114
78,42,42,0,162,PCM,46310
36,86,0,77,199,PCB,23653
45,76,81,0,202,PCM,12620
75,66,73,0,214,PCM,8637
77,51,0,61,189,PCB,31404
67,31,0,48,146,PCB,98295
48,27,0,71,146,PCB,98094
43,94,0,43,180,PCB,42971
58,71,47,0,176,PCM,31194
65,55,45,0,165,PCM,43303
82,95,0,82,259,PCB,499
60,69,0,38,167,PCB,60273
52,56,0,57,165,PCB,63073
60,75,80,0,215,PCM,7189
74,48,38,0,160,PCM,49258
96,86,98,0,280,PCM,1751
40,42,0,20,102,PCB,156672
77,33,52,0,162,PCM,46613
68,27,31,0,126,PCM,85596
23,99,0,45,167,PCB,58818
59,25,67,0,151,PCM,58973
53,67,33,0,153,PCM,56189
56,65,89,0,210,PCM,10232
35,78,0,20,133,PCB,117926
21,42,45,0,108,PCM,101990
35,78,72,0,185,PCM,23168
98,97,26,0,221,PCM,5525
93,48,28,0,169,PCM,38991
87,71,88,0,246,PCM,1750
40,76,74,0,190,PCM,19274
64,61,0,69,194,PCB,27994
39,69,0,50,158,PCB,74854
71,27,52,0,150,PCM,59671
39,75,33,0,147,PCM,63239
57,37,0,87,181,PCB,39683
58,30,64,0,152,PCM,57898
97,32,0,83,212,PCB,12219
62,64,0,63,189,PCB,32512
88,65,0,41,194,PCB,27517
32,81,0,84,197,PCB,22115
74,32,68,0,174,PCM,33609
52,87,31,0,170,PCM,37980
45,97,0,83,225,PCB,10214
29,48,51,0,128,PCM,85688
95,35,0,67,197,PCB,25271
60,22,47,0,129,PCM,82992
22,68,0,71,161,PCB,70049
55,94,0,66,215,PCB,12665
27,44,0,73,144,PCB,102359
64,64,79,0,207,PCM,11648
70,71,94,0,235,PCM,2994
47,67,0,66,180,PCB,42419
51,27,24,0,102,PCM,105222
48,81,28,0,157,PCM,52256
44,60,45,0,149,PCM,62254
88,26,20,0,134,PCM,79204
96,58,0,52,206,PCB,18641
50,42,0,72,164,PCB,65044
47,37,0,72,156,PCB,80691
34,97,25,0,156,PCM,52476
90,88,89,0,267,PCM,2101
40,87,0,83,210,PCB,14054
54,36,0,80,170,PCB,56813
39,91,88,0,218,PCM,8449
28,63,0,27,118,PCB,140310
20,53,82,0,155,PCM,53541
80,85,0,92,257,PCB,2517
30,51,0,50,131,PCB,123685
70,63,94,0,227,PCM,6167
54,91,59,0,204,PCM,12485
59,93,0,87,239,PCB,3911
48,67,0,32,147,PCB,93640
30,66,74,0,170,PCM,36809
73,70,27,0,170,PCM,37348
29,64,32,0,125,PCM,88195
25,90,25,0,140,PCM,71247
89,97,38,0,224,PCM,6241
100,50,0,49,199,PCB,23504
83,84,0,51,218,PCB,10664
92,31,27,0,150,PCM,59878
38,21,42,0,101,PCM,104721
33,78,83,0,194,PCM,16933
46,100,0,64,210,PCB,14637
54,78,24,0,156,PCM,53946
68,73,0,61,202,PCB,20932
25,78,0,76,179,PCB,41318
35,52,0,66,153,PCB,83769
21,83,66,0,170,PCM,38332
25,27,0,40,92,PCB,162839
95,30,63,0,188,PCM,20626
40,80,74,0,194,PCM,18455
29,58,67,0,154,PCM,54049
37,79,0,21,137,PCB,112509
20,37,0,25,82,PCB,170041
73,50,41,0,164,PCM,43994
25,44,0,44,113,PCB,146599
22,37,0,67,126,PCB,130802
36,79,56,0,171,PCM,35335
26,64,0,72,162,PCB,68694
46,87,0,26,159,PCB,72233
75,64,0,88,227,PCB,9477
43,87,0,89,219,PCB,10921
46,29,0,89,164,PCB,65041
65,20,0,48,133,PCB,119084
100,55,0,66,221,PCB,9656
90,46,0,51,187,PCB,34225
93,85,71,0,249,PCM,2137
79,55,0,36,170,PCB,54534
22,43,0,91,156,PCB,78571
94,56,0,94,244,PCB,5759
58,98,23,0,179,PCM,29436
90,86,96,0,272,PCM,864
43,35,71,0,149,PCM,61140
42,97,0,70,209,PCB,16912
67,20,0,75,162,PCB,68497
82,96,82,0,260,PCM,2367
97,78,86,0,261,PCM,1540
76,83,64,0,223,PCM,5764
64,41,0,73,178,PCB,45158
86,81,0,27,194,PCB,27084
62,30,62,0,154,PCM,55757
62,78,38,0,178,PCM,30612
27,76,0,25,128,PCB,125858
89,76,0,63,228,PCB,9065
43,100,0,70,213,PCB,12552
49,53,0,50,152,PCB,87276
48,25,0,91,164,PCB,66264
65,90,42,0,197,PCM,16867
29,31,0,90,150,PCB,90913
36,21,0,99,156,PCB,77546
34,28,0,29,91,PCB,165512
95,82,0,62,239,PCB,6325
93,86,76,0,255,PCM,2866
85,37,87,0,209,PCM,9194
48,74,0,85,207,PCB,16342
29,53,92,0,174,PCM,32977
22,54,0,21,97,PCB,159022
96,28,0,62,186,PCB,35158
37,87,0,42,166,PCB,62647
86,41,0,28,155,PCB,82759
68,33,86,0,187,PCM,22219
43,92,69,0,204,PCM,12867
33,67,51,0,151,PCM,58359
91,38,56,0,185,PCM,24133
46,53,90,0,189,PCM,19871
60,49,0,54,163,PCB,66795
33,83,0,51,167,PCB,60972
97,88,90,0,275,PCM,136
40,85,0,75,200,PCB,22643
76,43,65,0,184,PCM,24077
54,59,0,41,154,PCB,84449
86,54,22,0,162,PCM,46995
74,44,0,45,163,PCB,68826
98,84,98,0,280,PCM,1
99,75,0,33,207,PCB,15156
96,89,0,95,280,PCB,2684
41,38,0,31,110,PCB,151327
26,44,80,0,150,PCM,58859
21,29,0,46,96,PCB,160043
87,74,26,0,187,PCM,23329
74,43,0,84,201,PCB,20583
79,67,48,0,194,PCM,17297
53,21,0,97,171,PCB,55725
24,32,0,86,142,PCB,104095
22,34,0,26,82,PCB,168896
37,67,96,0,200,PCM,14470
46,31,0,37,114,PCB,144688
32,94,0,33,159,PCB,75225
72,57,49,0,178,PCM,29497
27,26,57,0,110,PCM,99861
35,32,32,0,99,PCM,105669
71,68,0,28,167,PCB,61226
36,68,33,0,137,PCM,74615
87,38,0,85,210,PCB,13953
40,81,0,47,168,PCB,58618
71,48,42,0,161,PCM,46602
30,84,0,100,214,PCB,14264
30,95,0,85,210,PCB,14090
37,82,36,0,155,PCM,53789
22,75,0,57,154,PCB,83269
91,97,0,71,259,PCB,3817
51,70,96,0,217,PCM,8292
87,64,0,28,179,PCB,44050
24,57,73,0,154,PCM,55861
79,28,32,0,139,PCM,72706
96,38,71,0,205,PCM,12109
61,51,42,0,154,PCM,55174
80,51,0,69,200,PCB,20028
20,42,0,89,151,PCB,86845
48,55,57,0,160,PCM,47129
34,83,0,61,178,PCB,44247
28,87,70,0,185,PCM,24466
63,39,75,0,177,PCM,29244
70,93,68,0,231,PCM,3555
41,44,95,0,180,PCM,28583
100,76,0,82,258,PCB,3519
21,96,0,75,192,PCB,26964
97,74,0,42,213,PCB,13514
63,64,0,59,186,PCB,33539
92,85,35,0,212,PCM,9173
64,42,23,0,129,PCM,83998
26,35,98,0,159,PCM,49276
42,95,82,0,219,PCM,7690
20,34,57,0,111,PCM,98410
95,90,52,0,237,PCM,2666
97,58,0,42,197,PCB,22699
26,66,0,71,163,PCB,65788
38,47,30,0,115,PCM,96426
46,54,0,90,190,PCB,30548
58,91,56,0,205,PCM,11174
89,25,23,0,137,PCM,76096
34,55,24,0,113,PCM,98141
45,39,0,38,122,PCB,136305
43,64,0,34,141,PCB,104444
83,59,46,0,188,PCM,21969
84,57,74,0,215,PCM,8658
90,30,0,87,207,PCB,16305
30,62,0,28,120,PCB,139976
89,63,0,72,224,PCB,7177
38,50,0,57,145,PCB,98808
68,81,0,36,185,PCB,36461
23,49,0,56,128,PCB,126851
73,42,0,97,212,PCB,13100
46,32,0,30,108,PCB,153087
93,78,0,92,263,PCB,3034
61,87,0,41,189,PCB,32652
89,26,0,74,189,PCB,31807
63,49,42,0,154,PCM,54581
20,32,0,74,126,PCB,129974
63,34,99,0,196,PCM,17344
81,91,57,0,229,PCM,5578
66,67,95,0,228,PCM,4898
46,31,0,73,150,PCB,88543
34,34,49,0,117,PCM,95535
61,42,0,43,146,PCB,97094
22,77,0,74,173,PCB,50909
25,34,27,0,86,PCM,110841
28,41,73,0,142,PCM,70668
56,29,0,28,113,PCB,147694
44,32,0,54,130,PCB,123645
39,41,0,22,102,PCB,155828
88,71,47,0,206,PCM,11163
37,85,0,60,182,PCB,40089
88,36,48,0,172,PCM,35604
59,81,23,0,163,PCM,45889
58,58,69,0,185,PCM,24482
27,94,77,0,198,PCM,16469
84,66,0,40,190,PCB,28826
83,61,83,0,227,PCM,6291
20,41,86,0,147,PCM,63150
89,69,0,38,196,PCB,23328
51,41,25,0,117,PCM,94249
62,96,0,77,235,PCB,4133
84,50,84,0,218,PCM,7312
44,93,23,0,160,PCM,47325
92,72,57,0,221,PCM,6863
21,68,48,0,137,PCM,75220
91,28,84,0,203,PCM,13663
72,46,0,62,180,PCB,42039
96,20,0,97,213,PCB,14656
30,20,0,54,104,PCB,153720
32,20,0,56,108,PCB,152595
72,95,52,0,219,PCM,7082
30,33,0,81,144,PCB,101521
41,35,0,21,97,PCB,160758
55,87,59,0,201,PCM,14471
47,54,0,41,142,PCB,103179
64,45,97,0,206,PCM,11058
70,63,57,0,190,PCM,21345
29,61,86,0,176,PCM,31535
62,33,41,0,136,PCM,75847
72,88,0,84,244,PCB,4987
81,79,0,66,226,PCB,6587
74,52,75,0,201,PCM,14262
57,79,25,0,161,PCM,47904
68,31,0,46,145,PCB,99310
32,79,0,73,184,PCB,35384
45,24,0,92,161,PCB,70758
51,96,82,0,229,PCM,3874
88,65,88,0,241,PCM,2965
45,22,0,80,147,PCB,95466
55,97,73,0,225,PCM,4976
100,71,85,0,256,PCM,2890
25,85,0,49,159,PCB,73038
35,36,0,57,128,PCB,125744
64,92,0,69,225,PCB,9419
37,57,93,0,187,PCM,21517
21,33,0,98,152,PCB,87150
67,94,59,0,220,PCM,7980
63,57,0,95,215,PCB,12218
52,24,99,0,175,PCM,32099
53,52,0,44,149,PCB,92668
21,36,94,0,151,PCM,59166
37,37,42,0,116,PCM,95646
88,83,0,68,239,PCB,6766
56,66,20,0,142,PCM,69255
81,82,94,0,257,PCM,484
76,25,58,0,159,PCM,50140
42,38,34,0,114,PCM,97213
85,76,0,28,189,PCB,30983
84,69,34,0,187,PCM,21475
31,75,87,0,193,PCM,18087
34,68,53,0,155,PCM,53981
50,24,22,0,96,PCM,106923
90,100,0,87,277,PCB,140
27,24,76,0,127,PCM,86929
32,49,0,50,131,PCB,122804
63,52,0,94,209,PCB,15821
38,38,40,0,116,PCM,94636
51,82,0,99,232,PCB,7219
68,40,80,0,188,PCM,20432
39,58,0,81,178,PCB,42580
84,31,0,86,201,PCB,19082
99,43,0,68,210,PCB,13623
93,71,0,34,198,PCB,22480
100,59,82,0,241,PCM,3230
62,41,39,0,142,PCM,70442
46,35,37,0,118,PCM,93724
84,80,0,64,228,PCB,5985
75,74,0,21,170,PCB,55279
73,34,20,0,127,PCM,86964
96,97,59,0,252,PCM,2650
41,35,0,30,106,PCB,153645
95,63,64,0,222,PCM,6384
52,92,0,86,230,PCB,7377
53,96,0,88,237,PCB,5212
95,85,0,68,248,PCB,1747
59,49,0,31,139,PCB,108079
32,74,0,93,199,PCB,22638
25,73,0,31,129,PCB,127325
56,94,46,0,196,PCM,17346
62,88,0,91,241,PCB,4714
87,35,85,0,207,PCM,10233
53,96,0,31,180,PCB,42311
46,41,0,74,161,PCB,69477
38,91,34,0,163,PCM,45567
65,84,47,0,196,PCM,17050
38,91,0,69,198,PCB,22866
41,74,0,26,141,PCB,107352
77,87,0,22,186,PCB,34153
31,91,0,55,177,PCB,45130
25,90,0,46,161,PCB,70414
48,46,0,74,168,PCB,58500
67,54,0,28,149,PCB,91700
66,96,63,0,225,PCM,4969
43,81,0,79,203,PCB,20380
29,25,62,0,116,PCM,94755
97,68,0,21,186,PCB,36084
23,87,0,73,183,PCB,38316
53,84,84,0,221,PCM,7761
68,44,68,0,180,PCM,27122
50,77,0,53,180,PCB,43386
91,31,63,0,185,PCM,24100
57,99,30,0,186,PCM,22079
80,21,0,76,177,PCB,45437
76,94,0,26,196,PCB,24683
84,47,0,57,188,PCB,31532
75,84,0,58,217,PCB,11844
32,75,89,0,196,PCM,16558
80,73,29,0,182,PCM,25884
36,79,29,0,144,PCM,67850
28,81,48,0,157,PCM,52245
87,52,0,70,209,PCB,16229
66,93,0,86,245,PCB,2186
65,20,31,0,116,PCM,95122
64,95,28,0,187,PCM,22222
65,38,42,0,145,PCM,67156
65,100,99,0,264,PCM,928
54,78,0,71,203,PCB,20416
40,65,42,0,147,PCM,63849
34,44,56,0,134,PCM,78977
79,24,37,0,140,PCM,71204
63,81,97,0,241,PCM,2965
91,61,0,56,208,PCB,15486
67,53,26,0,146,PCM,65010
89,41,0,34,164,PCB,65417
89,48,0,54,191,PCB,30582
83,78,58,0,219,PCM,6070
50,31,0,34,115,PCB,144058
97,51,86,0,234,PCM,4327
61,31,0,64,156,PCB,78854
32,79,0,48,159,PCB,73866
100,72,29,0,201,PCM,14789
27,63,77,0,167,PCM,39558
25,24,0,56,105,PCB,156151
74,72,29,0,175,PCM,32036
55,36,0,48,139,PCB,108042
80,82,72,0,234,PCM,4113
48,44,85,0,177,PCM,30929
69,68,0,87,224,PCB,10084
71,36,91,0,198,PCM,15851
65,50,0,48,163,PCB,66925
73,79,88,0,240,PCM,2856
83,23,89,0,195,PCM,17360
76,35,0,60,171,PCB,54707
27,53,43,0,123,PCM,88702
41,52,94,0,187,PCM,22248
65,92,0,23,180,PCB,43422
63,60,0,51,174,PCB,50922
86,31,0,71,188,PCB,31888
95,99,0,79,273,PCB,1970
67,40,0,73,180,PCB,42631
46,63,51,0,160,PCM,48393
28,22,70,0,120,PCM,92253
45,55,0,46,146,PCB,95873
90,95,0,59,244,PCB,2320
82,74,47,0,203,PCM,13141
88,50,0,70,208,PCB,14981
57,82,0,89,228,PCB,7078
84,98,24,0,206,PCM,11098
95,42,52,0,189,PCM,19905
64,54,85,0,203,PCM,13877
83,78,70,0,231,PCM,4256
78,66,44,0,188,PCM,22138
89,63,0,31,183,PCB,38723
60,71,0,86,217,PCB,13319
30,36,0,39,105,PCB,154198
64,87,0,42,193,PCB,26757
69,100,26,0,195,PCM,16817
90,48,0,92,230,PCB,5456
43,33,26,0,102,PCM,104827
100,54,36,0,190,PCM,19117
23,33,60,0,116,PCM,95197
76,20,0,53,149,PCB,90090
24,43,0,55,122,PCB,135938
97,67,0,90,254,PCB,4025
99,20,34,0,153,PCM,55681
23,67,0,68,158,PCB,75179
58,26,0,83,167,PCB,61758
75,29,0,64,168,PCB,58054
89,34,0,29,152,PCB,86527
70,23,0,36,129,PCB,124211
31,57,0,85,173,PCB,51385
20,48,0,23,91,PCB,165170
29,91,41,0,161,PCM,47211
48,83,24,0,155,PCM,53308
100,42,0,51,193,PCB,28978
72,91,24,0,187,PCM,21914
36,74,57,0,167,PCM,39162
75,71,0,47,193,PCB,28482
60,32,0,25,117,PCB,143351
40,48,46,0,134,PCM,78058
66,48,22,0,136,PCM,75400
86,93,62,0,241,PCM,1871
99,84,0,29,212,PCB,13589
80,46,0,59,185,PCB,33938
21,89,89,0,199,PCM,13632
25,20,0,93,138,PCB,110896
95,63,43,0,201,PCM,14785
89,82,23,0,194,PCM,17924
79,84,23,0,186,PCM,22339
50,100,0,32,182,PCB,38654
69,77,22,0,168,PCM,38644
42,79,0,66,187,PCB,31965
60,64,92,0,216,PCM,7502
63,94,0,44,201,PCB,21923
87,63,40,0,190,PCM,20788
72,87,0,80,239,PCB,6436
57,94,31,0,182,PCM,26247
71,79,80,0,230,PCM,5841
97,33,100,0,230,PCM,5482
32,25,26,0,83,PCM,112371
44,100,40,0,184,PCM,25443
40,97,0,69,206,PCB,16234
48,40,0,93,181,PCB,40617
65,44,0,27,136,PCB,114696
47,82,0,78,207,PCB,15075
36,97,0,42,175,PCB,48951
92,66,38,0,196,PCM,17597
41,45,0,69,155,PCB,82757
73,76,0,71,220,PCB,10025
50,48,21,0,119,PCM,93610
21,41,0,69,131,PCB,121790
96,62,0,29,187,PCB,35065
50,61,0,22,133,PCB,120970
21,59,54,0,134,PCM,78855
72,76,88,0,236,PCM,4023
85,24,0,99,208,PCB,16695
50,46,0,53,149,PCB,91208
94,63,0,26,183,PCB,39522
49,72,24,0,145,PCM,66759
97,66,42,0,205,PCM,13023
72,54,66,0,192,PCM,18361
94,70,0,85,249,PCB,1582
28,31,77,0,136,PCM,75667
40,33,0,23,96,PCB,159666
28,40,22,0,90,PCM,109206
37,25,49,0,111,PCM,98212
62,100,35,0,197,PCM,15191
53,67,81,0,201,PCM,13843
59,52,28,0,139,PCM,73047
59,59,0,66,184,PCB,36887
36,45,0,44,125,PCB,133114
51,83,0,47,181,PCB,41079
91,20,72,0,183,PCM,25082
31,56,60,0,147,PCM,63338
37,67,36,0,140,PCM,72471
23,69,56,0,148,PCM,61280
37,62,82,0,181,PCM,27539
40,89,0,95,224,PCB,10266
85,34,0,72,191,PCB,29074
36,33,0,85,154,PCB,81278
63,85,82,0,230,PCM,3875
95,31,0,53,179,PCB,42578
87,24,67,0,178,PCM,28918
61,22,0,21,104,PCB,154043
95,92,59,0,246,PCM,2662
54,96,0,59,209,PCB,16158
99,92,48,0,239,PCM,2585
95,56,70,0,221,PCM,5618
52,32,47,0,131,PCM,82589
36,53,0,23,112,PCB,148059
38,43,0,51,132,PCB,122697
30,68,39,0,137,PCM,74763
89,97,52,0,238,PCM,4524
92,31,50,0,173,PCM,35306
72,50,32,0,154,PCM,55320
39,24,96,0,159,PCM,49766
92,53,57,0,202,PCM,12232
86,94,0,100,280,PCB,2724
91,46,92,0,229,PCM,4999
88,36,0,73,197,PCB,23864
88,35,0,67,190,PCB,31450
89,34,0,71,194,PCB,28154
85,100,0,46,231,PCB,6748
21,87,22,0,130,PCM,83184
59,68,0,55,182,PCB,38268
32,90,0,70,192,PCB,26901
30,80,62,0,172,PCM,35506
28,52,0,100,180,PCB,41936
55,87,0,25,167,PCB,59761
45,26,0,52,123,PCB,133892
95,30,0,53,178,PCB,45916
62,50,23,0,135,PCM,77738
79,96,0,95,270,PCB,2837
70,47,0,96,213,PCB,11801
93,44,46,0,183,PCM,24221
78,63,0,28,169,PCB,57801
48,100,48,0,196,PCM,16313
32,80,76,0,188,PCM,20916
72,52,0,66,190,PCB,31058
51,29,0,83,163,PCB,66617
59,55,0,93,207,PCB,16311
54,87,0,43,184,PCB,38097
25,85,0,48,158,PCB,75139
32,51,0,37,120,PCB,138301
38,71,0,87,196,PCB,24803
87,82,0,68,237,PCB,7074
82,51,0,47,180,PCB,43333
45,35,58,0,138,PCM,74351
90,48,0,60,198,PCB,23369
25,92,42,0,159,PCM,48560
97,56,25,0,178,PCM,29321
94,73,0,26,193,PCB,25979
98,47,29,0,174,PCM,33486
21,83,0,37,141,PCB,104605
61,79,21,0,161,PCM,46804
100,53,36,0,189,PCM,19799
35,83,32,0,150,PCM,60262
46,78,36,0,160,PCM,48261
46,97,57,0,200,PCM,13126
91,96,0,79,266,PCB,3496
41,95,0,23,159,PCB,73944
25,98,0,43,166,PCB,62411
70,83,0,61,214,PCB,13920
42,40,0,91,173,PCB,50915
42,87,0,95,224,PCB,8963
25,44,50,0,119,PCM,92017
64,38,23,0,125,PCM,87156
62,44,63,0,169,PCM,37404
75,59,0,70,204,PCB,17400
25,48,0,68,141,PCB,105032
57,23,0,23,103,PCB,157373
22,59,0,26,107,PCB,151581
66,59,0,88,213,PCB,13016
25,87,79,0,191,PCM,20614
94,50,71,0,215,PCM,7657
49,91,0,64,204,PCB,19836
92,31,0,24,147,PCB,93754
62,70,0,86,218,PCB,10541
39,67,0,100,206,PCB,17598
56,60,0,47,163,PCB,66759
55,21,40,0,116,PCM,94989
33,66,0,50,149,PCB,93482
88,66,98,0,252,PCM,2742
57,66,0,50,173,PCB,50419
25,26,0,26,77,PCB,171541
81,97,79,0,257,PCM,1507
90,25,0,72,187,PCB,34220
51,61,0,42,154,PCB,83684
92,24,0,89,205,PCB,18829
89,88,0,58,235,PCB,5441
24,82,0,66,172,PCB,52969
34,24,0,79,137,PCB,112293
69,50,0,100,219,PCB,12061
45,41,35,0,121,PCM,91950
88,66,0,86,240,PCB,4290
28,20,0,79,127,PCB,129161
25,39,54,0,118,PCM,95031
74,79,0,39,192,PCB,29020
51,97,0,71,219,PCB,11174
83,31,78,0,192,PCM,19191
62,99,0,26,187,PCB,34318
99,54,0,99,252,PCB,3610
73,93,0,29,195,PCB,26668
81,55,0,32,168,PCB,57202
96,97,45,0,238,PCM,2972
21,66,0,43,130,PCB,123674
63,60,91,0,214,PCM,9232
24,69,42,0,135,PCM,78116
81,80,73,0,234,PCM,4285
37,25,64,0,126,PCM,85848
81,30,36,0,147,PCM,64333
45,23,25,0,93,PCM,108930
48,96,0,46,190,PCB,31178
88,28,0,21,137,PCB,112435
72,67,0,81,220,PCB,11423
54,38,66,0,158,PCM,51412
97,72,0,54,223,PCB,9213
68,21,0,59,148,PCB,93732
73,94,98,0,265,PCM,1036
98,54,31,0,183,PCM,25927
64,72,0,23,159,PCB,74260
93,64,0,52,209,PCB,15797
53,50,84,0,187,PCM,21156
92,93,69,0,254,PCM,955
38,23,0,73,134,PCB,117528
69,88,36,0,193,PCM,17464
48,65,58,0,171,PCM,36173
30,92,0,57,179,PCB,41623
46,20,0,39,105,PCB,153335
79,75,0,38,192,PCB,29634
99,66,72,0,237,PCM,3892
100,71,0,46,217,PCB,10067
57,89,36,0,182,PCM,26655
46,59,0,57,162,PCB,67389
67,44,0,72,183,PCB,38801
57,96,0,26,179,PCB,43208
69,57,43,0,169,PCM,37577
39,87,45,0,171,PCM,35314
91,80,91,0,262,PCM,2134
41,75,27,0,143,PCM,67207
75,49,0,51,175,PCB,49230
97,31,0,20,148,PCB,94146
57,67,0,22,146,PCB,96058
39,89,0,86,214,PCB,13920
76,97,93,0,266,PCM,389
44,62,0,44,150,PCB,91749
46,24,70,0,140,PCM,71285
94,33,33,0,160,PCM,48198
29,62,0,75,166,PCB,62960
58,80,45,0,183,PCM,25832
23,79,0,74,176,PCB,48300
56,52,0,96,204,PCB,17024
97,94,100,0,291,PCM,1
100,46,86,0,232,PCM,4464
46,56,63,0,165,PCM,43148
82,25,63,0,170,PCM,36802
96,66,0,67,229,PCB,6515
48,90,0,60,198,PCB,22548
55,71,72,0,198,PCM,14148
46,58,0,70,174,PCB,48352
31,44,43,0,118,PCM,94737
22,82,0,27,131,PCB,121534
41,78,0,34,153,PCB,85946
38,53,94,0,185,PCM,23931
52,72,0,61,185,PCB,36197
85,98,77,0,260,PCM,304
43,57,49,0,149,PCM,60691
84,90,0,23,197,PCB,22234
63,89,0,87,239,PCB,3368
88,26,63,0,177,PCM,29450
58,55,44,0,157,PCM,51107
64,76,0,37,177,PCB,44234
83,100,0,32,215,PCB,13978
44,55,0,46,145,PCB,98251
79,25,0,25,129,PCB,125406
37,88,0,64,189,PCB,32370
63,47,0,75,185,PCB,37399
38,92,31,0,161,PCM,45822
41,79,0,79,199,PCB,23865
46,45,30,0,121,PCM,91000
89,86,84,0,259,PCM,620
41,74,0,51,166,PCB,63227
34,94,0,25,153,PCB,86000
60,59,66,0,185,PCM,24509
30,50,0,81,161,PCB,70879
84,51,55,0,190,PCM,20645
26,100,27,0,153,PCM,55687
80,47,0,70,197,PCB,25038
21,95,0,29,145,PCB,99146
33,63,0,55,151,PCB,89702
47,86,65,0,198,PCM,14745
93,92,32,0,217,PCM,8534
47,62,0,98,207,PCB,15511
60,41,46,0,147,PCM,62523
54,81,0,73,208,PCB,17763
39,95,60,0,194,PCM,17708
91,91,26,0,208,PCM,10037
89,92,0,90,271,PCB,3012
85,67,0,74,226,PCB,9820
50,75,0,86,211,PCB,15051
20,45,0,70,135,PCB,116006
60,27,0,97,184,PCB,37235
80,90,53,0,223,PCM,6877
89,84,99,0,272,PCM,341
86,53,0,86,225,PCB,9556
54,73,81,0,208,PCM,9646
71,44,59,0,174,PCM,32795
96,46,91,0,233,PCM,3194
45,94,72,0,211,PCM,9794
38,73,57,0,168,PCM,39957
88,82,0,40,210,PCB,14729
81,99,0,20,200,PCB,20473
65,90,29,0,184,PCM,24226
49,64,0,46,159,PCB,73153
74,63,44,0,181,PCM,27096
63,34,31,0,128,PCM,84484
21,32,87,0,140,PCM,72822
94,34,47,0,175,PCM,32365
45,35,0,45,125,PCB,132579
73,28,66,0,167,PCM,41263
66,72,91,0,229,PCM,3905
100,27,93,0,220,PCM,7995
37,90,57,0,184,PCM,25007
65,73,0,64,202,PCB,21529
91,86,0,92,269,PCB,541
88,95,69,0,252,PCM,2857
54,73,93,0,220,PCM,6881
64,22,0,37,123,PCB,133608
64,42,22,0,128,PCM,85501
53,91,0,72,216,PCB,13689
41,27,0,48,116,PCB,144745
44,48,0,31,123,PCB,133245
49,73,0,32,154,PCB,83815
75,48,82,0,205,PCM,11856
71,43,46,0,160,PCM,49155
98,79,97,0,274,PCM,598
77,36,0,72,185,PCB,35121
44,86,28,0,158,PCM,51103
83,82,0,23,188,PCB,33361
57,45,0,42,144,PCB,99054
36,83,83,0,202,PCM,14029
97,42,36,0,175,PCM,32431
69,96,21,0,186,PCM,22936
43,72,0,93,208,PCB,15300
96,51,0,81,228,PCB,8417
61,29,0,22,112,PCB,147452
25,90,78,0,193,PCM,18203
81,77,0,21,179,PCB,41889
84,88,43,0,215,PCM,7472
61,62,0,40,163,PCB,66583
52,78,0,28,158,PCB,75262
28,73,84,0,185,PCM,24867
72,93,0,62,227,PCB,8528
95,57,77,0,229,PCM,4313
38,30,46,0,114,PCM,98071
61,45,0,92,198,PCB,23170
64,82,64,0,210,PCM,10377
93,64,31,0,188,PCM,21667
68,64,0,94,226,PCB,8256
38,42,71,0,151,PCM,59495
35,72,0,55,162,PCB,69431
67,80,0,56,203,PCB,18300
74,85,64,0,223,PCM,6829
61,70,0,35,166,PCB,63785
38,65,0,28,131,PCB,123426
29,24,40,0,93,PCM,107869
48,60,26,0,134,PCM,77654
44,31,46,0,121,PCM,90494
50,48,92,0,190,PCM,20977
60,98,0,30,188,PCB,30735
27,84,0,99,210,PCB,13949
33,44,73,0,150,PCM,60811
68,66,44,0,178,PCM,29357
52,84,31,0,167,PCM,40452
89,51,87,0,227,PCM,5277
27,51,0,76,154,PCB,82558
23,95,57,0,175,PCM,31974
100,38,0,49,187,PCB,32466
46,59,61,0,166,PCM,40513
64,64,0,62,190,PCB,30451
64,27,0,38,129,PCB,123929
62,57,82,0,201,PCM,13953
50,94,0,85,229,PCB,8958
75,23,85,0,183,PCM,26046
59,67,38,0,164,PCM,42690
38,57,0,72,167,PCB,58759
71,99,21,0,191,PCM,20189
32,45,0,92,169,PCB,55613
58,38,0,31,127,PCB,128399
65,21,0,67,153,PCB,85607
74,70,35,0,179,PCM,27893
54,27,0,68,149,PCB,91891
87,22,0,75,184,PCB,37701
44,59,59,0,162,PCM,46077
100,53,0,64,217,PCB,11950
57,20,0,20,97,PCB,161034
89,80,0,47,216,PCB,10466
63,30,43,0,136,PCM,75573
97,90,0,25,212,PCB,12194
68,34,94,0,196,PCM,17079
85,76,66,0,227,PCM,5020
78,96,0,87,261,PCB,1388
65,20,0,94,179,PCB,41412
72,65,45,0,182,PCM,25037
32,81,0,61,174,PCB,49548
74,74,0,91,239,PCB,3830
71,31,0,39,141,PCB,105391
26,90,0,35,151,PCB,89795
35,62,0,72,169,PCB,56214
36,28,0,40,104,PCB,153566
22,99,80,0,201,PCM,14485
50,46,0,76,172,PCB,53749
21,32,93,0,146,PCM,64268
71,67,0,50,188,PCB,31976
61,98,86,0,245,PCM,2089
92,68,0,45,205,PCB,19554
87,45,0,39,171,PCB,53428
97,59,0,56,212,PCB,13364
86,71,0,27,184,PCB,36215
72,28,74,0,174,PCM,33853
46,29,55,0,130,PCM,81726
22,76,21,0,119,PCM,91944
47,27,40,0,114,PCM,97482
77,100,94,0,271,PCM,219
28,43,96,0,167,PCM,39770
88,32,0,94,214,PCB,11394
80,26,0,90,196,PCB,24939
29,99,0,23,151,PCB,87178
93,82,52,0,227,PCM,4803
92,79,51,0,222,PCM,5716
31,68,0,50,149,PCB,92285
56,32,81,0,169,PCM,39000
97,75,0,82,254,PCB,1372
72,49,65,0,186,PCM,22436
77,61,0,37,175,PCB,49712
21,56,0,86,163,PCB,66327
84,85,0,77,246,PCB,3752
65,85,0,72,222,PCB,9805
79,77,0,76,232,PCB,5737
100,94,89,0,283,PCM,646
74,46,78,0,198,PCM,14523
34,87,24,0,145,PCM,65329
47,98,0,33,178,PCB,44940
61,78,0,94,233,PCB,7304
52,54,81,0,187,PCM,21429
63,35,76,0,174,PCM,32437
68,78,0,93,239,PCB,4123
35,42,73,0,150,PCM,60049
90,72,64,0,226,PCM,4341
58,67,78,0,203,PCM,12683
96,71,0,92,259,PCB,2347
67,34,85,0,186,PCM,24050
95,51,93,0,239,PCM,2403
28,55,0,48,131,PCB,122970
94,66,65,0,225,PCM,6254
87,100,0,69,256,PCB,2743
87,50,0,48,185,PCB,35052
25,84,96,0,205,PCM,11132
44,92,0,58,194,PCB,26859
60,31,91,0,182,PCM,25531
30,66,0,22,118,PCB,141111
88,26,0,96,210,PCB,14529
66,74,55,0,195,PCM,17445
80,78,0,29,187,PCB,31775
56,88,0,55,199,PCB,20610
48,25,84,0,157,PCM,52037
92,79,0,77,248,PCB,2321
95,82,68,0,245,PCM,2939
70,88,0,93,251,PCB,2663
53,77,31,0,161,PCM,46867
88,89,0,87,264,PCB,797
43,64,0,94,201,PCB,18933
33,67,0,67,167,PCB,60383
40,20,0,34,94,PCB,161895
32,55,0,71,158,PCB,75920
47,85,88,0,220,PCM,6065
86,58,0,76,220,PCB,10321
71,35,0,51,157,PCB,77629
78,23,0,61,162,PCB,67859
92,95,69,0,256,PCM,1473
64,26,60,0,150,PCM,59230
25,33,0,88,146,PCB,95581
28,98,0,38,164,PCB,66484
63,76,31,0,170,PCM,38214
53,40,0,99,192,PCB,29469
75,42,51,0,168,PCM,39885
61,31,0,93,185,PCB,37102
25,36,0,66,127,PCB,128483
90,100,44,0,234,PCM,4949
46,49,0,75,170,PCB,54630
52,66,0,71,189,PCB,31414
90,54,0,60,204,PCB,18685
35,88,94,0,217,PCM,7358
82,81,0,97,260,PCB,2626
40,71,0,44,155,PCB,81403
64,23,0,89,176,PCB,48649
35,72,0,93,200,PCB,19788
89,39,0,64,192,PCB,26993
79,22,0,33,134,PCB,119019
33,91,0,34,158,PCB,76254
54,98,0,58,210,PCB,14052
29,63,57,0,149,PCM,61378
79,76,0,61,216,PCB,11822
57,40,0,73,170,PCB,55542
26,27,98,0,151,PCM,58183
79,95,75,0,249,PCM,2555
35,83,0,44,162,PCB,68621
56,98,0,78,232,PCB,7853
73,82,81,0,236,PCM,4298
64,92,0,51,207,PCB,15571
27,90,0,91,208,PCB,16110
76,20,0,22,118,PCB,141386
85,55,0,64,204,PCB,20311
63,28,22,0,113,PCM,97223
49,57,0,36,142,PCB,104813
83,72,0,25,180,PCB,42729
20,53,0,37,110,PCB,148338
65,92,0,20,177,PCB,44283
85,61,0,47,193,PCB,26317
25,22,29,0,76,PCM,113235
100,44,0,100,244,PCB,4920
100,45,0,62,207,PCB,15973
53,41,0,64,158,PCB,76444
78,27,39,0,144,PCM,67949
47,94,0,74,215,PCB,13809
52,52,0,33,137,PCB,111298
79,96,0,98,273,PCB,1
35,82,0,63,180,PCB,40288
54,64,26,0,144,PCM,66923
45,51,21,0,117,PCM,94379
24,46,91,0,161,PCM,47822
93,32,0,72,197,PCB,23995
77,51,0,28,156,PCB,79618
88,36,0,63,187,PCB,34860
43,39,0,27,109,PCB,150389
92,54,0,84,230,PCB,5563
98,74,59,0,231,PCM,5385
66,39,27,0,132,PCM,79608
26,26,0,57,109,PCB,151015
91,24,29,0,144,PCM,66868
48,78,32,0,158,PCM,50942
93,79,56,0,228,PCM,5176
92,20,86,0,198,PCM,15824
79,80,0,77,236,PCB,4504
63,36,59,0,158,PCM,50028
90,83,0,61,234,PCB,7777
34,56,34,0,124,PCM,89639
54,93,0,33,180,PCB,40937
100,71,21,0,192,PCM,19807
83,90,0,61,234,PCB,6659
38,80,0,56,174,PCB,49127
51,41,22,0,114,PCM,97707
78,100,0,49,227,PCB,7672
97,74,0,63,234,PCB,7141
66,26,100,0,192,PCM,19022
57,86,43,0,186,PCM,23901
49,46,0,83,178,PCB,44984
65,84,0,48,197,PCB,24354
39,62,61,0,162,PCM,45165
33,71,92,0,196,PCM,15705
61,43,0,94,198,PCB,24372
67,87,0,75,229,PCB,5886
64,97,22,0,183,PCM,24658
20,99,0,75,194,PCB,24946
45,52,0,87,184,PCB,36457
41,79,0,32,152,PCB,85848
30,54,72,0,156,PCM,53326
53,28,25,0,106,PCM,102527
73,39,0,55,167,PCB,59105
89,21,0,68,178,PCB,44152
59,84,0,50,193,PCB,26758
74,25,91,0,190,PCM,19787
20,61,61,0,142,PCM,68933
21,30,0,31,82,PCB,169914
93,25,96,0,214,PCM,8587
55,49,0,62,166,PCB,61144
61,45,36,0,142,PCM,69580
64,97,0,40,201,PCB,21526
64,61,0,45,170,PCB,54315
61,68,0,59,188,PCB,33865
67,61,31,0,159,PCM,50181
43,89,0,26,158,PCB,77170
53,56,45,0,154,PCM,55098
96,53,58,0,207,PCM,11932
27,32,66,0,125,PCM,88225
60,91,29,0,180,PCM,27167
80,92,0,69,241,PCB,4299
43,75,80,0,198,PCM,15766
40,22,53,0,115,PCM,97439
79,99,53,0,231,PCM,4774
57,70,79,0,206,PCM,11425
27,84,0,66,177,PCB,44952
57,69,43,0,169,PCM,38772
100,48,33,0,181,PCM,26191
99,92,71,0,262,PCM,1627
95,94,58,0,247,PCM,2456
39,100,0,43,182,PCB,38615
54,43,34,0,131,PCM,80865
55,75,0,69,199,PCB,23926
35,77,0,43,155,PCB,80323
36,61,92,0,189,PCM,21756
50,80,0,83,213,PCB,11668
29,25,71,0,125,PCM,88099
32,59,40,0,131,PCM,82638
64,81,0,28,173,PCB,51167
66,68,0,100,234,PCB,7635
62,75,0,57,194,PCB,26595
63,77,33,0,173,PCM,33890
45,22,61,0,128,PCM,84975
21,72,80,0,173,PCM,34509
81,76,0,62,219,PCB,9853
49,22,60,0,131,PCM,80760
23,60,0,83,166,PCB,61255
31,78,73,0,182,PCM,26674
80,61,0,68,209,PCB,17020
35,36,24,0,95,PCM,108141
88,90,80,0,258,PCM,2070
94,88,24,0,206,PCM,11442
54,83,0,35,172,PCB,53255
78,34,39,0,151,PCM,59285
66,88,0,20,174,PCB,48878
22,38,0,69,129,PCB,124794
21,33,0,93,147,PCB,95657
60,48,0,99,207,PCB,18095
57,48,0,25,130,PCB,125228
35,40,58,0,133,PCM,79709
56,85,50,0,191,PCM,19844
26,72,0,84,182,PCB,39181
58,69,0,84,211,PCB,13652
25,72,0,56,153,PCB,86400
86,52,44,0,182,PCM,25021
81,52,62,0,195,PCM,17120
98,96,31,0,225,PCM,4983
43,82,0,55,180,PCB,40304
66,91,0,20,177,PCB,44274
100,73,44,0,217,PCM,8486
62,33,0,80,175,PCB,48871
72,63,59,0,194,PCM,17033
30,96,84,0,210,PCM,9099
42,20,73,0,135,PCM,77359
71,29,0,54,154,PCB,84106
40,90,0,25,155,PCB,80478
66,82,23,0,171,PCM,37078
88,47,66,0,201,PCM,14598
48,89,90,0,227,PCM,5132
66,27,20,0,113,PCM,97222
64,91,67,0,222,PCM,6694
70,69,45,0,184,PCM,25305
89,90,32,0,211,PCM,8623
44,46,32,0,122,PCM,91096
55,37,0,78,170,PCB,57330
86,64,25,0,175,PCM,33334
82,32,0,38,152,PCB,88126
36,57,0,73,166,PCB,62766
95,27,69,0,191,PCM,19823
82,61,0,27,170,PCB,54821
37,91,34,0,162,PCM,45406
95,34,75,0,204,PCM,12055
88,97,100,0,285,PCM,1
43,31,87,0,161,PCM,46614
81,66,0,91,238,PCB,6254
65,96,29,0,190,PCM,20408
21,41,28,0,90,PCM,110080
20,89,0,42,151,PCB,88390
96,78,26,0,200,PCM,13412
72,59,0,52,183,PCB,39528
22,24,82,0,128,PCM,83654
25,49,0,51,125,PCB,130285
58,94,35,0,187,PCM,21872
33,78,0,92,203,PCB,18149
23,42,0,93,158,PCB,76618
21,21,0,63,105,PCB,155760
84,59,65,0,208,PCM,10468
74,47,71,0,192,PCM,19912
98,58,66,0,222,PCM,5943
42,97,51,0,190,PCM,19084
72,94,0,82,248,PCB,2003
53,40,53,0,146,PCM,65319
56,46,0,85,187,PCB,32281
29,73,61,0,163,PCM,43990
86,80,92,0,258,PCM,1129
26,20,65,0,111,PCM,99404
38,63,0,87,188,PCB,33068
50,82,55,0,187,PCM,21839
63,78,44,0,185,PCM,22979
37,83,88,0,208,PCM,11578
41,92,0,79,212,PCB,14583
38,36,31,0,105,PCM,103391
99,21,0,59,179,PCB,42584
56,38,0,88,182,PCB,37692
31,96,94,0,221,PCM,7215
63,53,0,87,203,PCB,18915
64,37,67,0,168,PCM,39431
96,70,0,40,206,PCB,15631
63,43,76,0,182,PCM,25966
58,22,0,80,160,PCB,70881
100,41,36,0,177,PCM,30085
36,69,0,46,151,PCB,86626
94,53,0,26,173,PCB,50373
99,44,45,0,188,PCM,21826
95,98,0,32,225,PCB,7778
74,58,0,50,182,PCB,37643
59,98,63,0,220,PCM,7368
43,21,0,44,108,PCB,151021
84,89,0,49,222,PCB,11250
61,86,0,60,207,PCB,17713
86,63,0,70,219,PCB,10082
31,63,0,96,190,PCB,29388
35,69,29,0,133,PCM,79838
43,75,45,0,163,PCM,44831
46,46,63,0,155,PCM,53942
47,87,88,0,222,PCM,5682
73,27,0,35,135,PCB,117504
37,29,0,46,112,PCB,149400
52,81,72,0,205,PCM,12678
29,22,62,0,113,PCM,98448
27,95,34,0,156,PCM,52581
97,72,0,23,192,PCB,29595
52,37,91,0,180,PCM,28720
41,60,0,59,160,PCB,72906
98,54,32,0,184,PCM,25473
50,28,33,0,111,PCM,99500
83,95,91,0,269,PCM,726
72,22,21,0,115,PCM,97321
93,41,0,63,197,PCB,23964
41,37,0,26,104,PCB,153984
50,79,91,0,220,PCM,6733
88,73,93,0,254,PCM,1805
30,95,0,49,174,PCB,48605
68,86,0,98,252,PCB,3680
71,79,41,0,191,PCM,18558
94,27,0,46,167,PCB,61637
36,68,0,56,160,PCB,72319
27,28,0,91,146,PCB,97545
34,58,86,0,178,PCM,28579
88,30,0,83,201,PCB,19625
70,39,0,49,158,PCB,75336
40,26,0,88,154,PCB,84369
66,21,0,45,132,PCB,122290
75,56,0,88,219,PCB,12443
32,83,98,0,213,PCM,9936
84,75,0,87,246,PCB,3472
47,22,62,0,131,PCM,81572
34,61,0,62,157,PCB,78330
38,47,61,0,146,PCM,63675
59,60,33,0,152,PCM,56538
57,52,37,0,146,PCM,63762
24,58,0,29,111,PCB,148422
32,36,78,0,146,PCM,63931
98,77,61,0,236,PCM,4527
30,62,61,0,153,PCM,57279
63,32,0,51,146,PCB,96780
37,44,0,100,181,PCB,41292
77,92,0,61,230,PCB,5563
85,69,80,0,234,PCM,2941
65,57,71,0,193,PCM,18075
51,48,47,0,146,PCM,64939
70,65,0,61,196,PCB,25310
32,48,68,0,148,PCM,62030
83,62,0,52,197,PCB,22178
47,89,83,0,219,PCM,5956
79,41,0,95,215,PCB,12159
74,86,80,0,240,PCM,3797
42,76,0,68,186,PCB,35663
87,59,0,89,235,PCB,6902
61,88,0,65,214,PCB,11731
24,40,0,39,103,PCB,155841
80,25,0,89,194,PCB,27514
27,71,21,0,119,PCM,91956
95,94,47,0,236,PCM,3319
28,63,45,0,136,PCM,76627
94,97,52,0,243,PCM,3383
89,55,38,0,182,PCM,26182
96,23,0,82,201,PCB,19376
96,53,24,0,173,PCM,33758
32,35,0,67,134,PCB,119261
87,39,0,39,165,PCB,65385
24,60,55,0,139,PCM,72616
97,65,0,52,214,PCB,11797
97,21,34,0,152,PCM,57882
82,93,0,77,252,PCB,2970
78,94,29,0,201,PCM,12646
75,33,69,0,177,PCM,30891
73,88,49,0,210,PCM,9475
38,42,49,0,129,PCM,84659
41,22,53,0,116,PCM,96215
62,67,0,42,171,PCB,55151
77,29,34,0,140,PCM,71584
80,72,0,38,190,PCB,29609
30,39,59,0,128,PCM,84233
57,80,90,0,227,PCM,4214
64,76,0,56,196,PCB,24809
81,47,0,29,157,PCB,76245
32,64,36,0,132,PCM,79636
79,93,43,0,215,PCM,7440
27,25,0,99,151,PCB,89976
31,59,0,97,187,PCB,33248
45,71,0,49,165,PCB,64665
23,77,0,70,170,PCB,56911
52,22,0,100,174,PCB,48905
43,86,0,28,157,PCB,79085
40,64,0,75,179,PCB,41494
59,71,100,0,230,PCM,4951
44,20,28,0,92,PCM,109598
87,50,0,80,217,PCB,10438
92,35,0,41,168,PCB,57393
20,99,0,68,187,PCB,35121
28,88,96,0,212,PCM,10330
31,82,0,65,178,PCB,43152
79,48,0,39,166,PCB,61273
32,22,0,82,136,PCB,114339
89,85,0,46,220,PCB,11764
28,35,100,0,163,PCM,44947
85,24,34,0,143,PCM,67975
64,46,36,0,146,PCM,65663
23,87,33,0,143,PCM,67172
55,74,0,67,196,PCB,26341
44,33,0,81,158,PCB,74523
96,23,0,77,196,PCB,23808
98,60,0,88,246,PCB,3620
27,50,60,0,137,PCM,74896
30,48,0,94,172,PCB,52768
64,35,28,0,127,PCM,86252
46,41,0,31,118,PCB,141079
89,30,0,74,193,PCB,27953
72,97,0,56,225,PCB,9021
81,29,80,0,190,PCM,19584
22,56,47,0,125,PCM,88291
56,47,34,0,137,PCM,75653
70,47,27,0,144,PCM,66446
96,73,0,54,223,PCB,8662
45,59,0,50,154,PCB,81539
90,54,41,0,185,PCM,23028
36,20,86,0,142,PCM,68945
75,28,0,50,153,PCB,85513
85,80,0,82,247,PCB,5009
27,80,48,0,155,PCM,55194
32,51,44,0,127,PCM,85612
26,95,0,55,176,PCB,47569
90,52,0,23,165,PCB,63068
59,62,0,64,185,PCB,35628
39,71,58,0,168,PCM,39835
90,84,0,83,257,PCB,3381
63,30,0,22,115,PCB,144990
60,40,49,0,149,PCM,62178
33,22,73,0,128,PCM,84627
23,77,0,34,134,PCB,117246
41,37,63,0,141,PCM,70247
92,49,69,0,210,PCM,9972
81,84,0,94,259,PCB,2357
58,21,52,0,131,PCM,80987
47,59,93,0,199,PCM,14000
38,88,25,0,151,PCM,59724
23,61,0,38,122,PCB,134219
49,90,0,52,191,PCB,28298
80,49,0,56,185,PCB,34236
33,29,80,0,142,PCM,69220
55,84,0,65,204,PCB,20292
27,99,0,38,164,PCB,65459
22,29,0,24,75,PCB,169825
40,24,83,0,147,PCM,64365
59,55,41,0,155,PCM,53537
88,31,0,75,194,PCB,24847
63,84,61,0,208,PCM,11899
24,85,25,0,134,PCM,78126
25,34,100,0,159,PCM,48315
64,79,0,69,212,PCB,14471
65,64,0,99,228,PCB,6158
78,37,0,87,202,PCB,21709
76,62,85,0,223,PCM,5264
21,26,97,0,144,PCM,66526
27,32,39,0,98,PCM,107542
72,98,35,0,205,PCM,12531
60,33,74,0,167,PCM,39927
49,89,0,53,191,PCB,29909
33,82,67,0,182,PCM,25569
97,75,0,24,196,PCB,24562
49,65,0,50,164,PCB,64487
73,33,0,64,170,PCB,57372
96,83,46,0,225,PCM,6736
98,65,93,0,256,PCM,666
93,74,66,0,233,PCM,3881
22,58,0,56,136,PCB,116171
26,56,56,0,138,PCM,73397
85,42,0,37,164,PCB,65148
50,40,61,0,151,PCM,59664
33,24,0,87,144,PCB,99179
55,21,0,97,173,PCB,53085
58,87,51,0,196,PCM,16172
53,84,0,36,173,PCB,50745
61,21,0,48,130,PCB,125446
62,63,84,0,209,PCM,9406
64,67,92,0,223,PCM,6211
21,80,0,95,196,PCB,24117
58,67,55,0,180,PCM,28939
67,33,46,0,146,PCM,64363
93,91,93,0,277,PCM,973
88,46,0,58,192,PCB,26782
50,35,0,56,141,PCB,107710
100,28,67,0,195,PCM,16324
98,80,0,39,217,PCB,12272
42,51,0,38,131,PCB,122723
83,58,0,39,180,PCB,42021
38,65,0,99,202,PCB,20625
31,71,31,0,133,PCM,79814
93,84,0,93,270,PCB,71
79,40,54,0,173,PCM,33378
76,60,66,0,202,PCM,12737
51,52,0,45,148,PCB,92852
67,70,0,21,158,PCB,76712
100,58,89,0,247,PCM,2443
87,79,73,0,239,PCM,2460
68,30,53,0,151,PCM,59190
100,75,92,0,267,PCM,2207
74,55,0,97,226,PCB,7238
71,95,50,0,216,PCM,8611
95,94,0,79,268,PCB,1085
75,70,0,24,169,PCB,56421
27,33,0,64,124,PCB,132072
86,92,0,77,255,PCB,1953
32,70,74,0,176,PCM,30516
99,50,0,69,218,PCB,11532
59,24,0,40,123,PCB,135144
29,65,23,0,117,PCM,94819
20,62,0,22,104,PCB,155430
80,86,51,0,217,PCM,7165
91,62,0,93,246,PCB,5537
21,72,75,0,168,PCM,38544
76,36,43,0,155,PCM,53804
87,23,0,75,185,PCB,36343
48,44,0,66,158,PCB,77453
27,83,35,0,145,PCM,66691
34,42,0,83,159,PCB,74276
73,47,0,27,147,PCB,97115
61,91,72,0,224,PCM,6684
31,61,0,36,128,PCB,127322
80,28,0,80,188,PCB,32717
92,78,41,0,211,PCM,10727
75,63,0,25,163,PCB,65474
97,98,0,86,281,PCB,2236
83,91,38,0,212,PCM,9854
82,85,0,25,192,PCB,29007
33,100,52,0,185,PCM,24327
84,72,0,31,187,PCB,34409
75,46,0,61,182,PCB,38521
41,88,100,0,229,PCM,4372
52,83,0,36,171,PCB,53344
73,36,32,0,141,PCM,71252
74,43,0,42,159,PCB,74206
40,24,78,0,142,PCM,68945
65,43,0,60,168,PCB,59640
49,43,76,0,168,PCM,38406
51,53,0,49,153,PCB,85949
21,21,0,57,99,PCB,157673
73,43,0,97,213,PCB,13743
96,72,0,80,248,PCB,4562
90,89,0,25,204,PCB,17348
39,62,60,0,161,PCM,47284
58,26,0,62,146,PCB,97601
23,41,0,48,112,PCB,146442
43,51,0,49,143,PCB,103564
47,34,20,0,101,PCM,104754
90,41,0,36,167,PCB,62289
100,27,0,52,179,PCB,41708
44,58,30,0,132,PCM,79887
89,33,0,71,193,PCB,25750
42,41,0,28,111,PCB,148250
94,80,96,0,270,PCM,1448
71,94,0,62,227,PCB,8972
88,94,0,82,264,PCB,1480
26,32,34,0,92,PCM,109462
86,26,87,0,199,PCM,14894
52,25,25,0,102,PCM,105478
58,36,0,31,125,PCB,132190
31,71,0,41,143,PCB,103005
100,28,0,34,162,PCB,68809
46,92,0,88,226,PCB,7449
85,43,96,0,224,PCM,5677
78,66,0,67,211,PCB,15424
81,54,45,0,180,PCM,27554
36,60,0,95,191,PCB,30042
58,54,0,36,148,PCB,93628
37,40,0,88,165,PCB,64695
22,34,50,0,106,PCM,101831
38,79,0,43,160,PCB,74031
70,20,74,0,164,PCM,44346
74,90,0,51,215,PCB,13001
47,78,25,0,150,PCM,61023
65,46,59,0,170,PCM,36930
90,40,0,24,154,PCB,82593
65,36,0,95,196,PCB,23130
43,88,0,38,169,PCB,55636
92,93,87,0,272,PCM,1097
98,89,0,95,282,PCB,1547
54,53,0,30,137,PCB,112479
96,89,0,79,264,PCB,1784
81,69,36,0,186,PCM,23115
22,31,0,64,117,PCB,141116
46,25,100,0,171,PCM,35820
60,62,30,0,152,PCM,58007
28,43,0,33,104,PCB,155440
45,68,0,64,177,PCB,46225
23,48,0,75,146,PCB,97264
85,90,33,0,208,PCM,9744
23,55,0,27,105,PCB,155969
75,53,37,0,165,PCM,42543
98,36,28,0,162,PCM,46547
55,21,27,0,103,PCM,105006
97,45,0,62,204,PCB,17919
96,37,0,73,206,PCB,16980
41,41,0,69,151,PCB,89488
28,47,89,0,164,PCM,42469
90,88,0,27,205,PCB,16907
94,29,80,0,203,PCM,12586
45,29,51,0,125,PCM,88143
55,73,86,0,214,PCM,7916
72,91,53,0,216,PCM,7415
37,36,0,89,162,PCB,68555
50,29,93,0,172,PCM,35749
86,25,43,0,154,PCM,55932
68,34,89,0,191,PCM,19473
88,89,0,81,258,PCB,3518
35,24,0,70,129,PCB,126901
35,36,0,94,165,PCB,62857
45,62,0,82,189,PCB,32184
80,98,0,94,272,PCB,259
50,84,0,63,197,PCB,22370
79,79,0,75,233,PCB,5634
53,23,31,0,107,PCM,102017
55,31,95,0,181,PCM,25984
66,97,0,99,262,PCB,1180
100,36,71,0,207,PCM,10630
95,74,55,0,224,PCM,5405
64,92,0,61,217,PCB,11626
88,41,0,93,222,PCB,7971
33,88,0,87,208,PCB,16875
63,37,38,0,138,PCM,72977
57,82,0,29,168,PCB,59342
88,21,0,28,137,PCB,111095
78,33,31,0,142,PCM,70137
55,52,58,0,165,PCM,41937
97,81,0,31,209,PCB,17267
63,26,0,53,142,PCB,104378
78,73,41,0,192,PCM,18663
42,24,86,0,152,PCM,57563
60,32,0,40,132,PCB,121729
41,95,48,0,184,PCM,23322
40,76,97,0,213,PCM,8464
62,59,100,0,221,PCM,6114
58,57,53,0,168,PCM,40280
34,91,0,25,150,PCB,89091
80,53,0,35,168,PCB,60118
49,42,74,0,165,PCM,42103
31,32,89,0,152,PCM,57876
51,54,54,0,159,PCM,49941
34,38,38,0,110,PCM,100922
88,56,63,0,207,PCM,10136
72,49,0,99,220,PCB,9147
26,73,0,43,142,PCB,104827
92,48,92,0,232,PCM,3884
67,46,43,0,156,PCM,53824
49,42,78,0,169,PCM,38171
52,59,39,0,150,PCM,60888
47,86,0,75,208,PCB,17478
39,67,0,23,129,PCB,125702
44,92,0,43,179,PCB,44142
74,87,0,22,183,PCB,37736
71,89,35,0,195,PCM,18150
60,60,0,51,171,PCB,53095
80,23,0,94,197,PCB,24345
59,68,94,0,221,PCM,6820
32,90,0,68,190,PCB,30934
87,98,49,0,234,PCM,3771
34,23,20,0,77,PCM,113120
33,22,0,93,148,PCB,94492
79,20,0,50,149,PCB,92301
70,90,96,0,256,PCM,2331
89,30,0,90,209,PCB,15338
39,25,0,35,99,PCB,158950
50,61,65,0,176,PCM,31971
92,77,56,0,225,PCM,4889
66,60,38,0,164,PCM,44222
59,88,56,0,203,PCM,12925
37,44,0,89,170,PCB,54577
81,24,0,86,191,PCB,28203
53,71,54,0,178,PCM,29501
35,27,93,0,155,PCM,54684
40,42,92,0,174,PCM,34146
79,83,0,100,262,PCB,2144
21,35,92,0,148,PCM,63346
94,76,20,0,190,PCM,19250
100,49,26,0,175,PCM,32214
27,21,0,41,89,PCB,167008
82,34,91,0,207,PCM,12120
94,40,32,0,166,PCM,41616
52,98,0,35,185,PCB,37137
31,60,0,58,149,PCB,92364
71,43,23,0,137,PCM,75280
50,59,30,0,139,PCM,73677
54,24,0,59,137,PCB,113197
24,83,66,0,173,PCM,34000
74,89,95,0,258,PCM,1644
80,49,0,25,154,PCB,83961
30,93,0,36,159,PCB,74812
55,22,36,0,113,PCM,98648
26,82,0,92,200,PCB,22302
53,91,77,0,221,PCM,6728
73,85,22,0,180,PCM,27683
76,23,34,0,133,PCM,78929
49,89,96,0,234,PCM,3008
94,64,0,37,195,PCB,25005
79,79,0,24,182,PCB,40507
41,23,0,25,89,PCB,166033
44,22,0,25,91,PCB,162892
61,26,0,43,130,PCB,123412
42,52,89,0,183,PCM,25570
61,53,0,24,138,PCB,111467
28,65,69,0,162,PCM,45664
52,82,0,60,194,PCB,24892
90,25,0,60,175,PCB,48997
65,62,0,42,169,PCB,56878
63,69,73,0,205,PCM,12955
49,47,0,97,193,PCB,27348
96,20,0,79,195,PCB,24384
99,40,0,70,209,PCB,16043
76,59,39,0,174,PCM,33149
77,34,53,0,164,PCM,42597
57,42,68,0,167,PCM,39727
91,24,70,0,185,PCM,22844
99,90,52,0,241,PCM,2220
50,79,56,0,185,PCM,22834
94,37,0,77,208,PCB,14679
42,92,65,0,199,PCM,15824
46,60,64,0,170,PCM,38370
51,67,27,0,145,PCM,66370
63,22,98,0,183,PCM,24123
57,38,41,0,136,PCM,75462
99,31,0,24,154,PCB,83290
80,70,90,0,240,PCM,4199
39,95,0,53,187,PCB,31823
80,65,45,0,190,PCM,19853
98,64,68,0,230,PCM,3981
81,86,30,0,197,PCM,15470
94,36,99,0,229,PCM,4211
50,61,24,0,135,PCM,78418
36,56,0,39,131,PCB,124104
37,82,67,0,186,PCM,23854
23,66,0,51,140,PCB,107400
42,72,51,0,165,PCM,43478
50,49,0,40,139,PCB,110694
45,98,90,0,233,PCM,3581
74,76,80,0,230,PCM,4477
31,45,22,0,98,PCM,107530
40,32,0,40,112,PCB,149235
82,36,0,28,146,PCB,98601
25,75,0,25,125,PCB,132122
70,65,45,0,180,PCM,27651
74,64,0,79,217,PCB,10548
71,34,0,37,142,PCB,102705
72,75,87,0,234,PCM,4374
57,71,0,53,181,PCB,40511
92,78,61,0,231,PCM,3773
20,81,84,0,185,PCM,22919
59,94,0,84,237,PCB,6665
69,75,0,54,198,PCB,23690
42,58,100,0,200,PCM,14722
37,32,93,0,162,PCM,46218
23,85,0,49,157,PCB,77713
91,64,0,99,254,PCB,1010
82,81,0,53,216,PCB,10529
28,28,40,0,96,PCM,108258
36,69,0,79,184,PCB,35757
95,46,0,84,225,PCB,7715
22,91,0,90,203,PCB,17517
52,29,0,29,110,PCB,148921
55,38,27,0,120,PCM,92840
31,93,55,0,179,PCM,29583
61,63,0,54,178,PCB,45827
52,22,0,93,167,PCB,59807
85,20,45,0,150,PCM,61176
51,50,0,73,174,PCB,51112
69,63,81,0,213,PCM,8964
100,52,43,0,195,PCM,17127
79,63,39,0,181,PCM,27165
50,91,0,38,179,PCB,41214
92,55,0,89,236,PCB,4908
40,46,0,43,129,PCB,127393
66,66,68,0,200,PCM,13571
36,45,77,0,158,PCM,51176
37,98,67,0,202,PCM,13432
23,81,94,0,198,PCM,14854
25,79,0,84,188,PCB,30697
83,27,0,95,205,PCB,16298
78,27,0,95,200,PCB,20076
81,31,0,78,190,PCB,30528
73,52,0,89,214,PCB,11801
37,37,0,22,96,PCB,162145
87,32,0,30,149,PCB,90999
61,30,0,47,138,PCB,110326
91,43,0,56,190,PCB,29200
65,36,35,0,136,PCM,76301
21,51,0,42,114,PCB,145839
96,90,0,37,223,PCB,9576
41,50,0,53,144,PCB,101828
58,26,48,0,132,PCM,79650
83,33,0,47,163,PCB,66025
83,60,77,0,220,PCM,7093
39,86,0,73,198,PCB,22027
71,57,33,0,161,PCM,46915
30,33,0,66,129,PCB,124839
35,55,0,41,131,PCB,123018
65,75,0,25,165,PCB,64462
84,78,77,0,239,PCM,2503
53,45,50,0,148,PCM,62438
89,82,0,79,250,PCB,2880
32,52,0,27,111,PCB,149346
39,80,52,0,171,PCM,36985
61,21,0,71,153,PCB,83315
69,63,89,0,221,PCM,6226
58,93,33,0,184,PCM,24259
77,40,0,44,161,PCB,69316
99,56,0,59,214,PCB,12474
91,37,72,0,200,PCM,13182
96,88,0,28,212,PCB,14333
61,66,0,39,166,PCB,63752
63,50,0,36,149,PCB,93078
98,47,0,47,192,PCB,29262
97,31,0,83,211,PCB,16066
59,94,41,0,194,PCM,18458
31,64,47,0,142,PCM,69931
76,24,47,0,147,PCM,64451
42,73,0,71,186,PCB,36119
42,94,0,34,170,PCB,55605
77,35,0,78,190,PCB,30990
94,81,0,96,271,PCB,2584
23,29,27,0,79,PCM,113899
89,89,0,57,235,PCB,4294
41,73,0,43,157,PCB,78863
76,21,21,0,118,PCM,94775
36,58,20,0,114,PCM,97826
52,55,0,29,136,PCB,113165
95,80,66,0,241,PCM,3095
36,100,0,96,232,PCB,6863
93,68,0,46,207,PCB,15683
49,88,28,0,165,PCM,42071
29,42,67,0,138,PCM,73918
27,21,0,65,113,PCB,148371
73,24,0,38,135,PCB,116204
81,71,0,98,250,PCB,2144
22,83,67,0,172,PCM,34832
21,67,0,65,153,PCB,86058
31,41,0,41,113,PCB,144845
44,48,22,0,114,PCM,95992
81,85,0,93,259,PCB,1902
68,95,33,0,196,PCM,15872
51,86,37,0,174,PCM,34030
75,92,0,48,215,PCB,11020
53,21,85,0,159,PCM,48696
31,91,0,50,172,PCB,52996
40,94,42,0,176,PCM,31729
94,24,49,0,167,PCM,40562
64,81,0,40,185,PCB,36842
54,39,0,85,178,PCB,46068
98,53,72,0,223,PCM,5846
97,38,81,0,216,PCM,7825
51,65,0,39,155,PCB,81179
46,82,63,0,191,PCM,18314
60,90,0,25,175,PCB,48062
87,52,77,0,216,PCM,8383
31,34,44,0,109,PCM,100484
39,46,78,0,163,PCM,45533
78,58,66,0,202,PCM,12975
51,22,66,0,139,PCM,74163
62,94,54,0,210,PCM,8915
59,52,0,21,132,PCB,119910
94,46,0,44,184,PCB,38407
35,78,0,43,156,PCB,80293
87,75,34,0,196,PCM,15248
34,32,0,49,115,PCB,143474
72,34,40,0,146,PCM,64817
79,93,0,50,222,PCB,8125
56,42,0,31,129,PCB,127289
41,26,0,39,106,PCB,151994
58,96,41,0,195,PCM,17730
100,84,0,20,204,PCB,18067
62,94,55,0,211,PCM,8613
98,97,57,0,252,PCM,2447
51,75,41,0,167,PCM,39461
93,29,88,0,210,PCM,8979
47,60,54,0,161,PCM,47354
80,41,0,68,189,PCB,32125
24,60,70,0,154,PCM,55490
66,83,30,0,179,PCM,28923
68,49,58,0,175,PCM,32333
53,91,74,0,218,PCM,6912
74,75,58,0,207,PCM,12315
41,77,0,85,203,PCB,20348
27,54,0,63,144,PCB,102189
57,27,89,0,173,PCM,35290
78,74,45,0,197,PCM,14791
85,93,44,0,222,PCM,5686
34,81,60,0,175,PCM,31097
62,45,88,0,195,PCM,16085
31,75,74,0,180,PCM,27499
75,52,0,75,202,PCB,21732
55,81,44,0,180,PCM,28572
66,92,61,0,219,PCM,6512
89,98,0,20,207,PCB,16532
66,79,84,0,229,PCM,4176
68,71,0,93,232,PCB,6933
68,83,36,0,187,PCM,21750
27,81,0,26,134,PCB,117111
95,43,67,0,205,PCM,11321
91,61,0,91,243,PCB,5973
76,91,33,0,200,PCM,13160
32,50,33,0,115,PCM,96570
74,91,0,62,227,PCB,8469
66,50,26,0,142,PCM,69807
66,27,0,82,175,PCB,47650
44,52,0,98,194,PCB,26243
55,23,0,74,152,PCB,88056
77,96,49,0,222,PCM,7434
70,31,94,0,195,PCM,16495
50,35,74,0,159,PCM,49755
47,23,46,0,116,PCM,94593
84,40,37,0,161,PCM,47441
79,41,0,40,160,PCB,73309
70,93,0,20,183,PCB,37247
26,28,59,0,113,PCM,98131
68,99,0,84,251,PCB,4667
97,46,83,0,226,PCM,4292
69,85,0,31,185,PCB,34345
46,84,23,0,153,PCM,55650
50,72,0,98,220,PCB,11843
95,51,43,0,189,PCM,20202
57,53,0,90,200,PCB,22608
47,100,0,91,238,PCB,6917
64,49,24,0,137,PCM,74331
42,95,0,52,189,PCB,29659
100,50,25,0,175,PCM,32437
100,63,59,0,222,PCM,5923
44,24,93,0,161,PCM,47169
88,52,42,0,182,PCM,27087
32,89,0,29,150,PCB,89613
67,66,30,0,163,PCM,44663
93,30,0,84,207,PCB,15890
100,89,88,0,277,PCM,739
30,77,60,0,167,PCM,40792
64,61,83,0,208,PCM,9713
82,42,85,0,209,PCM,9606
22,51,0,50,123,PCB,135372
61,30,36,0,127,PCM,85752
22,63,55,0,140,PCM,71727
78,57,0,26,161,PCB,69732
25,62,37,0,124,PCM,88359
27,21,23,0,71,PCM,115578
84,24,0,41,149,PCB,93448
53,86,86,0,225,PCM,4599
44,86,0,84,214,PCB,12884
28,78,0,39,145,PCB,99031
31,84,0,27,142,PCB,103838
61,51,0,79,191,PCB,29394
57,36,28,0,121,PCM,91587
33,70,0,30,133,PCB,118005
39,29,24,0,92,PCM,108882
89,84,30,0,203,PCM,12541
87,92,51,0,230,PCM,3678
35,59,0,68,162,PCB,68458
28,36,0,39,103,PCB,157054
88,70,0,43,201,PCB,21290
33,23,28,0,84,PCM,112445
47,32,41,0,120,PCM,91706
98,91,46,0,235,PCM,4900
66,59,59,0,184,PCM,23462
81,67,84,0,232,PCM,3746
41,46,0,65,152,PCB,86678
42,85,29,0,156,PCM,52981
61,100,26,0,187,PCM,22680
100,94,0,74,268,PCB,2611
39,46,37,0,122,PCM,89822
79,46,39,0,164,PCM,43537
99,35,0,23,157,PCB,77141
98,52,65,0,215,PCM,7887
43,38,53,0,134,PCM,78145
44,57,0,79,180,PCB,40197
57,68,30,0,155,PCM,54146
22,45,0,31,98,PCB,161290
46,60,26,0,132,PCM,80660
78,22,0,58,158,PCB,77233
78,79,53,0,210,PCM,8962
33,33,0,35,101,PCB,156749
86,28,56,0,170,PCM,37873
93,34,0,21,148,PCB,93800
63,33,79,0,175,PCM,33397
87,64,34,0,185,PCM,23326
83,40,97,0,220,PCM,6825
93,85,26,0,204,PCM,12112
74,33,26,0,133,PCM,79641
90,98,0,46,234,PCB,5502
70,87,0,52,209,PCB,16669
40,20,0,83,143,PCB,103641
57,81,76,0,214,PCM,9039
29,96,94,0,219,PCM,7858
55,78,21,0,154,PCM,54487
60,57,64,0,181,PCM,26271
68,47,66,0,181,PCM,25946
100,20,21,0,141,PCM,70859
28,35,0,86,149,PCB,92077
87,51,66,0,204,PCM,12590
96,93,25,0,214,PCM,9683
69,97,79,0,245,PCM,3612
67,63,62,0,192,PCM,19281
76,36,0,49,161,PCB,69935
79,23,84,0,186,PCM,22674
54,63,0,65,182,PCB,40517
38,99,0,35,172,PCB,52568
27,80,66,0,173,PCM,33668
20,40,0,58,118,PCB,141119
67,31,27,0,125,PCM,87655
38,33,0,31,102,PCB,157285
62,57,82,0,201,PCM,13167
25,65,0,26,116,PCB,144946
43,33,0,92,168,PCB,58169
36,93,46,0,175,PCM,32816
67,33,67,0,167,PCM,39867
87,70,0,98,255,PCB,3977
39,79,83,0,201,PCM,14273
67,62,83,0,212,PCM,9008
25,48,0,92,165,PCB,62462
80,64,55,0,199,PCM,15173
24,42,0,76,142,PCB,102789
39,33,52,0,124,PCM,88810
65,91,0,89,245,PCB,5585
65,26,71,0,162,PCM,46120
87,78,0,57,222,PCB,10291
48,95,0,53,196,PCB,23415
36,29,41,0,106,PCM,102472
